customer_id,city,segment
CUST1,Bangalore,Student
CUST2,Kanpur,Small Business
CUST3,Kochi,Corporate
CUST4,Madurai,Student
CUST5,Chandigarh,Corporate
CUST6,Kanpur,Corporate
CUST7,Lucknow,Corporate
CUST8,Surat,Consumer
CUST9,Kochi,Student
CUST10,Kanpur,Student
CUST11,Patna,Small Business
CUST12,Jaipur,Consumer
CUST13,Trivandrum,Consumer
CUST14,Nashik,Corporate
CUST15,Rajkot,Corporate
CUST16,Nagpur,Student
CUST17,Patna,Student
CUST18,Jaipur,Student
CUST19,Bhopal,Small Business
CUST20,Bhopal,Small Business
CUST21,Mumbai,Student
CUST22,Surat,Consumer
CUST23,Gurgaon,Student
CUST24,Madurai,Consumer
CUST25,Visakhapatnam,Student
CUST26,Surat,Corporate
CUST27,Surat,Small Business
CUST28,Coimbatore,Corporate
CUST29,Delhi,Small Business
CUST30,Nashik,Corporate
CUST31,Visakhapatnam,Corporate
CUST32,Pune,Corporate
CUST33,Ahmedabad,Student
CUST34,Chandigarh,Small Business
CUST35,Jaipur,Student
CUST36,Kolkata,Consumer
CUST37,Jodhpur,Corporate
CUST38,Ahmedabad,Corporate
CUST39,Indore,Student
CUST40,Noida,Student
CUST41,Chandigarh,Corporate
CUST42,Coimbatore,Student
CUST43,Surat,Small Business
CUST44,Bangalore,Corporate
CUST45,Visakhapatnam,Student
CUST46,Bangalore,Consumer
CUST47,Chandigarh,Small Business
CUST48,Chandigarh,Consumer
CUST49,Indore,Consumer
CUST50,Ahmedabad,Corporate
CUST51,Kanpur,Student
CUST52,Visakhapatnam,Small Business
CUST53,Lucknow,Small Business
CUST54,Bhopal,Student
CUST55,Vadodara,Small Business
CUST56,Hyderabad,Corporate
CUST57,Gurgaon,Consumer
CUST58,Kochi,Consumer
CUST59,Patna,Consumer
CUST60,Nagpur,Corporate
CUST61,Kanpur,Student
CUST62,Noida,Consumer
CUST63,Kanpur,Small Business
CUST64,Patna,Consumer
CUST65,Vadodara,Student
CUST66,Coimbatore,Student
CUST67,Noida,Student
CUST68,Vadodara,Student
CUST69,Noida,Small Business
CUST70,Rajkot,Corporate
CUST71,Mumbai,Corporate
CUST72,Noida,Consumer
CUST73,Chandigarh,Corporate
CUST74,Thane,Student
CUST75,Trivandrum,Corporate
CUST76,Chennai,Consumer
CUST77,Visakhapatnam,Corporate
CUST78,Indore,Small Business
CUST79,Thane,Student
CUST80,Indore,Corporate
CUST81,Indore,Student
CUST82,Trivandrum,Small Business
CUST83,Chandigarh,Consumer
CUST84,Vadodara,Student
CUST85,Gurgaon,Small Business
CUST86,Rajkot,Small Business
CUST87,Mumbai,Small Business
CUST88,Chennai,Corporate
CUST89,Nagpur,Corporate
CUST90,Kanpur,Student
CUST91,Coimbatore,Corporate
CUST92,Mysore,Corporate
CUST93,Madurai,Small Business
CUST94,Patna,Small Business
CUST95,Pune,Consumer
CUST96,Jodhpur,Student
CUST97,Mumbai,Small Business
CUST98,Chandigarh,Corporate
CUST99,Surat,Corporate
CUST100,Hyderabad,Student
CUST101,Vadodara,Small Business
CUST102,Madurai,Student
CUST103,Trivandrum,Small Business
CUST104,Chandigarh,Student
CUST105,Thane,Student
CUST106,Kolkata,Small Business
CUST107,Jaipur,Small Business
CUST108,Surat,Consumer
CUST109,Bangalore,Small Business
CUST110,Bhopal,Corporate
CUST111,Thane,Student
CUST112,Chandigarh,Corporate
CUST113,Indore,Student
CUST114,Visakhapatnam,Small Business
CUST115,Surat,Student
CUST116,Delhi,Consumer
CUST117,Jaipur,Corporate
CUST118,Coimbatore,Student
CUST119,Hyderabad,Corporate
CUST120,Kolkata,Consumer
CUST121,Pune,Corporate
CUST122,Kochi,Student
CUST123,Jaipur,Small Business
CUST124,Noida,Student
CUST125,Vadodara,Corporate
CUST126,Hyderabad,Small Business
CUST127,Gurgaon,Student
CUST128,Noida,Consumer
CUST129,Indore,Consumer
CUST130,Nagpur,Corporate
CUST131,Nashik,Corporate
CUST132,Madurai,Student
CUST133,Indore,Student
CUST134,Gurgaon,Small Business
CUST135,Jodhpur,Consumer
CUST136,Mumbai,Consumer
CUST137,Rajkot,Student
CUST138,Chennai,Corporate
CUST139,Hyderabad,Corporate
CUST140,Ahmedabad,Student
CUST141,Rajkot,Consumer
CUST142,Gurgaon,Consumer
CUST143,Mumbai,Corporate
CUST144,Mumbai,Student
CUST145,Thane,Consumer
CUST146,Indore,Student
CUST147,Bhopal,Student
CUST148,Visakhapatnam,Student
CUST149,Delhi,Consumer
CUST150,Kolkata,Student
CUST151,Indore,Corporate
CUST152,Indore,Student
CUST153,Lucknow,Student
CUST154,Trivandrum,Small Business
CUST155,Kolkata,Consumer
CUST156,Mumbai,Small Business
CUST157,Pune,Small Business
CUST158,Ahmedabad,Student
CUST159,Noida,Small Business
CUST160,Trivandrum,Consumer
CUST161,Nagpur,Small Business
CUST162,Patna,Student
CUST163,Gurgaon,Student
CUST164,Mumbai,Small Business
CUST165,Indore,Student
CUST166,Thane,Corporate
CUST167,Rajkot,Student
CUST168,Jaipur,Small Business
CUST169,Trivandrum,Consumer
CUST170,Mumbai,Corporate
CUST171,Madurai,Student
CUST172,Thane,Corporate
CUST173,Patna,Small Business
CUST174,Kochi,Student
CUST175,Thane,Small Business
CUST176,Delhi,Small Business
CUST177,Thane,Small Business
CUST178,Hyderabad,Consumer
CUST179,Lucknow,Consumer
CUST180,Coimbatore,Student
CUST181,Ahmedabad,Consumer
CUST182,Lucknow,Corporate
CUST183,Jaipur,Small Business
CUST184,Mysore,Corporate
CUST185,Trivandrum,Corporate
CUST186,Bhopal,Student
CUST187,Visakhapatnam,Corporate
CUST188,Jaipur,Consumer
CUST189,Kolkata,Consumer
CUST190,Trivandrum,Corporate
CUST191,Jaipur,Consumer
CUST192,Nagpur,Student
CUST193,Visakhapatnam,Corporate
CUST194,Jaipur,Corporate
CUST195,Mysore,Student
CUST196,Gurgaon,Student
CUST197,Chennai,Consumer
CUST198,Bangalore,Student
CUST199,Mumbai,Consumer
CUST200,Madurai,Consumer
CUST201,Kanpur,Corporate
CUST202,Patna,Consumer
CUST203,Gurgaon,Consumer
CUST204,Nashik,Small Business
CUST205,Hyderabad,Consumer
CUST206,Gurgaon,Small Business
CUST207,Coimbatore,Corporate
CUST208,Chandigarh,Small Business
CUST209,Thane,Student
CUST210,Mysore,Student
CUST211,Nagpur,Consumer
CUST212,Visakhapatnam,Student
CUST213,Lucknow,Student
CUST214,Surat,Small Business
CUST215,Madurai,Small Business
CUST216,Visakhapatnam,Corporate
CUST217,Delhi,Small Business
CUST218,Mysore,Student
CUST219,Lucknow,Consumer
CUST220,Kanpur,Corporate
CUST221,Thane,Student
CUST222,Patna,Small Business
CUST223,Jaipur,Corporate
CUST224,Indore,Consumer
CUST225,Hyderabad,Corporate
CUST226,Bhopal,Corporate
CUST227,Nashik,Small Business
CUST228,Nagpur,Corporate
CUST229,Lucknow,Student
CUST230,Jaipur,Corporate
CUST231,Visakhapatnam,Corporate
CUST232,Surat,Corporate
CUST233,Vadodara,Corporate
CUST234,Gurgaon,Small Business
CUST235,Madurai,Corporate
CUST236,Indore,Consumer
CUST237,Kochi,Consumer
CUST238,Ahmedabad,Student
CUST239,Gurgaon,Student
CUST240,Lucknow,Small Business
CUST241,Pune,Consumer
CUST242,Visakhapatnam,Small Business
CUST243,Indore,Consumer
CUST244,Trivandrum,Student
CUST245,Kolkata,Student
CUST246,Delhi,Consumer
CUST247,Nagpur,Consumer
CUST248,Pune,Student
CUST249,Surat,Small Business
CUST250,Pune,Corporate
CUST251,Lucknow,Corporate
CUST252,Gurgaon,Small Business
CUST253,Lucknow,Small Business
CUST254,Surat,Small Business
CUST255,Lucknow,Student
CUST256,Hyderabad,Corporate
CUST257,Kanpur,Consumer
CUST258,Kochi,Student
CUST259,Pune,Corporate
CUST260,Thane,Corporate
CUST261,Bangalore,Small Business
CUST262,Jaipur,Consumer
CUST263,Indore,Consumer
CUST264,Rajkot,Consumer
CUST265,Gurgaon,Student
CUST266,Indore,Small Business
CUST267,Nagpur,Small Business
CUST268,Jodhpur,Corporate
CUST269,Gurgaon,Small Business
CUST270,Bhopal,Consumer
CUST271,Pune,Consumer
CUST272,Trivandrum,Small Business
CUST273,Thane,Consumer
CUST274,Bhopal,Small Business
CUST275,Lucknow,Small Business
CUST276,Trivandrum,Student
CUST277,Ahmedabad,Consumer
CUST278,Bangalore,Consumer
CUST279,Ahmedabad,Consumer
CUST280,Kolkata,Corporate
CUST281,Surat,Small Business
CUST282,Bangalore,Consumer
CUST283,Rajkot,Small Business
CUST284,Coimbatore,Student
CUST285,Thane,Corporate
CUST286,Mumbai,Student
CUST287,Kolkata,Student
CUST288,Chandigarh,Small Business
CUST289,Pune,Consumer
CUST290,Vadodara,Consumer
CUST291,Lucknow,Student
CUST292,Vadodara,Corporate
CUST293,Coimbatore,Corporate
CUST294,Kochi,Small Business
CUST295,Surat,Corporate
CUST296,Chandigarh,Small Business
CUST297,Nagpur,Student
CUST298,Vadodara,Corporate
CUST299,Chandigarh,Consumer
CUST300,Kolkata,Consumer
CUST301,Gurgaon,Small Business
CUST302,Delhi,Student
CUST303,Vadodara,Consumer
CUST304,Patna,Small Business
CUST305,Patna,Small Business
CUST306,Surat,Small Business
CUST307,Lucknow,Small Business
CUST308,Patna,Corporate
CUST309,Gurgaon,Consumer
CUST310,Mysore,Corporate
CUST311,Vadodara,Consumer
CUST312,Bhopal,Consumer
CUST313,Jaipur,Corporate
CUST314,Coimbatore,Small Business
CUST315,Lucknow,Consumer
CUST316,Chandigarh,Student
CUST317,Bangalore,Student
CUST318,Rajkot,Consumer
CUST319,Chennai,Consumer
CUST320,Vadodara,Student
CUST321,Thane,Small Business
CUST322,Chandigarh,Student
CUST323,Mysore,Small Business
CUST324,Kolkata,Student
CUST325,Mumbai,Consumer
CUST326,Rajkot,Small Business
CUST327,Nagpur,Small Business
CUST328,Noida,Consumer
CUST329,Thane,Student
CUST330,Kochi,Student
CUST331,Bangalore,Corporate
CUST332,Kochi,Consumer
CUST333,Bangalore,Student
CUST334,Chandigarh,Student
CUST335,Madurai,Student
CUST336,Chennai,Corporate
CUST337,Bhopal,Small Business
CUST338,Mumbai,Consumer
CUST339,Bangalore,Corporate
CUST340,Jodhpur,Student
CUST341,Vadodara,Small Business
CUST342,Thane,Consumer
CUST343,Nashik,Student
CUST344,Lucknow,Corporate
CUST345,Ahmedabad,Student
CUST346,Chennai,Small Business
CUST347,Jodhpur,Consumer
CUST348,Jodhpur,Corporate
CUST349,Trivandrum,Student
CUST350,Bangalore,Small Business
CUST351,Kolkata,Consumer
CUST352,Ahmedabad,Student
CUST353,Surat,Consumer
CUST354,Delhi,Student
CUST355,Rajkot,Student
CUST356,Gurgaon,Corporate
CUST357,Pune,Corporate
CUST358,Gurgaon,Corporate
CUST359,Surat,Small Business
CUST360,Nashik,Student
CUST361,Ahmedabad,Consumer
CUST362,Coimbatore,Student
CUST363,Bangalore,Student
CUST364,Mysore,Corporate
CUST365,Indore,Small Business
CUST366,Bangalore,Student
CUST367,Coimbatore,Consumer
CUST368,Nagpur,Small Business
CUST369,Kanpur,Student
CUST370,Nagpur,Corporate
CUST371,Jodhpur,Student
CUST372,Kolkata,Student
CUST373,Surat,Student
CUST374,Chennai,Corporate
CUST375,Nashik,Corporate
CUST376,Rajkot,Student
CUST377,Gurgaon,Student
CUST378,Patna,Consumer
CUST379,Nashik,Consumer
CUST380,Hyderabad,Small Business
CUST381,Trivandrum,Consumer
CUST382,Jodhpur,Small Business
CUST383,Hyderabad,Corporate
CUST384,Noida,Corporate
CUST385,Gurgaon,Small Business
CUST386,Pune,Corporate
CUST387,Mysore,Student
CUST388,Madurai,Student
CUST389,Visakhapatnam,Consumer
CUST390,Mysore,Consumer
CUST391,Rajkot,Student
CUST392,Chennai,Consumer
CUST393,Pune,Student
CUST394,Rajkot,Corporate
CUST395,Patna,Consumer
CUST396,Ahmedabad,Consumer
CUST397,Delhi,Student
CUST398,Thane,Small Business
CUST399,Mysore,Student
CUST400,Nashik,Small Business
CUST401,Indore,Corporate
CUST402,Pune,Student
CUST403,Indore,Corporate
CUST404,Bangalore,Student
CUST405,Chennai,Small Business
CUST406,Indore,Student
CUST407,Ahmedabad,Small Business
CUST408,Nashik,Student
CUST409,Kolkata,Student
CUST410,Madurai,Small Business
CUST411,Lucknow,Corporate
CUST412,Chennai,Small Business
CUST413,Mumbai,Student
CUST414,Jodhpur,Student
CUST415,Thane,Consumer
CUST416,Nagpur,Small Business
CUST417,Ahmedabad,Student
CUST418,Bhopal,Consumer
CUST419,Coimbatore,Corporate
CUST420,Hyderabad,Corporate
CUST421,Visakhapatnam,Small Business
CUST422,Chennai,Corporate
CUST423,Nashik,Student
CUST424,Surat,Small Business
CUST425,Pune,Small Business
CUST426,Kochi,Small Business
CUST427,Bangalore,Small Business
CUST428,Kochi,Consumer
CUST429,Kochi,Corporate
CUST430,Indore,Corporate
CUST431,Noida,Corporate
CUST432,Madurai,Student
CUST433,Rajkot,Student
CUST434,Trivandrum,Small Business
CUST435,Chandigarh,Student
CUST436,Kochi,Small Business
CUST437,Bhopal,Corporate
CUST438,Thane,Corporate
CUST439,Surat,Small Business
CUST440,Mysore,Small Business
CUST441,Rajkot,Student
CUST442,Jodhpur,Consumer
CUST443,Ahmedabad,Corporate
CUST444,Ahmedabad,Small Business
CUST445,Rajkot,Corporate
CUST446,Lucknow,Consumer
CUST447,Noida,Consumer
CUST448,Trivandrum,Corporate
CUST449,Ahmedabad,Student
CUST450,Mumbai,Consumer
CUST451,Ahmedabad,Small Business
CUST452,Jaipur,Small Business
CUST453,Jodhpur,Consumer
CUST454,Indore,Student
CUST455,Chandigarh,Consumer
CUST456,Kochi,Small Business
CUST457,Mumbai,Corporate
CUST458,Kolkata,Small Business
CUST459,Noida,Corporate
CUST460,Delhi,Corporate
CUST461,Pune,Corporate
CUST462,Visakhapatnam,Small Business
CUST463,Nashik,Corporate
CUST464,Thane,Corporate
CUST465,Mumbai,Consumer
CUST466,Delhi,Small Business
CUST467,Bangalore,Small Business
CUST468,Trivandrum,Small Business
CUST469,Delhi,Small Business
CUST470,Indore,Consumer
CUST471,Surat,Corporate
CUST472,Kanpur,Student
CUST473,Jaipur,Corporate
CUST474,Coimbatore,Consumer
CUST475,Gurgaon,Corporate
CUST476,Gurgaon,Corporate
CUST477,Jodhpur,Corporate
CUST478,Bhopal,Corporate
CUST479,Gurgaon,Consumer
CUST480,Vadodara,Corporate
CUST481,Ahmedabad,Small Business
CUST482,Surat,Consumer
CUST483,Ahmedabad,Corporate
CUST484,Coimbatore,Student
CUST485,Noida,Corporate
CUST486,Thane,Consumer
CUST487,Visakhapatnam,Small Business
CUST488,Patna,Corporate
CUST489,Jaipur,Student
CUST490,Mysore,Consumer
CUST491,Vadodara,Corporate
CUST492,Surat,Corporate
CUST493,Surat,Student
CUST494,Hyderabad,Consumer
CUST495,Kolkata,Corporate
CUST496,Patna,Student
CUST497,Chandigarh,Consumer
CUST498,Surat,Corporate
CUST499,Visakhapatnam,Corporate
CUST500,Surat,Small Business
CUST501,Visakhapatnam,Consumer
CUST502,Rajkot,Corporate
CUST503,Trivandrum,Small Business
CUST504,Trivandrum,Small Business
CUST505,Nagpur,Consumer
CUST506,Mumbai,Consumer
CUST507,Vadodara,Small Business
CUST508,Gurgaon,Consumer
CUST509,Kolkata,Small Business
CUST510,Coimbatore,Consumer
CUST511,Delhi,Student
CUST512,Mysore,Student
CUST513,Ahmedabad,Small Business
CUST514,Jaipur,Small Business
CUST515,Madurai,Corporate
CUST516,Bangalore,Consumer
CUST517,Hyderabad,Student
CUST518,Jodhpur,Student
CUST519,Mysore,Small Business
CUST520,Kanpur,Small Business
CUST521,Chandigarh,Consumer
CUST522,Chandigarh,Small Business
CUST523,Coimbatore,Consumer
CUST524,Mysore,Corporate
CUST525,Jaipur,Small Business
CUST526,Hyderabad,Consumer
CUST527,Madurai,Student
CUST528,Vadodara,Corporate
CUST529,Indore,Student
CUST530,Surat,Student
CUST531,Mysore,Corporate
CUST532,Lucknow,Small Business
CUST533,Pune,Corporate
CUST534,Patna,Student
CUST535,Madurai,Corporate
CUST536,Nagpur,Student
CUST537,Hyderabad,Small Business
CUST538,Bhopal,Student
CUST539,Gurgaon,Student
CUST540,Kochi,Student
CUST541,Vadodara,Corporate
CUST542,Noida,Student
CUST543,Thane,Corporate
CUST544,Indore,Small Business
CUST545,Bhopal,Consumer
CUST546,Bangalore,Corporate
CUST547,Thane,Corporate
CUST548,Jodhpur,Small Business
CUST549,Lucknow,Consumer
CUST550,Mysore,Small Business
CUST551,Chennai,Student
CUST552,Mysore,Corporate
CUST553,Nashik,Small Business
CUST554,Hyderabad,Small Business
CUST555,Patna,Student
CUST556,Kochi,Student
CUST557,Coimbatore,Corporate
CUST558,Mumbai,Small Business
CUST559,Nashik,Corporate
CUST560,Bhopal,Student
CUST561,Ahmedabad,Corporate
CUST562,Kochi,Consumer
CUST563,Bangalore,Consumer
CUST564,Nashik,Student
CUST565,Surat,Consumer
CUST566,Lucknow,Student
CUST567,Rajkot,Student
CUST568,Kanpur,Student
CUST569,Delhi,Consumer
CUST570,Mumbai,Consumer
CUST571,Bhopal,Corporate
CUST572,Kochi,Consumer
CUST573,Mysore,Small Business
CUST574,Madurai,Consumer
CUST575,Ahmedabad,Student
CUST576,Kanpur,Student
CUST577,Patna,Small Business
CUST578,Gurgaon,Student
CUST579,Thane,Consumer
CUST580,Coimbatore,Consumer
CUST581,Kochi,Consumer
CUST582,Nagpur,Corporate
CUST583,Madurai,Student
CUST584,Nagpur,Student
CUST585,Chennai,Consumer
CUST586,Kochi,Small Business
CUST587,Nagpur,Corporate
CUST588,Indore,Corporate
CUST589,Thane,Small Business
CUST590,Delhi,Corporate
CUST591,Thane,Consumer
CUST592,Nagpur,Small Business
CUST593,Surat,Student
CUST594,Chennai,Student
CUST595,Indore,Consumer
CUST596,Rajkot,Small Business
CUST597,Vadodara,Student
CUST598,Madurai,Corporate
CUST599,Lucknow,Student
CUST600,Trivandrum,Small Business
CUST601,Chandigarh,Corporate
CUST602,Jodhpur,Small Business
CUST603,Coimbatore,Student
CUST604,Noida,Corporate
CUST605,Nashik,Corporate
CUST606,Nashik,Corporate
CUST607,Visakhapatnam,Consumer
CUST608,Chandigarh,Small Business
CUST609,Coimbatore,Small Business
CUST610,Chandigarh,Consumer
CUST611,Madurai,Student
CUST612,Thane,Student
CUST613,Bhopal,Corporate
CUST614,Kochi,Corporate
CUST615,Patna,Corporate
CUST616,Bangalore,Consumer
CUST617,Hyderabad,Student
CUST618,Kolkata,Small Business
CUST619,Thane,Student
CUST620,Bhopal,Corporate
CUST621,Gurgaon,Small Business
CUST622,Kochi,Student
CUST623,Indore,Small Business
CUST624,Lucknow,Small Business
CUST625,Rajkot,Corporate
CUST626,Coimbatore,Consumer
CUST627,Patna,Student
CUST628,Surat,Student
CUST629,Nashik,Corporate
CUST630,Coimbatore,Student
CUST631,Lucknow,Small Business
CUST632,Jodhpur,Student
CUST633,Thane,Small Business
CUST634,Delhi,Consumer
CUST635,Patna,Corporate
CUST636,Hyderabad,Student
CUST637,Delhi,Small Business
CUST638,Chennai,Consumer
CUST639,Patna,Small Business
CUST640,Mumbai,Consumer
CUST641,Indore,Consumer
CUST642,Ahmedabad,Student
CUST643,Bangalore,Small Business
CUST644,Hyderabad,Student
CUST645,Nashik,Student
CUST646,Ahmedabad,Small Business
CUST647,Kanpur,Student
CUST648,Delhi,Consumer
CUST649,Bangalore,Student
CUST650,Jodhpur,Student
CUST651,Gurgaon,Small Business
CUST652,Patna,Corporate
CUST653,Indore,Corporate
CUST654,Thane,Consumer
CUST655,Kochi,Corporate
CUST656,Lucknow,Corporate
CUST657,Chennai,Consumer
CUST658,Madurai,Small Business
CUST659,Jaipur,Small Business
CUST660,Gurgaon,Student
CUST661,Jodhpur,Student
CUST662,Madurai,Small Business
CUST663,Ahmedabad,Consumer
CUST664,Bangalore,Student
CUST665,Gurgaon,Small Business
CUST666,Kolkata,Corporate
CUST667,Ahmedabad,Corporate
CUST668,Gurgaon,Corporate
CUST669,Visakhapatnam,Consumer
CUST670,Hyderabad,Consumer
CUST671,Kanpur,Corporate
CUST672,Thane,Consumer
CUST673,Indore,Small Business
CUST674,Bhopal,Student
CUST675,Mysore,Corporate
CUST676,Noida,Student
CUST677,Patna,Corporate
CUST678,Vadodara,Student
CUST679,Nashik,Corporate
CUST680,Mumbai,Small Business
CUST681,Bangalore,Consumer
CUST682,Bhopal,Consumer
CUST683,Patna,Student
CUST684,Gurgaon,Corporate
CUST685,Lucknow,Corporate
CUST686,Trivandrum,Consumer
CUST687,Noida,Consumer
CUST688,Madurai,Small Business
CUST689,Hyderabad,Small Business
CUST690,Trivandrum,Small Business
CUST691,Visakhapatnam,Corporate
CUST692,Mumbai,Student
CUST693,Pune,Consumer
CUST694,Kanpur,Consumer
CUST695,Lucknow,Corporate
CUST696,Surat,Corporate
CUST697,Rajkot,Corporate
CUST698,Kanpur,Student
CUST699,Hyderabad,Corporate
CUST700,Indore,Corporate
CUST701,Indore,Student
CUST702,Mysore,Consumer
CUST703,Jodhpur,Corporate
CUST704,Gurgaon,Small Business
CUST705,Hyderabad,Small Business
CUST706,Delhi,Corporate
CUST707,Hyderabad,Consumer
CUST708,Mysore,Small Business
CUST709,Jodhpur,Corporate
CUST710,Lucknow,Consumer
CUST711,Nagpur,Consumer
CUST712,Jaipur,Corporate
CUST713,Indore,Small Business
CUST714,Nashik,Small Business
CUST715,Trivandrum,Corporate
CUST716,Jaipur,Consumer
CUST717,Noida,Small Business
CUST718,Visakhapatnam,Student
CUST719,Kolkata,Corporate
CUST720,Bangalore,Small Business
CUST721,Visakhapatnam,Student
CUST722,Vadodara,Student
CUST723,Chennai,Small Business
CUST724,Jodhpur,Corporate
CUST725,Hyderabad,Student
CUST726,Mysore,Small Business
CUST727,Chandigarh,Consumer
CUST728,Mysore,Small Business
CUST729,Kanpur,Consumer
CUST730,Delhi,Consumer
CUST731,Lucknow,Small Business
CUST732,Hyderabad,Small Business
CUST733,Bhopal,Consumer
CUST734,Nashik,Small Business
CUST735,Nagpur,Small Business
CUST736,Jaipur,Student
CUST737,Trivandrum,Student
CUST738,Bangalore,Corporate
CUST739,Indore,Small Business
CUST740,Patna,Student
CUST741,Kochi,Consumer
CUST742,Bhopal,Student
CUST743,Rajkot,Consumer
CUST744,Nagpur,Consumer
CUST745,Jaipur,Small Business
CUST746,Jodhpur,Small Business
CUST747,Bangalore,Consumer
CUST748,Lucknow,Consumer
CUST749,Pune,Consumer
CUST750,Thane,Corporate
CUST751,Ahmedabad,Small Business
CUST752,Jodhpur,Small Business
CUST753,Visakhapatnam,Corporate
CUST754,Jodhpur,Consumer
CUST755,Jodhpur,Consumer
CUST756,Chennai,Corporate
CUST757,Trivandrum,Small Business
CUST758,Jodhpur,Corporate
CUST759,Jaipur,Corporate
CUST760,Surat,Small Business
CUST761,Patna,Small Business
CUST762,Surat,Student
CUST763,Thane,Consumer
CUST764,Visakhapatnam,Small Business
CUST765,Rajkot,Small Business
CUST766,Hyderabad,Consumer
CUST767,Kolkata,Corporate
CUST768,Rajkot,Consumer
CUST769,Jodhpur,Corporate
CUST770,Mysore,Corporate
CUST771,Patna,Student
CUST772,Kochi,Corporate
CUST773,Noida,Corporate
CUST774,Nashik,Small Business
CUST775,Mumbai,Corporate
CUST776,Lucknow,Corporate
CUST777,Lucknow,Student
CUST778,Nagpur,Student
CUST779,Kolkata,Student
CUST780,Rajkot,Corporate
CUST781,Rajkot,Small Business
CUST782,Ahmedabad,Small Business
CUST783,Ahmedabad,Corporate
CUST784,Surat,Small Business
CUST785,Hyderabad,Corporate
CUST786,Bhopal,Small Business
CUST787,Hyderabad,Corporate
CUST788,Kolkata,Corporate
CUST789,Trivandrum,Student
CUST790,Lucknow,Corporate
CUST791,Bangalore,Consumer
CUST792,Noida,Consumer
CUST793,Mumbai,Corporate
CUST794,Jodhpur,Consumer
CUST795,Mysore,Small Business
CUST796,Bhopal,Consumer
CUST797,Noida,Corporate
CUST798,Visakhapatnam,Consumer
CUST799,Lucknow,Student
CUST800,Kochi,Consumer
CUST801,Visakhapatnam,Corporate
CUST802,Surat,Consumer
CUST803,Kochi,Student
CUST804,Nagpur,Consumer
CUST805,Gurgaon,Student
CUST806,Thane,Consumer
CUST807,Coimbatore,Consumer
CUST808,Trivandrum,Student
CUST809,Mumbai,Student
CUST810,Chandigarh,Consumer
CUST811,Thane,Consumer
CUST812,Vadodara,Student
CUST813,Delhi,Student
CUST814,Jodhpur,Consumer
CUST815,Indore,Consumer
CUST816,Kanpur,Corporate
CUST817,Noida,Corporate
CUST818,Vadodara,Consumer
CUST819,Madurai,Consumer
CUST820,Kanpur,Corporate
CUST821,Mysore,Consumer
CUST822,Thane,Small Business
CUST823,Madurai,Consumer
CUST824,Visakhapatnam,Consumer
CUST825,Ahmedabad,Student
CUST826,Patna,Consumer
CUST827,Mumbai,Small Business
CUST828,Chennai,Small Business
CUST829,Kochi,Corporate
CUST830,Bangalore,Small Business
CUST831,Coimbatore,Small Business
CUST832,Surat,Student
CUST833,Pune,Student
CUST834,Indore,Consumer
CUST835,Indore,Corporate
CUST836,Vadodara,Student
CUST837,Madurai,Consumer
CUST838,Coimbatore,Consumer
CUST839,Kochi,Consumer
CUST840,Ahmedabad,Consumer
CUST841,Lucknow,Consumer
CUST842,Thane,Consumer
CUST843,Kanpur,Small Business
CUST844,Mumbai,Corporate
CUST845,Mysore,Small Business
CUST846,Mumbai,Consumer
CUST847,Indore,Corporate
CUST848,Vadodara,Small Business
CUST849,Mumbai,Corporate
CUST850,Bangalore,Corporate
CUST851,Nagpur,Student
CUST852,Nagpur,Corporate
CUST853,Jodhpur,Corporate
CUST854,Bhopal,Student
CUST855,Jodhpur,Corporate
CUST856,Kanpur,Student
CUST857,Bangalore,Small Business
CUST858,Visakhapatnam,Consumer
CUST859,Mysore,Consumer
CUST860,Visakhapatnam,Small Business
CUST861,Chandigarh,Corporate
CUST862,Kochi,Small Business
CUST863,Pune,Small Business
CUST864,Coimbatore,Corporate
CUST865,Mumbai,Consumer
CUST866,Lucknow,Corporate
CUST867,Chandigarh,Small Business
CUST868,Hyderabad,Corporate
CUST869,Hyderabad,Small Business
CUST870,Jodhpur,Corporate
CUST871,Chandigarh,Corporate
CUST872,Patna,Student
CUST873,Bhopal,Student
CUST874,Chandigarh,Student
CUST875,Indore,Consumer
CUST876,Visakhapatnam,Small Business
CUST877,Hyderabad,Consumer
CUST878,Patna,Small Business
CUST879,Trivandrum,Small Business
CUST880,Trivandrum,Student
CUST881,Kanpur,Student
CUST882,Jaipur,Student
CUST883,Thane,Student
CUST884,Hyderabad,Consumer
CUST885,Kanpur,Student
CUST886,Visakhapatnam,Corporate
CUST887,Vadodara,Consumer
CUST888,Gurgaon,Student
CUST889,Jaipur,Consumer
CUST890,Kochi,Small Business
CUST891,Vadodara,Consumer
CUST892,Coimbatore,Consumer
CUST893,Jaipur,Consumer
CUST894,Jodhpur,Corporate
CUST895,Vadodara,Small Business
CUST896,Visakhapatnam,Corporate
CUST897,Patna,Student
CUST898,Ahmedabad,Corporate
CUST899,Mysore,Student
CUST900,Nashik,Corporate
CUST901,Noida,Small Business
CUST902,Nagpur,Small Business
CUST903,Surat,Student
CUST904,Madurai,Small Business
CUST905,Hyderabad,Consumer
CUST906,Nagpur,Consumer
CUST907,Madurai,Small Business
CUST908,Vadodara,Consumer
CUST909,Chennai,Consumer
CUST910,Bangalore,Consumer
CUST911,Nashik,Student
CUST912,Mumbai,Student
CUST913,Surat,Consumer
CUST914,Thane,Corporate
CUST915,Indore,Corporate
CUST916,Kanpur,Small Business
CUST917,Nashik,Small Business
CUST918,Nagpur,Small Business
CUST919,Mumbai,Student
CUST920,Pune,Small Business
CUST921,Surat,Consumer
CUST922,Kanpur,Student
CUST923,Jodhpur,Corporate
CUST924,Bangalore,Student
CUST925,Patna,Small Business
CUST926,Hyderabad,Small Business
CUST927,Jaipur,Small Business
CUST928,Pune,Student
CUST929,Bangalore,Corporate
CUST930,Nagpur,Student
CUST931,Coimbatore,Small Business
CUST932,Nagpur,Small Business
CUST933,Bangalore,Student
CUST934,Chandigarh,Consumer
CUST935,Noida,Corporate
CUST936,Rajkot,Small Business
CUST937,Nashik,Corporate
CUST938,Gurgaon,Consumer
CUST939,Ahmedabad,Small Business
CUST940,Trivandrum,Consumer
CUST941,Surat,Corporate
CUST942,Pune,Small Business
CUST943,Chandigarh,Small Business
CUST944,Hyderabad,Corporate
CUST945,Nagpur,Consumer
CUST946,Hyderabad,Student
CUST947,Noida,Student
CUST948,Trivandrum,Small Business
CUST949,Indore,Small Business
CUST950,Kolkata,Student
CUST951,Trivandrum,Consumer
CUST952,Delhi,Student
CUST953,Gurgaon,Small Business
CUST954,Kochi,Small Business
CUST955,Indore,Corporate
CUST956,Bhopal,Small Business
CUST957,Noida,Small Business
CUST958,Patna,Corporate
CUST959,Kochi,Consumer
CUST960,Mysore,Consumer
CUST961,Mysore,Consumer
CUST962,Kolkata,Corporate
CUST963,Visakhapatnam,Student
CUST964,Mysore,Corporate
CUST965,Surat,Student
CUST966,Coimbatore,Consumer
CUST967,Gurgaon,Consumer
CUST968,Thane,Student
CUST969,Kolkata,Small Business
CUST970,Bhopal,Consumer
CUST971,Madurai,Corporate
CUST972,Mumbai,Consumer
CUST973,Vadodara,Consumer
CUST974,Patna,Consumer
CUST975,Coimbatore,Student
CUST976,Ahmedabad,Small Business
CUST977,Nashik,Consumer
CUST978,Lucknow,Consumer
CUST979,Jaipur,Consumer
CUST980,Gurgaon,Consumer
CUST981,Jodhpur,Corporate
CUST982,Pune,Small Business
CUST983,Jodhpur,Student
CUST984,Hyderabad,Consumer
CUST985,Lucknow,Corporate
CUST986,Patna,Consumer
CUST987,Ahmedabad,Student
CUST988,Jaipur,Student
CUST989,Mumbai,Student
CUST990,Jodhpur,Small Business
CUST991,Chandigarh,Student
CUST992,Hyderabad,Student
CUST993,Chennai,Consumer
CUST994,Kanpur,Corporate
CUST995,Pune,Small Business
CUST996,Jodhpur,Student
CUST997,Nagpur,Consumer
CUST998,Gurgaon,Corporate
CUST999,Noida,Small Business
CUST1000,Mumbai,Small Business
CUST1001,Nashik,Small Business
CUST1002,Jodhpur,Consumer
CUST1003,Thane,Corporate
CUST1004,Pune,Consumer
CUST1005,Lucknow,Consumer
CUST1006,Mumbai,Small Business
CUST1007,Kochi,Small Business
CUST1008,Bhopal,Consumer
CUST1009,Thane,Student
CUST1010,Visakhapatnam,Corporate
CUST1011,Coimbatore,Consumer
CUST1012,Indore,Corporate
CUST1013,Kanpur,Student
CUST1014,Kochi,Corporate
CUST1015,Trivandrum,Corporate
CUST1016,Delhi,Student
CUST1017,Pune,Student
CUST1018,Pune,Corporate
CUST1019,Madurai,Small Business
CUST1020,Mysore,Small Business
CUST1021,Trivandrum,Consumer
CUST1022,Kolkata,Consumer
CUST1023,Madurai,Student
CUST1024,Indore,Corporate
CUST1025,Ahmedabad,Small Business
CUST1026,Jaipur,Consumer
CUST1027,Jaipur,Small Business
CUST1028,Surat,Small Business
CUST1029,Trivandrum,Corporate
CUST1030,Kanpur,Small Business
CUST1031,Pune,Consumer
CUST1032,Mysore,Small Business
CUST1033,Bhopal,Consumer
CUST1034,Bhopal,Small Business
CUST1035,Noida,Student
CUST1036,Delhi,Small Business
CUST1037,Chandigarh,Corporate
CUST1038,Ahmedabad,Corporate
CUST1039,Bhopal,Consumer
CUST1040,Ahmedabad,Consumer
CUST1041,Nashik,Consumer
CUST1042,Indore,Student
CUST1043,Chennai,Corporate
CUST1044,Ahmedabad,Small Business
CUST1045,Thane,Consumer
CUST1046,Jaipur,Corporate
CUST1047,Mumbai,Corporate
CUST1048,Nagpur,Student
CUST1049,Rajkot,Student
CUST1050,Jodhpur,Corporate
CUST1051,Hyderabad,Corporate
CUST1052,Indore,Student
CUST1053,Rajkot,Consumer
CUST1054,Nagpur,Consumer
CUST1055,Bhopal,Student
CUST1056,Madurai,Small Business
CUST1057,Bangalore,Consumer
CUST1058,Visakhapatnam,Small Business
CUST1059,Rajkot,Small Business
CUST1060,Ahmedabad,Consumer
CUST1061,Delhi,Corporate
CUST1062,Bhopal,Small Business
CUST1063,Kochi,Consumer
CUST1064,Chennai,Student
CUST1065,Bangalore,Small Business
CUST1066,Visakhapatnam,Small Business
CUST1067,Bangalore,Consumer
CUST1068,Nagpur,Corporate
CUST1069,Jodhpur,Small Business
CUST1070,Thane,Student
CUST1071,Chennai,Student
CUST1072,Jaipur,Consumer
CUST1073,Rajkot,Corporate
CUST1074,Vadodara,Consumer
CUST1075,Kolkata,Consumer
CUST1076,Gurgaon,Student
CUST1077,Jaipur,Student
CUST1078,Trivandrum,Student
CUST1079,Rajkot,Consumer
CUST1080,Indore,Small Business
CUST1081,Nashik,Corporate
CUST1082,Hyderabad,Student
CUST1083,Rajkot,Consumer
CUST1084,Patna,Corporate
CUST1085,Coimbatore,Student
CUST1086,Mumbai,Student
CUST1087,Vadodara,Corporate
CUST1088,Chandigarh,Small Business
CUST1089,Hyderabad,Corporate
CUST1090,Hyderabad,Corporate
CUST1091,Bangalore,Corporate
CUST1092,Bangalore,Consumer
CUST1093,Nashik,Corporate
CUST1094,Thane,Consumer
CUST1095,Jaipur,Small Business
CUST1096,Mumbai,Consumer
CUST1097,Surat,Small Business
CUST1098,Thane,Student
CUST1099,Mysore,Small Business
CUST1100,Trivandrum,Small Business
CUST1101,Surat,Student
CUST1102,Mumbai,Corporate
CUST1103,Rajkot,Corporate
CUST1104,Madurai,Small Business
CUST1105,Chandigarh,Student
CUST1106,Bhopal,Small Business
CUST1107,Nashik,Corporate
CUST1108,Madurai,Student
CUST1109,Madurai,Student
CUST1110,Madurai,Small Business
CUST1111,Jaipur,Small Business
CUST1112,Jodhpur,Corporate
CUST1113,Bangalore,Corporate
CUST1114,Surat,Corporate
CUST1115,Madurai,Corporate
CUST1116,Rajkot,Consumer
CUST1117,Surat,Student
CUST1118,Gurgaon,Consumer
CUST1119,Chennai,Student
CUST1120,Mysore,Corporate
CUST1121,Trivandrum,Consumer
CUST1122,Kanpur,Corporate
CUST1123,Kochi,Small Business
CUST1124,Bhopal,Consumer
CUST1125,Kochi,Small Business
CUST1126,Noida,Small Business
CUST1127,Coimbatore,Corporate
CUST1128,Nashik,Consumer
CUST1129,Visakhapatnam,Small Business
CUST1130,Indore,Consumer
CUST1131,Kolkata,Consumer
CUST1132,Vadodara,Consumer
CUST1133,Coimbatore,Corporate
CUST1134,Chandigarh,Small Business
CUST1135,Ahmedabad,Student
CUST1136,Noida,Consumer
CUST1137,Gurgaon,Small Business
CUST1138,Pune,Student
CUST1139,Chandigarh,Small Business
CUST1140,Rajkot,Corporate
CUST1141,Bhopal,Small Business
CUST1142,Noida,Small Business
CUST1143,Mysore,Small Business
CUST1144,Ahmedabad,Consumer
CUST1145,Visakhapatnam,Consumer
CUST1146,Nashik,Consumer
CUST1147,Bhopal,Student
CUST1148,Rajkot,Small Business
CUST1149,Chennai,Small Business
CUST1150,Mumbai,Small Business
CUST1151,Surat,Consumer
CUST1152,Nashik,Consumer
CUST1153,Bangalore,Corporate
CUST1154,Kanpur,Small Business
CUST1155,Rajkot,Student
CUST1156,Noida,Small Business
CUST1157,Coimbatore,Consumer
CUST1158,Noida,Corporate
CUST1159,Surat,Small Business
CUST1160,Jodhpur,Student
CUST1161,Nashik,Consumer
CUST1162,Gurgaon,Student
CUST1163,Pune,Small Business
CUST1164,Surat,Corporate
CUST1165,Ahmedabad,Student
CUST1166,Chennai,Small Business
CUST1167,Surat,Corporate
CUST1168,Jodhpur,Consumer
CUST1169,Jaipur,Small Business
CUST1170,Chandigarh,Corporate
CUST1171,Kolkata,Corporate
CUST1172,Jaipur,Student
CUST1173,Rajkot,Consumer
CUST1174,Nashik,Student
CUST1175,Lucknow,Small Business
CUST1176,Gurgaon,Small Business
CUST1177,Rajkot,Corporate
CUST1178,Surat,Student
CUST1179,Kolkata,Consumer
CUST1180,Surat,Consumer
CUST1181,Nagpur,Corporate
CUST1182,Madurai,Consumer
CUST1183,Mysore,Corporate
CUST1184,Thane,Small Business
CUST1185,Coimbatore,Small Business
CUST1186,Noida,Small Business
CUST1187,Nagpur,Corporate
CUST1188,Chandigarh,Consumer
CUST1189,Rajkot,Small Business
CUST1190,Jodhpur,Consumer
CUST1191,Noida,Corporate
CUST1192,Thane,Student
CUST1193,Mumbai,Corporate
CUST1194,Thane,Small Business
CUST1195,Vadodara,Small Business
CUST1196,Noida,Student
CUST1197,Surat,Corporate
CUST1198,Vadodara,Consumer
CUST1199,Rajkot,Consumer
CUST1200,Thane,Small Business
CUST1201,Chennai,Corporate
CUST1202,Jodhpur,Student
CUST1203,Chennai,Student
CUST1204,Patna,Corporate
CUST1205,Bangalore,Corporate
CUST1206,Pune,Corporate
CUST1207,Patna,Corporate
CUST1208,Thane,Small Business
CUST1209,Mumbai,Small Business
CUST1210,Ahmedabad,Small Business
CUST1211,Noida,Consumer
CUST1212,Vadodara,Consumer
CUST1213,Rajkot,Student
CUST1214,Nashik,Consumer
CUST1215,Nagpur,Small Business
CUST1216,Kanpur,Consumer
CUST1217,Patna,Corporate
CUST1218,Mumbai,Small Business
CUST1219,Mumbai,Consumer
CUST1220,Thane,Student
CUST1221,Jodhpur,Student
CUST1222,Delhi,Corporate
CUST1223,Mysore,Corporate
CUST1224,Delhi,Small Business
CUST1225,Mumbai,Corporate
CUST1226,Visakhapatnam,Consumer
CUST1227,Delhi,Small Business
CUST1228,Thane,Student
CUST1229,Chennai,Student
CUST1230,Nagpur,Small Business
CUST1231,Nashik,Student
CUST1232,Vadodara,Consumer
CUST1233,Surat,Small Business
CUST1234,Visakhapatnam,Small Business
CUST1235,Mumbai,Small Business
CUST1236,Delhi,Consumer
CUST1237,Jaipur,Student
CUST1238,Chandigarh,Student
CUST1239,Jaipur,Corporate
CUST1240,Mysore,Consumer
CUST1241,Patna,Consumer
CUST1242,Ahmedabad,Small Business
CUST1243,Vadodara,Consumer
CUST1244,Rajkot,Student
CUST1245,Noida,Small Business
CUST1246,Noida,Corporate
CUST1247,Visakhapatnam,Small Business
CUST1248,Trivandrum,Student
CUST1249,Kolkata,Consumer
CUST1250,Bhopal,Corporate
CUST1251,Delhi,Consumer
CUST1252,Kolkata,Small Business
CUST1253,Mumbai,Corporate
CUST1254,Bhopal,Corporate
CUST1255,Jodhpur,Small Business
CUST1256,Madurai,Consumer
CUST1257,Visakhapatnam,Small Business
CUST1258,Jodhpur,Consumer
CUST1259,Thane,Small Business
CUST1260,Thane,Small Business
CUST1261,Noida,Small Business
CUST1262,Trivandrum,Corporate
CUST1263,Lucknow,Small Business
CUST1264,Vadodara,Small Business
CUST1265,Kochi,Student
CUST1266,Madurai,Small Business
CUST1267,Rajkot,Small Business
CUST1268,Madurai,Consumer
CUST1269,Nashik,Corporate
CUST1270,Madurai,Student
CUST1271,Chennai,Corporate
CUST1272,Kolkata,Small Business
CUST1273,Delhi,Student
CUST1274,Chennai,Consumer
CUST1275,Ahmedabad,Small Business
CUST1276,Jodhpur,Corporate
CUST1277,Bhopal,Corporate
CUST1278,Bhopal,Consumer
CUST1279,Vadodara,Small Business
CUST1280,Noida,Consumer
CUST1281,Jodhpur,Student
CUST1282,Gurgaon,Student
CUST1283,Jaipur,Student
CUST1284,Nashik,Corporate
CUST1285,Madurai,Student
CUST1286,Chandigarh,Student
CUST1287,Nagpur,Small Business
CUST1288,Thane,Consumer
CUST1289,Rajkot,Consumer
CUST1290,Vadodara,Student
CUST1291,Chandigarh,Consumer
CUST1292,Hyderabad,Corporate
CUST1293,Patna,Corporate
CUST1294,Kochi,Corporate
CUST1295,Jaipur,Consumer
CUST1296,Kochi,Consumer
CUST1297,Vadodara,Student
CUST1298,Gurgaon,Corporate
CUST1299,Nagpur,Corporate
CUST1300,Surat,Small Business
CUST1301,Thane,Corporate
CUST1302,Nagpur,Small Business
CUST1303,Coimbatore,Consumer
CUST1304,Trivandrum,Student
CUST1305,Kanpur,Student
CUST1306,Rajkot,Consumer
CUST1307,Patna,Small Business
CUST1308,Mumbai,Small Business
CUST1309,Gurgaon,Consumer
CUST1310,Nashik,Corporate
CUST1311,Madurai,Consumer
CUST1312,Nagpur,Corporate
CUST1313,Nashik,Small Business
CUST1314,Vadodara,Student
CUST1315,Hyderabad,Corporate
CUST1316,Indore,Corporate
CUST1317,Indore,Corporate
CUST1318,Mumbai,Small Business
CUST1319,Bhopal,Small Business
CUST1320,Bangalore,Small Business
CUST1321,Chennai,Small Business
CUST1322,Bangalore,Student
CUST1323,Coimbatore,Student
CUST1324,Madurai,Student
CUST1325,Lucknow,Corporate
CUST1326,Noida,Corporate
CUST1327,Chennai,Student
CUST1328,Trivandrum,Student
CUST1329,Kolkata,Student
CUST1330,Ahmedabad,Small Business
CUST1331,Delhi,Student
CUST1332,Jodhpur,Corporate
CUST1333,Jaipur,Consumer
CUST1334,Gurgaon,Consumer
CUST1335,Jodhpur,Student
CUST1336,Ahmedabad,Consumer
CUST1337,Coimbatore,Consumer
CUST1338,Chennai,Corporate
CUST1339,Chennai,Consumer
CUST1340,Jodhpur,Consumer
CUST1341,Kolkata,Consumer
CUST1342,Vadodara,Corporate
CUST1343,Mysore,Corporate
CUST1344,Thane,Small Business
CUST1345,Surat,Student
CUST1346,Ahmedabad,Small Business
CUST1347,Jaipur,Consumer
CUST1348,Rajkot,Student
CUST1349,Bhopal,Consumer
CUST1350,Indore,Student
CUST1351,Pune,Consumer
CUST1352,Surat,Consumer
CUST1353,Ahmedabad,Consumer
CUST1354,Visakhapatnam,Small Business
CUST1355,Surat,Consumer
CUST1356,Lucknow,Small Business
CUST1357,Kanpur,Small Business
CUST1358,Jodhpur,Student
CUST1359,Lucknow,Student
CUST1360,Hyderabad,Small Business
CUST1361,Kolkata,Small Business
CUST1362,Nagpur,Student
CUST1363,Pune,Small Business
CUST1364,Bangalore,Student
CUST1365,Hyderabad,Consumer
CUST1366,Patna,Corporate
CUST1367,Noida,Corporate
CUST1368,Jaipur,Corporate
CUST1369,Noida,Student
CUST1370,Surat,Consumer
CUST1371,Mysore,Corporate
CUST1372,Bangalore,Small Business
CUST1373,Kanpur,Consumer
CUST1374,Jodhpur,Corporate
CUST1375,Nagpur,Student
CUST1376,Ahmedabad,Consumer
CUST1377,Patna,Consumer
CUST1378,Ahmedabad,Student
CUST1379,Jodhpur,Corporate
CUST1380,Visakhapatnam,Student
CUST1381,Mumbai,Student
CUST1382,Indore,Small Business
CUST1383,Noida,Small Business
CUST1384,Mumbai,Consumer
CUST1385,Patna,Consumer
CUST1386,Coimbatore,Consumer
CUST1387,Vadodara,Corporate
CUST1388,Kolkata,Consumer
CUST1389,Kanpur,Consumer
CUST1390,Hyderabad,Small Business
CUST1391,Bhopal,Corporate
CUST1392,Ahmedabad,Consumer
CUST1393,Mysore,Corporate
CUST1394,Madurai,Small Business
CUST1395,Nagpur,Consumer
CUST1396,Madurai,Corporate
CUST1397,Lucknow,Small Business
CUST1398,Noida,Corporate
CUST1399,Thane,Consumer
CUST1400,Patna,Student
CUST1401,Patna,Student
CUST1402,Lucknow,Corporate
CUST1403,Trivandrum,Corporate
CUST1404,Nashik,Corporate
CUST1405,Noida,Consumer
CUST1406,Ahmedabad,Consumer
CUST1407,Vadodara,Student
CUST1408,Gurgaon,Small Business
CUST1409,Jodhpur,Consumer
CUST1410,Noida,Consumer
CUST1411,Delhi,Small Business
CUST1412,Kolkata,Corporate
CUST1413,Madurai,Small Business
CUST1414,Jodhpur,Small Business
CUST1415,Delhi,Small Business
CUST1416,Kolkata,Small Business
CUST1417,Nashik,Corporate
CUST1418,Vadodara,Consumer
CUST1419,Coimbatore,Consumer
CUST1420,Jaipur,Student
CUST1421,Trivandrum,Consumer
CUST1422,Hyderabad,Corporate
CUST1423,Jaipur,Student
CUST1424,Delhi,Student
CUST1425,Patna,Small Business
CUST1426,Kolkata,Consumer
CUST1427,Kanpur,Student
CUST1428,Trivandrum,Student
CUST1429,Nagpur,Consumer
CUST1430,Thane,Corporate
CUST1431,Vadodara,Consumer
CUST1432,Coimbatore,Corporate
CUST1433,Hyderabad,Corporate
CUST1434,Gurgaon,Small Business
CUST1435,Visakhapatnam,Small Business
CUST1436,Gurgaon,Small Business
CUST1437,Bhopal,Small Business
CUST1438,Hyderabad,Corporate
CUST1439,Jodhpur,Small Business
CUST1440,Madurai,Student
CUST1441,Mysore,Small Business
CUST1442,Jaipur,Corporate
CUST1443,Madurai,Corporate
CUST1444,Patna,Small Business
CUST1445,Chandigarh,Small Business
CUST1446,Delhi,Student
CUST1447,Vadodara,Consumer
CUST1448,Hyderabad,Corporate
CUST1449,Gurgaon,Corporate
CUST1450,Nashik,Small Business
CUST1451,Nagpur,Corporate
CUST1452,Bhopal,Small Business
CUST1453,Chennai,Small Business
CUST1454,Visakhapatnam,Consumer
CUST1455,Ahmedabad,Corporate
CUST1456,Hyderabad,Corporate
CUST1457,Surat,Small Business
CUST1458,Chennai,Consumer
CUST1459,Visakhapatnam,Corporate
CUST1460,Mysore,Small Business
CUST1461,Patna,Consumer
CUST1462,Noida,Small Business
CUST1463,Jaipur,Consumer
CUST1464,Mysore,Small Business
CUST1465,Kolkata,Student
CUST1466,Ahmedabad,Consumer
CUST1467,Trivandrum,Student
CUST1468,Kochi,Corporate
CUST1469,Kanpur,Student
CUST1470,Coimbatore,Corporate
CUST1471,Gurgaon,Small Business
CUST1472,Patna,Consumer
CUST1473,Coimbatore,Student
CUST1474,Lucknow,Small Business
CUST1475,Nashik,Small Business
CUST1476,Coimbatore,Student
CUST1477,Kolkata,Consumer
CUST1478,Vadodara,Student
CUST1479,Vadodara,Consumer
CUST1480,Thane,Small Business
CUST1481,Pune,Corporate
CUST1482,Ahmedabad,Student
CUST1483,Delhi,Consumer
CUST1484,Pune,Corporate
CUST1485,Mysore,Corporate
CUST1486,Thane,Consumer
CUST1487,Surat,Student
CUST1488,Kolkata,Small Business
CUST1489,Hyderabad,Consumer
CUST1490,Madurai,Small Business
CUST1491,Chennai,Consumer
CUST1492,Gurgaon,Consumer
CUST1493,Chandigarh,Consumer
CUST1494,Mumbai,Small Business
CUST1495,Mumbai,Small Business
CUST1496,Bangalore,Corporate
CUST1497,Hyderabad,Small Business
CUST1498,Jaipur,Corporate
CUST1499,Vadodara,Student
CUST1500,Jodhpur,Corporate
CUST1501,Gurgaon,Small Business
CUST1502,Chennai,Corporate
CUST1503,Trivandrum,Consumer
CUST1504,Visakhapatnam,Small Business
CUST1505,Mysore,Small Business
CUST1506,Jodhpur,Small Business
CUST1507,Lucknow,Student
CUST1508,Delhi,Corporate
CUST1509,Thane,Student
CUST1510,Noida,Corporate
CUST1511,Delhi,Student
CUST1512,Madurai,Small Business
CUST1513,Patna,Consumer
CUST1514,Nagpur,Corporate
CUST1515,Pune,Small Business
CUST1516,Jaipur,Small Business
CUST1517,Rajkot,Corporate
CUST1518,Jaipur,Student
CUST1519,Indore,Consumer
CUST1520,Patna,Small Business
CUST1521,Noida,Student
CUST1522,Madurai,Small Business
CUST1523,Mysore,Small Business
CUST1524,Jaipur,Student
CUST1525,Bangalore,Student
CUST1526,Bhopal,Student
CUST1527,Mysore,Corporate
CUST1528,Chandigarh,Consumer
CUST1529,Surat,Corporate
CUST1530,Jodhpur,Student
CUST1531,Hyderabad,Student
CUST1532,Nashik,Student
CUST1533,Vadodara,Consumer
CUST1534,Mumbai,Consumer
CUST1535,Hyderabad,Consumer
CUST1536,Kanpur,Small Business
CUST1537,Coimbatore,Consumer
CUST1538,Mysore,Student
CUST1539,Surat,Student
CUST1540,Delhi,Consumer
CUST1541,Coimbatore,Consumer
CUST1542,Gurgaon,Small Business
CUST1543,Surat,Consumer
CUST1544,Patna,Student
CUST1545,Chandigarh,Student
CUST1546,Jodhpur,Corporate
CUST1547,Bangalore,Corporate
CUST1548,Jodhpur,Small Business
CUST1549,Mysore,Corporate
CUST1550,Gurgaon,Consumer
CUST1551,Indore,Consumer
CUST1552,Hyderabad,Corporate
CUST1553,Mysore,Small Business
CUST1554,Rajkot,Consumer
CUST1555,Kolkata,Consumer
CUST1556,Bangalore,Student
CUST1557,Vadodara,Consumer
CUST1558,Patna,Small Business
CUST1559,Delhi,Student
CUST1560,Madurai,Small Business
CUST1561,Jodhpur,Corporate
CUST1562,Hyderabad,Student
CUST1563,Surat,Consumer
CUST1564,Nagpur,Student
CUST1565,Kanpur,Corporate
CUST1566,Nagpur,Consumer
CUST1567,Hyderabad,Corporate
CUST1568,Vadodara,Consumer
CUST1569,Patna,Small Business
CUST1570,Nashik,Student
CUST1571,Visakhapatnam,Corporate
CUST1572,Jodhpur,Student
CUST1573,Thane,Corporate
CUST1574,Madurai,Small Business
CUST1575,Mumbai,Small Business
CUST1576,Jodhpur,Corporate
CUST1577,Nashik,Student
CUST1578,Nagpur,Student
CUST1579,Mumbai,Small Business
CUST1580,Vadodara,Student
CUST1581,Visakhapatnam,Corporate
CUST1582,Vadodara,Small Business
CUST1583,Vadodara,Corporate
CUST1584,Trivandrum,Student
CUST1585,Kochi,Small Business
CUST1586,Coimbatore,Student
CUST1587,Patna,Corporate
CUST1588,Surat,Small Business
CUST1589,Indore,Student
CUST1590,Patna,Small Business
CUST1591,Lucknow,Corporate
CUST1592,Bangalore,Corporate
CUST1593,Kanpur,Corporate
CUST1594,Bangalore,Small Business
CUST1595,Bhopal,Small Business
CUST1596,Ahmedabad,Student
CUST1597,Madurai,Corporate
CUST1598,Lucknow,Student
CUST1599,Surat,Consumer
CUST1600,Visakhapatnam,Corporate
CUST1601,Nagpur,Consumer
CUST1602,Surat,Small Business
CUST1603,Patna,Small Business
CUST1604,Bangalore,Student
CUST1605,Nashik,Consumer
CUST1606,Rajkot,Small Business
CUST1607,Surat,Student
CUST1608,Ahmedabad,Corporate
CUST1609,Bangalore,Student
CUST1610,Chennai,Small Business
CUST1611,Gurgaon,Corporate
CUST1612,Chennai,Corporate
CUST1613,Patna,Corporate
CUST1614,Vadodara,Student
CUST1615,Madurai,Corporate
CUST1616,Vadodara,Student
CUST1617,Delhi,Small Business
CUST1618,Bangalore,Small Business
CUST1619,Trivandrum,Corporate
CUST1620,Bhopal,Small Business
CUST1621,Madurai,Corporate
CUST1622,Gurgaon,Small Business
CUST1623,Trivandrum,Corporate
CUST1624,Rajkot,Consumer
CUST1625,Bhopal,Student
CUST1626,Coimbatore,Student
CUST1627,Noida,Student
CUST1628,Kolkata,Small Business
CUST1629,Rajkot,Consumer
CUST1630,Chennai,Corporate
CUST1631,Pune,Small Business
CUST1632,Patna,Consumer
CUST1633,Chennai,Corporate
CUST1634,Pune,Corporate
CUST1635,Chennai,Consumer
CUST1636,Lucknow,Corporate
CUST1637,Delhi,Consumer
CUST1638,Jaipur,Student
CUST1639,Ahmedabad,Consumer
CUST1640,Delhi,Small Business
CUST1641,Jaipur,Small Business
CUST1642,Surat,Corporate
CUST1643,Coimbatore,Small Business
CUST1644,Trivandrum,Student
CUST1645,Ahmedabad,Student
CUST1646,Surat,Student
CUST1647,Bangalore,Corporate
CUST1648,Lucknow,Student
CUST1649,Indore,Student
CUST1650,Mumbai,Consumer
CUST1651,Kanpur,Student
CUST1652,Visakhapatnam,Corporate
CUST1653,Nashik,Corporate
CUST1654,Nagpur,Consumer
CUST1655,Nagpur,Consumer
CUST1656,Indore,Small Business
CUST1657,Mysore,Corporate
CUST1658,Trivandrum,Corporate
CUST1659,Vadodara,Student
CUST1660,Mumbai,Consumer
CUST1661,Delhi,Corporate
CUST1662,Jodhpur,Student
CUST1663,Madurai,Student
CUST1664,Chandigarh,Consumer
CUST1665,Kanpur,Consumer
CUST1666,Nashik,Student
CUST1667,Kochi,Consumer
CUST1668,Madurai,Consumer
CUST1669,Visakhapatnam,Student
CUST1670,Mysore,Student
CUST1671,Bangalore,Corporate
CUST1672,Pune,Corporate
CUST1673,Jaipur,Small Business
CUST1674,Jodhpur,Student
CUST1675,Jodhpur,Small Business
CUST1676,Nagpur,Student
CUST1677,Chennai,Small Business
CUST1678,Indore,Consumer
CUST1679,Gurgaon,Consumer
CUST1680,Madurai,Small Business
CUST1681,Kolkata,Consumer
CUST1682,Vadodara,Student
CUST1683,Nagpur,Consumer
CUST1684,Bhopal,Corporate
CUST1685,Kolkata,Student
CUST1686,Mysore,Corporate
CUST1687,Pune,Corporate
CUST1688,Thane,Consumer
CUST1689,Surat,Corporate
CUST1690,Ahmedabad,Student
CUST1691,Coimbatore,Corporate
CUST1692,Madurai,Corporate
CUST1693,Chennai,Small Business
CUST1694,Mysore,Student
CUST1695,Jodhpur,Small Business
CUST1696,Kanpur,Corporate
CUST1697,Thane,Student
CUST1698,Kanpur,Small Business
CUST1699,Kochi,Small Business
CUST1700,Madurai,Consumer
CUST1701,Bangalore,Consumer
CUST1702,Jodhpur,Corporate
CUST1703,Trivandrum,Small Business
CUST1704,Kochi,Consumer
CUST1705,Bhopal,Small Business
CUST1706,Mumbai,Corporate
CUST1707,Jaipur,Consumer
CUST1708,Jaipur,Consumer
CUST1709,Thane,Small Business
CUST1710,Patna,Small Business
CUST1711,Kanpur,Student
CUST1712,Coimbatore,Small Business
CUST1713,Visakhapatnam,Consumer
CUST1714,Kolkata,Small Business
CUST1715,Kanpur,Student
CUST1716,Nashik,Consumer
CUST1717,Noida,Corporate
CUST1718,Madurai,Corporate
CUST1719,Chandigarh,Corporate
CUST1720,Jaipur,Small Business
CUST1721,Nagpur,Student
CUST1722,Mumbai,Consumer
CUST1723,Vadodara,Consumer
CUST1724,Delhi,Student
CUST1725,Thane,Consumer
CUST1726,Pune,Student
CUST1727,Kolkata,Student
CUST1728,Trivandrum,Corporate
CUST1729,Ahmedabad,Corporate
CUST1730,Patna,Consumer
CUST1731,Gurgaon,Corporate
CUST1732,Nashik,Corporate
CUST1733,Madurai,Consumer
CUST1734,Patna,Student
CUST1735,Nashik,Corporate
CUST1736,Pune,Small Business
CUST1737,Rajkot,Consumer
CUST1738,Mumbai,Small Business
CUST1739,Pune,Corporate
CUST1740,Coimbatore,Consumer
CUST1741,Pune,Small Business
CUST1742,Chennai,Corporate
CUST1743,Kanpur,Student
CUST1744,Gurgaon,Small Business
CUST1745,Indore,Consumer
CUST1746,Noida,Consumer
CUST1747,Mysore,Consumer
CUST1748,Kochi,Corporate
CUST1749,Noida,Student
CUST1750,Nagpur,Student
CUST1751,Madurai,Student
CUST1752,Trivandrum,Corporate
CUST1753,Coimbatore,Student
CUST1754,Jodhpur,Consumer
CUST1755,Jaipur,Corporate
CUST1756,Chandigarh,Student
CUST1757,Patna,Consumer
CUST1758,Jaipur,Consumer
CUST1759,Thane,Corporate
CUST1760,Delhi,Small Business
CUST1761,Mysore,Student
CUST1762,Vadodara,Student
CUST1763,Delhi,Student
CUST1764,Nagpur,Small Business
CUST1765,Ahmedabad,Consumer
CUST1766,Bangalore,Student
CUST1767,Chennai,Corporate
CUST1768,Trivandrum,Corporate
CUST1769,Gurgaon,Corporate
CUST1770,Madurai,Small Business
CUST1771,Rajkot,Consumer
CUST1772,Chennai,Corporate
CUST1773,Madurai,Small Business
CUST1774,Thane,Small Business
CUST1775,Madurai,Student
CUST1776,Jaipur,Small Business
CUST1777,Patna,Student
CUST1778,Chennai,Corporate
CUST1779,Delhi,Small Business
CUST1780,Rajkot,Student
CUST1781,Ahmedabad,Student
CUST1782,Rajkot,Student
CUST1783,Mumbai,Small Business
CUST1784,Chandigarh,Consumer
CUST1785,Pune,Student
CUST1786,Thane,Student
CUST1787,Surat,Student
CUST1788,Chennai,Student
CUST1789,Kochi,Corporate
CUST1790,Jodhpur,Consumer
CUST1791,Surat,Small Business
CUST1792,Hyderabad,Consumer
CUST1793,Patna,Student
CUST1794,Nagpur,Small Business
CUST1795,Ahmedabad,Student
CUST1796,Delhi,Student
CUST1797,Rajkot,Corporate
CUST1798,Ahmedabad,Student
CUST1799,Kolkata,Corporate
CUST1800,Mumbai,Corporate
CUST1801,Delhi,Student
CUST1802,Nagpur,Corporate
CUST1803,Coimbatore,Small Business
CUST1804,Vadodara,Student
CUST1805,Noida,Small Business
CUST1806,Gurgaon,Student
CUST1807,Kanpur,Consumer
CUST1808,Thane,Corporate
CUST1809,Mumbai,Small Business
CUST1810,Bangalore,Consumer
CUST1811,Bhopal,Consumer
CUST1812,Madurai,Small Business
CUST1813,Chandigarh,Consumer
CUST1814,Kochi,Corporate
CUST1815,Pune,Corporate
CUST1816,Jodhpur,Corporate
CUST1817,Bangalore,Consumer
CUST1818,Chennai,Corporate
CUST1819,Rajkot,Corporate
CUST1820,Chennai,Corporate
CUST1821,Kanpur,Corporate
CUST1822,Kochi,Student
CUST1823,Kolkata,Student
CUST1824,Bhopal,Consumer
CUST1825,Bhopal,Corporate
CUST1826,Ahmedabad,Student
CUST1827,Surat,Corporate
CUST1828,Ahmedabad,Student
CUST1829,Delhi,Student
CUST1830,Gurgaon,Consumer
CUST1831,Indore,Small Business
CUST1832,Mysore,Student
CUST1833,Chennai,Corporate
CUST1834,Jodhpur,Corporate
CUST1835,Hyderabad,Student
CUST1836,Nagpur,Student
CUST1837,Bangalore,Consumer
CUST1838,Vadodara,Student
CUST1839,Lucknow,Small Business
CUST1840,Coimbatore,Small Business
CUST1841,Patna,Student
CUST1842,Surat,Student
CUST1843,Chandigarh,Student
CUST1844,Nagpur,Student
CUST1845,Nagpur,Consumer
CUST1846,Mysore,Small Business
CUST1847,Jaipur,Corporate
CUST1848,Jodhpur,Student
CUST1849,Thane,Corporate
CUST1850,Patna,Consumer
CUST1851,Bhopal,Corporate
CUST1852,Patna,Student
CUST1853,Visakhapatnam,Student
CUST1854,Nagpur,Corporate
CUST1855,Kochi,Consumer
CUST1856,Surat,Corporate
CUST1857,Delhi,Corporate
CUST1858,Chandigarh,Student
CUST1859,Ahmedabad,Small Business
CUST1860,Kanpur,Student
CUST1861,Patna,Consumer
CUST1862,Delhi,Consumer
CUST1863,Gurgaon,Small Business
CUST1864,Vadodara,Small Business
CUST1865,Bangalore,Small Business
CUST1866,Surat,Small Business
CUST1867,Chandigarh,Small Business
CUST1868,Delhi,Small Business
CUST1869,Surat,Corporate
CUST1870,Nagpur,Corporate
CUST1871,Chennai,Consumer
CUST1872,Bhopal,Student
CUST1873,Trivandrum,Corporate
CUST1874,Jodhpur,Small Business
CUST1875,Bangalore,Student
CUST1876,Surat,Consumer
CUST1877,Rajkot,Small Business
CUST1878,Bangalore,Student
CUST1879,Noida,Corporate
CUST1880,Mumbai,Consumer
CUST1881,Trivandrum,Corporate
CUST1882,Mumbai,Consumer
CUST1883,Chandigarh,Student
CUST1884,Jodhpur,Consumer
CUST1885,Patna,Corporate
CUST1886,Nagpur,Consumer
CUST1887,Visakhapatnam,Student
CUST1888,Delhi,Corporate
CUST1889,Indore,Consumer
CUST1890,Lucknow,Consumer
CUST1891,Noida,Student
CUST1892,Rajkot,Small Business
CUST1893,Rajkot,Consumer
CUST1894,Bhopal,Corporate
CUST1895,Kolkata,Corporate
CUST1896,Bangalore,Small Business
CUST1897,Nashik,Student
CUST1898,Hyderabad,Consumer
CUST1899,Mumbai,Consumer
CUST1900,Ahmedabad,Corporate
CUST1901,Noida,Small Business
CUST1902,Thane,Consumer
CUST1903,Patna,Consumer
CUST1904,Rajkot,Consumer
CUST1905,Madurai,Consumer
CUST1906,Pune,Consumer
CUST1907,Bhopal,Corporate
CUST1908,Pune,Student
CUST1909,Hyderabad,Small Business
CUST1910,Hyderabad,Small Business
CUST1911,Chennai,Corporate
CUST1912,Kanpur,Small Business
CUST1913,Vadodara,Small Business
CUST1914,Kanpur,Corporate
CUST1915,Indore,Corporate
CUST1916,Jaipur,Corporate
CUST1917,Trivandrum,Student
CUST1918,Kanpur,Student
CUST1919,Noida,Small Business
CUST1920,Chennai,Consumer
CUST1921,Jodhpur,Corporate
CUST1922,Gurgaon,Consumer
CUST1923,Jodhpur,Small Business
CUST1924,Nagpur,Corporate
CUST1925,Kanpur,Small Business
CUST1926,Gurgaon,Corporate
CUST1927,Delhi,Consumer
CUST1928,Chennai,Student
CUST1929,Delhi,Student
CUST1930,Vadodara,Student
CUST1931,Delhi,Student
CUST1932,Pune,Corporate
CUST1933,Rajkot,Consumer
CUST1934,Rajkot,Consumer
CUST1935,Mumbai,Student
CUST1936,Mumbai,Small Business
CUST1937,Kochi,Consumer
CUST1938,Patna,Small Business
CUST1939,Delhi,Student
CUST1940,Nagpur,Corporate
CUST1941,Visakhapatnam,Corporate
CUST1942,Coimbatore,Small Business
CUST1943,Chandigarh,Corporate
CUST1944,Kolkata,Small Business
CUST1945,Kolkata,Small Business
CUST1946,Patna,Student
CUST1947,Lucknow,Consumer
CUST1948,Nagpur,Consumer
CUST1949,Mysore,Student
CUST1950,Surat,Consumer
CUST1951,Jodhpur,Small Business
CUST1952,Mysore,Corporate
CUST1953,Bhopal,Student
CUST1954,Pune,Student
CUST1955,Visakhapatnam,Consumer
CUST1956,Gurgaon,Consumer
CUST1957,Chandigarh,Student
CUST1958,Jaipur,Consumer
CUST1959,Noida,Consumer
CUST1960,Jaipur,Corporate
CUST1961,Gurgaon,Corporate
CUST1962,Vadodara,Corporate
CUST1963,Thane,Consumer
CUST1964,Pune,Small Business
CUST1965,Kolkata,Corporate
CUST1966,Chennai,Student
CUST1967,Nashik,Small Business
CUST1968,Surat,Corporate
CUST1969,Chennai,Student
CUST1970,Jaipur,Student
CUST1971,Chennai,Student
CUST1972,Jaipur,Consumer
CUST1973,Lucknow,Student
CUST1974,Jodhpur,Consumer
CUST1975,Patna,Consumer
CUST1976,Mysore,Corporate
CUST1977,Vadodara,Student
CUST1978,Bangalore,Student
CUST1979,Nagpur,Student
CUST1980,Patna,Small Business
CUST1981,Bangalore,Small Business
CUST1982,Pune,Student
CUST1983,Rajkot,Student
CUST1984,Vadodara,Consumer
CUST1985,Gurgaon,Student
CUST1986,Patna,Corporate
CUST1987,Madurai,Consumer
CUST1988,Bhopal,Student
CUST1989,Mysore,Small Business
CUST1990,Gurgaon,Consumer
CUST1991,Mysore,Corporate
CUST1992,Mumbai,Corporate
CUST1993,Noida,Student
CUST1994,Nashik,Small Business
CUST1995,Kochi,Small Business
CUST1996,Lucknow,Student
CUST1997,Thane,Consumer
CUST1998,Madurai,Small Business
CUST1999,Nashik,Small Business
CUST2000,Kochi,Student
CUST2001,Ahmedabad,Small Business
CUST2002,Ahmedabad,Corporate
CUST2003,Lucknow,Student
CUST2004,Bangalore,Consumer
CUST2005,Jaipur,Small Business
CUST2006,Nashik,Consumer
CUST2007,Noida,Student
CUST2008,Nashik,Small Business
CUST2009,Bhopal,Small Business
CUST2010,Nashik,Corporate
CUST2011,Nashik,Student
CUST2012,Chennai,Small Business
CUST2013,Kochi,Corporate
CUST2014,Noida,Small Business
CUST2015,Kolkata,Corporate
CUST2016,Kanpur,Corporate
CUST2017,Visakhapatnam,Corporate
CUST2018,Vadodara,Student
CUST2019,Trivandrum,Small Business
CUST2020,Kochi,Student
CUST2021,Chennai,Student
CUST2022,Rajkot,Corporate
CUST2023,Ahmedabad,Consumer
CUST2024,Surat,Student
CUST2025,Nagpur,Student
CUST2026,Ahmedabad,Corporate
CUST2027,Mysore,Corporate
CUST2028,Rajkot,Small Business
CUST2029,Jodhpur,Student
CUST2030,Lucknow,Student
CUST2031,Trivandrum,Small Business
CUST2032,Nagpur,Small Business
CUST2033,Kochi,Small Business
CUST2034,Ahmedabad,Small Business
CUST2035,Jaipur,Student
CUST2036,Mysore,Consumer
CUST2037,Thane,Corporate
CUST2038,Gurgaon,Small Business
CUST2039,Thane,Corporate
CUST2040,Patna,Consumer
CUST2041,Mysore,Student
CUST2042,Kolkata,Student
CUST2043,Coimbatore,Consumer
CUST2044,Surat,Student
CUST2045,Rajkot,Consumer
CUST2046,Jaipur,Small Business
CUST2047,Kanpur,Corporate
CUST2048,Ahmedabad,Small Business
CUST2049,Bangalore,Consumer
CUST2050,Bangalore,Student
CUST2051,Coimbatore,Small Business
CUST2052,Lucknow,Corporate
CUST2053,Ahmedabad,Consumer
CUST2054,Chandigarh,Consumer
CUST2055,Nagpur,Corporate
CUST2056,Indore,Corporate
CUST2057,Vadodara,Consumer
CUST2058,Vadodara,Small Business
CUST2059,Mysore,Corporate
CUST2060,Jaipur,Consumer
CUST2061,Jodhpur,Student
CUST2062,Delhi,Small Business
CUST2063,Mumbai,Corporate
CUST2064,Jaipur,Small Business
CUST2065,Gurgaon,Corporate
CUST2066,Vadodara,Student
CUST2067,Nashik,Small Business
CUST2068,Mysore,Small Business
CUST2069,Chennai,Small Business
CUST2070,Mumbai,Corporate
CUST2071,Patna,Student
CUST2072,Kolkata,Corporate
CUST2073,Lucknow,Corporate
CUST2074,Mysore,Student
CUST2075,Surat,Consumer
CUST2076,Kolkata,Student
CUST2077,Kochi,Student
CUST2078,Vadodara,Student
CUST2079,Rajkot,Corporate
CUST2080,Jodhpur,Corporate
CUST2081,Madurai,Student
CUST2082,Gurgaon,Consumer
CUST2083,Kochi,Small Business
CUST2084,Thane,Consumer
CUST2085,Surat,Corporate
CUST2086,Rajkot,Corporate
CUST2087,Ahmedabad,Small Business
CUST2088,Nashik,Consumer
CUST2089,Bhopal,Student
CUST2090,Trivandrum,Corporate
CUST2091,Madurai,Corporate
CUST2092,Coimbatore,Consumer
CUST2093,Kolkata,Consumer
CUST2094,Bhopal,Consumer
CUST2095,Pune,Corporate
CUST2096,Madurai,Small Business
CUST2097,Bangalore,Student
CUST2098,Madurai,Consumer
CUST2099,Indore,Consumer
CUST2100,Ahmedabad,Small Business
CUST2101,Madurai,Consumer
CUST2102,Patna,Student
CUST2103,Lucknow,Small Business
CUST2104,Mumbai,Consumer
CUST2105,Coimbatore,Student
CUST2106,Kanpur,Consumer
CUST2107,Visakhapatnam,Student
CUST2108,Delhi,Consumer
CUST2109,Nagpur,Small Business
CUST2110,Kochi,Student
CUST2111,Nagpur,Corporate
CUST2112,Surat,Corporate
CUST2113,Jaipur,Corporate
CUST2114,Delhi,Consumer
CUST2115,Surat,Corporate
CUST2116,Thane,Student
CUST2117,Coimbatore,Consumer
CUST2118,Kolkata,Corporate
CUST2119,Hyderabad,Corporate
CUST2120,Jodhpur,Small Business
CUST2121,Jodhpur,Corporate
CUST2122,Noida,Corporate
CUST2123,Madurai,Small Business
CUST2124,Pune,Small Business
CUST2125,Thane,Small Business
CUST2126,Chennai,Consumer
CUST2127,Coimbatore,Small Business
CUST2128,Surat,Consumer
CUST2129,Jaipur,Student
CUST2130,Kanpur,Corporate
CUST2131,Chennai,Consumer
CUST2132,Trivandrum,Small Business
CUST2133,Chennai,Student
CUST2134,Surat,Consumer
CUST2135,Pune,Corporate
CUST2136,Kochi,Corporate
CUST2137,Rajkot,Student
CUST2138,Patna,Corporate
CUST2139,Coimbatore,Corporate
CUST2140,Vadodara,Corporate
CUST2141,Kochi,Student
CUST2142,Jodhpur,Small Business
CUST2143,Nashik,Corporate
CUST2144,Pune,Student
CUST2145,Delhi,Corporate
CUST2146,Noida,Corporate
CUST2147,Trivandrum,Student
CUST2148,Nagpur,Student
CUST2149,Kochi,Consumer
CUST2150,Thane,Small Business
CUST2151,Indore,Small Business
CUST2152,Thane,Consumer
CUST2153,Coimbatore,Consumer
CUST2154,Visakhapatnam,Corporate
CUST2155,Chennai,Consumer
CUST2156,Nagpur,Corporate
CUST2157,Indore,Student
CUST2158,Jaipur,Consumer
CUST2159,Jaipur,Corporate
CUST2160,Indore,Small Business
CUST2161,Madurai,Student
CUST2162,Nashik,Corporate
CUST2163,Thane,Consumer
CUST2164,Vadodara,Small Business
CUST2165,Mumbai,Student
CUST2166,Nashik,Small Business
CUST2167,Bhopal,Consumer
CUST2168,Delhi,Consumer
CUST2169,Patna,Small Business
CUST2170,Delhi,Consumer
CUST2171,Nagpur,Student
CUST2172,Nashik,Student
CUST2173,Madurai,Consumer
CUST2174,Hyderabad,Student
CUST2175,Indore,Corporate
CUST2176,Chandigarh,Consumer
CUST2177,Indore,Student
CUST2178,Indore,Student
CUST2179,Gurgaon,Corporate
CUST2180,Chandigarh,Student
CUST2181,Jaipur,Student
CUST2182,Ahmedabad,Corporate
CUST2183,Ahmedabad,Consumer
CUST2184,Ahmedabad,Corporate
CUST2185,Jaipur,Consumer
CUST2186,Kolkata,Consumer
CUST2187,Noida,Small Business
CUST2188,Mumbai,Student
CUST2189,Chennai,Consumer
CUST2190,Visakhapatnam,Small Business
CUST2191,Jaipur,Corporate
CUST2192,Jaipur,Consumer
CUST2193,Trivandrum,Small Business
CUST2194,Pune,Student
CUST2195,Kanpur,Corporate
CUST2196,Visakhapatnam,Student
CUST2197,Jodhpur,Corporate
CUST2198,Mysore,Student
CUST2199,Thane,Small Business
CUST2200,Surat,Student
CUST2201,Kolkata,Student
CUST2202,Kolkata,Corporate
CUST2203,Trivandrum,Student
CUST2204,Thane,Small Business
CUST2205,Kochi,Small Business
CUST2206,Ahmedabad,Consumer
CUST2207,Mumbai,Corporate
CUST2208,Surat,Consumer
CUST2209,Vadodara,Student
CUST2210,Mysore,Small Business
CUST2211,Noida,Corporate
CUST2212,Mysore,Corporate
CUST2213,Thane,Student
CUST2214,Coimbatore,Consumer
CUST2215,Coimbatore,Small Business
CUST2216,Nagpur,Student
CUST2217,Ahmedabad,Corporate
CUST2218,Chennai,Small Business
CUST2219,Delhi,Student
CUST2220,Thane,Corporate
CUST2221,Ahmedabad,Corporate
CUST2222,Mysore,Corporate
CUST2223,Mysore,Student
CUST2224,Hyderabad,Student
CUST2225,Vadodara,Corporate
CUST2226,Trivandrum,Student
CUST2227,Mumbai,Corporate
CUST2228,Indore,Consumer
CUST2229,Bhopal,Small Business
CUST2230,Nagpur,Corporate
CUST2231,Hyderabad,Small Business
CUST2232,Surat,Small Business
CUST2233,Mumbai,Small Business
CUST2234,Chennai,Consumer
CUST2235,Delhi,Corporate
CUST2236,Chennai,Corporate
CUST2237,Kanpur,Small Business
CUST2238,Indore,Consumer
CUST2239,Noida,Corporate
CUST2240,Bhopal,Student
CUST2241,Coimbatore,Student
CUST2242,Bhopal,Corporate
CUST2243,Mumbai,Corporate
CUST2244,Lucknow,Student
CUST2245,Gurgaon,Small Business
CUST2246,Mumbai,Student
CUST2247,Chennai,Small Business
CUST2248,Hyderabad,Small Business
CUST2249,Kolkata,Corporate
CUST2250,Trivandrum,Corporate
CUST2251,Patna,Corporate
CUST2252,Chennai,Consumer
CUST2253,Patna,Consumer
CUST2254,Hyderabad,Small Business
CUST2255,Thane,Student
CUST2256,Bhopal,Corporate
CUST2257,Rajkot,Student
CUST2258,Bangalore,Small Business
CUST2259,Rajkot,Consumer
CUST2260,Visakhapatnam,Consumer
CUST2261,Kochi,Corporate
CUST2262,Noida,Corporate
CUST2263,Bangalore,Corporate
CUST2264,Nagpur,Student
CUST2265,Kochi,Small Business
CUST2266,Jodhpur,Consumer
CUST2267,Vadodara,Corporate
CUST2268,Bangalore,Corporate
CUST2269,Madurai,Consumer
CUST2270,Bangalore,Consumer
CUST2271,Trivandrum,Student
CUST2272,Trivandrum,Small Business
CUST2273,Kanpur,Small Business
CUST2274,Bhopal,Consumer
CUST2275,Nashik,Consumer
CUST2276,Ahmedabad,Small Business
CUST2277,Kolkata,Small Business
CUST2278,Chandigarh,Consumer
CUST2279,Lucknow,Student
CUST2280,Bangalore,Student
CUST2281,Mumbai,Consumer
CUST2282,Kolkata,Student
CUST2283,Delhi,Consumer
CUST2284,Indore,Small Business
CUST2285,Mumbai,Corporate
CUST2286,Jaipur,Consumer
CUST2287,Rajkot,Corporate
CUST2288,Bhopal,Small Business
CUST2289,Surat,Corporate
CUST2290,Jodhpur,Student
CUST2291,Nashik,Small Business
CUST2292,Chennai,Corporate
CUST2293,Surat,Consumer
CUST2294,Coimbatore,Student
CUST2295,Gurgaon,Student
CUST2296,Kolkata,Corporate
CUST2297,Nagpur,Student
CUST2298,Hyderabad,Student
CUST2299,Jodhpur,Student
CUST2300,Gurgaon,Corporate
CUST2301,Nashik,Student
CUST2302,Kochi,Consumer
CUST2303,Trivandrum,Consumer
CUST2304,Patna,Consumer
CUST2305,Visakhapatnam,Student
CUST2306,Gurgaon,Consumer
CUST2307,Patna,Small Business
CUST2308,Kanpur,Corporate
CUST2309,Mysore,Small Business
CUST2310,Pune,Small Business
CUST2311,Hyderabad,Consumer
CUST2312,Nashik,Student
CUST2313,Nashik,Student
CUST2314,Delhi,Student
CUST2315,Pune,Consumer
CUST2316,Hyderabad,Consumer
CUST2317,Mumbai,Corporate
CUST2318,Noida,Consumer
CUST2319,Nashik,Corporate
CUST2320,Chandigarh,Student
CUST2321,Nagpur,Corporate
CUST2322,Rajkot,Small Business
CUST2323,Bangalore,Small Business
CUST2324,Thane,Consumer
CUST2325,Pune,Corporate
CUST2326,Noida,Consumer
CUST2327,Patna,Consumer
CUST2328,Jaipur,Corporate
CUST2329,Jodhpur,Consumer
CUST2330,Hyderabad,Small Business
CUST2331,Indore,Corporate
CUST2332,Kochi,Corporate
CUST2333,Mysore,Corporate
CUST2334,Patna,Small Business
CUST2335,Lucknow,Student
CUST2336,Bhopal,Student
CUST2337,Nagpur,Corporate
CUST2338,Rajkot,Consumer
CUST2339,Mysore,Corporate
CUST2340,Gurgaon,Small Business
CUST2341,Nashik,Small Business
CUST2342,Noida,Consumer
CUST2343,Mumbai,Consumer
CUST2344,Kochi,Small Business
CUST2345,Patna,Consumer
CUST2346,Gurgaon,Student
CUST2347,Chennai,Student
CUST2348,Surat,Student
CUST2349,Nashik,Consumer
CUST2350,Nashik,Corporate
CUST2351,Bangalore,Corporate
CUST2352,Chandigarh,Student
CUST2353,Chennai,Small Business
CUST2354,Kolkata,Student
CUST2355,Visakhapatnam,Student
CUST2356,Pune,Corporate
CUST2357,Vadodara,Consumer
CUST2358,Bangalore,Small Business
CUST2359,Mumbai,Consumer
CUST2360,Nashik,Student
CUST2361,Delhi,Corporate
CUST2362,Trivandrum,Consumer
CUST2363,Patna,Corporate
CUST2364,Bhopal,Small Business
CUST2365,Indore,Student
CUST2366,Mumbai,Small Business
CUST2367,Indore,Corporate
CUST2368,Pune,Corporate
CUST2369,Pune,Corporate
CUST2370,Jaipur,Consumer
CUST2371,Noida,Small Business
CUST2372,Rajkot,Corporate
CUST2373,Surat,Student
CUST2374,Visakhapatnam,Corporate
CUST2375,Patna,Small Business
CUST2376,Chandigarh,Student
CUST2377,Kochi,Consumer
CUST2378,Mysore,Small Business
CUST2379,Chennai,Consumer
CUST2380,Nagpur,Small Business
CUST2381,Kochi,Small Business
CUST2382,Noida,Student
CUST2383,Gurgaon,Consumer
CUST2384,Jaipur,Small Business
CUST2385,Hyderabad,Student
CUST2386,Vadodara,Student
CUST2387,Bhopal,Student
CUST2388,Noida,Corporate
CUST2389,Bangalore,Consumer
CUST2390,Pune,Small Business
CUST2391,Madurai,Consumer
CUST2392,Patna,Student
CUST2393,Surat,Consumer
CUST2394,Bhopal,Corporate
CUST2395,Nagpur,Corporate
CUST2396,Nashik,Corporate
CUST2397,Noida,Consumer
CUST2398,Patna,Student
CUST2399,Jaipur,Corporate
CUST2400,Coimbatore,Small Business
CUST2401,Ahmedabad,Consumer
CUST2402,Jaipur,Corporate
CUST2403,Kanpur,Corporate
CUST2404,Chennai,Student
CUST2405,Ahmedabad,Student
CUST2406,Chennai,Consumer
CUST2407,Noida,Student
CUST2408,Jodhpur,Student
CUST2409,Chandigarh,Student
CUST2410,Bhopal,Corporate
CUST2411,Madurai,Corporate
CUST2412,Lucknow,Small Business
CUST2413,Chandigarh,Consumer
CUST2414,Noida,Consumer
CUST2415,Delhi,Corporate
CUST2416,Jaipur,Small Business
CUST2417,Coimbatore,Consumer
CUST2418,Mysore,Consumer
CUST2419,Chandigarh,Corporate
CUST2420,Mumbai,Corporate
CUST2421,Lucknow,Consumer
CUST2422,Visakhapatnam,Small Business
CUST2423,Pune,Small Business
CUST2424,Delhi,Small Business
CUST2425,Trivandrum,Small Business
CUST2426,Indore,Student
CUST2427,Jodhpur,Consumer
CUST2428,Pune,Student
CUST2429,Delhi,Consumer
CUST2430,Vadodara,Consumer
CUST2431,Delhi,Corporate
CUST2432,Patna,Consumer
CUST2433,Nashik,Student
CUST2434,Gurgaon,Consumer
CUST2435,Delhi,Student
CUST2436,Madurai,Corporate
CUST2437,Hyderabad,Corporate
CUST2438,Pune,Corporate
CUST2439,Kochi,Student
CUST2440,Ahmedabad,Corporate
CUST2441,Visakhapatnam,Corporate
CUST2442,Pune,Small Business
CUST2443,Patna,Student
CUST2444,Mysore,Corporate
CUST2445,Kolkata,Student
CUST2446,Jodhpur,Corporate
CUST2447,Trivandrum,Small Business
CUST2448,Kolkata,Small Business
CUST2449,Mysore,Small Business
CUST2450,Nashik,Student
CUST2451,Lucknow,Consumer
CUST2452,Delhi,Student
CUST2453,Jodhpur,Consumer
CUST2454,Thane,Corporate
CUST2455,Nashik,Student
CUST2456,Bhopal,Small Business
CUST2457,Bangalore,Small Business
CUST2458,Delhi,Small Business
CUST2459,Nashik,Small Business
CUST2460,Nagpur,Student
CUST2461,Delhi,Corporate
CUST2462,Noida,Consumer
CUST2463,Ahmedabad,Consumer
CUST2464,Kolkata,Consumer
CUST2465,Indore,Student
CUST2466,Kolkata,Student
CUST2467,Coimbatore,Student
CUST2468,Surat,Consumer
CUST2469,Bhopal,Consumer
CUST2470,Visakhapatnam,Student
CUST2471,Kochi,Student
CUST2472,Gurgaon,Small Business
CUST2473,Kolkata,Student
CUST2474,Jodhpur,Corporate
CUST2475,Kanpur,Corporate
CUST2476,Coimbatore,Consumer
CUST2477,Kolkata,Corporate
CUST2478,Delhi,Consumer
CUST2479,Nagpur,Small Business
CUST2480,Chennai,Small Business
CUST2481,Visakhapatnam,Corporate
CUST2482,Delhi,Student
CUST2483,Kochi,Consumer
CUST2484,Chennai,Corporate
CUST2485,Visakhapatnam,Corporate
CUST2486,Indore,Corporate
CUST2487,Patna,Small Business
CUST2488,Indore,Small Business
CUST2489,Mumbai,Student
CUST2490,Patna,Consumer
CUST2491,Mysore,Student
CUST2492,Rajkot,Consumer
CUST2493,Lucknow,Small Business
CUST2494,Gurgaon,Consumer
CUST2495,Kolkata,Corporate
CUST2496,Bangalore,Small Business
CUST2497,Bhopal,Corporate
CUST2498,Visakhapatnam,Student
CUST2499,Ahmedabad,Corporate
CUST2500,Trivandrum,Student
CUST2501,Noida,Consumer
CUST2502,Bangalore,Consumer
CUST2503,Thane,Consumer
CUST2504,Trivandrum,Corporate
CUST2505,Trivandrum,Student
CUST2506,Nagpur,Student
CUST2507,Bhopal,Consumer
CUST2508,Chandigarh,Corporate
CUST2509,Mumbai,Consumer
CUST2510,Chennai,Consumer
CUST2511,Bangalore,Corporate
CUST2512,Chandigarh,Student
CUST2513,Visakhapatnam,Corporate
CUST2514,Lucknow,Small Business
CUST2515,Bhopal,Consumer
CUST2516,Kochi,Consumer
CUST2517,Gurgaon,Student
CUST2518,Nagpur,Student
CUST2519,Lucknow,Student
CUST2520,Delhi,Small Business
CUST2521,Delhi,Corporate
CUST2522,Gurgaon,Corporate
CUST2523,Chandigarh,Consumer
CUST2524,Chennai,Student
CUST2525,Chennai,Student
CUST2526,Mysore,Student
CUST2527,Vadodara,Corporate
CUST2528,Chennai,Student
CUST2529,Jaipur,Consumer
CUST2530,Noida,Small Business
CUST2531,Surat,Small Business
CUST2532,Indore,Student
CUST2533,Visakhapatnam,Student
CUST2534,Delhi,Corporate
CUST2535,Nagpur,Corporate
CUST2536,Lucknow,Student
CUST2537,Thane,Student
CUST2538,Chandigarh,Consumer
CUST2539,Patna,Student
CUST2540,Jaipur,Student
CUST2541,Rajkot,Student
CUST2542,Kochi,Small Business
CUST2543,Nashik,Small Business
CUST2544,Bhopal,Small Business
CUST2545,Jaipur,Consumer
CUST2546,Bhopal,Small Business
CUST2547,Mumbai,Corporate
CUST2548,Kochi,Small Business
CUST2549,Chennai,Student
CUST2550,Chandigarh,Corporate
CUST2551,Rajkot,Small Business
CUST2552,Nashik,Corporate
CUST2553,Jodhpur,Small Business
CUST2554,Pune,Student
CUST2555,Delhi,Consumer
CUST2556,Kanpur,Corporate
CUST2557,Jaipur,Consumer
CUST2558,Nashik,Corporate
CUST2559,Delhi,Student
CUST2560,Jaipur,Student
CUST2561,Kochi,Corporate
CUST2562,Trivandrum,Consumer
CUST2563,Ahmedabad,Student
CUST2564,Madurai,Consumer
CUST2565,Bangalore,Corporate
CUST2566,Trivandrum,Consumer
CUST2567,Noida,Corporate
CUST2568,Patna,Corporate
CUST2569,Surat,Corporate
CUST2570,Bhopal,Student
CUST2571,Trivandrum,Corporate
CUST2572,Madurai,Small Business
CUST2573,Rajkot,Corporate
CUST2574,Surat,Corporate
CUST2575,Thane,Small Business
CUST2576,Chennai,Consumer
CUST2577,Pune,Corporate
CUST2578,Thane,Consumer
CUST2579,Bangalore,Consumer
CUST2580,Madurai,Small Business
CUST2581,Vadodara,Corporate
CUST2582,Lucknow,Student
CUST2583,Mysore,Student
CUST2584,Thane,Consumer
CUST2585,Noida,Consumer
CUST2586,Nagpur,Small Business
CUST2587,Rajkot,Corporate
CUST2588,Pune,Student
CUST2589,Kanpur,Small Business
CUST2590,Mysore,Corporate
CUST2591,Trivandrum,Small Business
CUST2592,Visakhapatnam,Small Business
CUST2593,Kolkata,Small Business
CUST2594,Nagpur,Consumer
CUST2595,Chennai,Consumer
CUST2596,Madurai,Consumer
CUST2597,Ahmedabad,Student
CUST2598,Lucknow,Small Business
CUST2599,Patna,Student
CUST2600,Kanpur,Consumer
CUST2601,Rajkot,Small Business
CUST2602,Kolkata,Student
CUST2603,Jaipur,Student
CUST2604,Mumbai,Small Business
CUST2605,Chennai,Consumer
CUST2606,Gurgaon,Student
CUST2607,Mysore,Corporate
CUST2608,Jaipur,Consumer
CUST2609,Chandigarh,Corporate
CUST2610,Indore,Consumer
CUST2611,Trivandrum,Corporate
CUST2612,Kanpur,Small Business
CUST2613,Mumbai,Consumer
CUST2614,Coimbatore,Small Business
CUST2615,Lucknow,Small Business
CUST2616,Chennai,Corporate
CUST2617,Chennai,Corporate
CUST2618,Madurai,Small Business
CUST2619,Trivandrum,Corporate
CUST2620,Jaipur,Corporate
CUST2621,Noida,Corporate
CUST2622,Jaipur,Corporate
CUST2623,Ahmedabad,Corporate
CUST2624,Hyderabad,Student
CUST2625,Rajkot,Corporate
CUST2626,Nashik,Consumer
CUST2627,Nagpur,Student
CUST2628,Ahmedabad,Consumer
CUST2629,Lucknow,Consumer
CUST2630,Kanpur,Consumer
CUST2631,Surat,Corporate
CUST2632,Madurai,Small Business
CUST2633,Noida,Small Business
CUST2634,Kanpur,Corporate
CUST2635,Rajkot,Corporate
CUST2636,Bhopal,Consumer
CUST2637,Nagpur,Consumer
CUST2638,Coimbatore,Student
CUST2639,Nagpur,Student
CUST2640,Mysore,Consumer
CUST2641,Kanpur,Consumer
CUST2642,Mumbai,Consumer
CUST2643,Lucknow,Consumer
CUST2644,Madurai,Small Business
CUST2645,Vadodara,Consumer
CUST2646,Thane,Corporate
CUST2647,Kolkata,Consumer
CUST2648,Nashik,Small Business
CUST2649,Jaipur,Consumer
CUST2650,Delhi,Small Business
CUST2651,Trivandrum,Small Business
CUST2652,Bhopal,Consumer
CUST2653,Ahmedabad,Student
CUST2654,Pune,Student
CUST2655,Trivandrum,Consumer
CUST2656,Kolkata,Student
CUST2657,Chandigarh,Consumer
CUST2658,Jaipur,Corporate
CUST2659,Mumbai,Corporate
CUST2660,Jodhpur,Small Business
CUST2661,Mumbai,Student
CUST2662,Jaipur,Consumer
CUST2663,Madurai,Small Business
CUST2664,Chennai,Consumer
CUST2665,Mysore,Small Business
CUST2666,Mumbai,Corporate
CUST2667,Bangalore,Corporate
CUST2668,Mumbai,Consumer
CUST2669,Mysore,Small Business
CUST2670,Ahmedabad,Consumer
CUST2671,Pune,Small Business
CUST2672,Jodhpur,Student
CUST2673,Gurgaon,Corporate
CUST2674,Trivandrum,Consumer
CUST2675,Coimbatore,Corporate
CUST2676,Kochi,Student
CUST2677,Trivandrum,Consumer
CUST2678,Jaipur,Small Business
CUST2679,Surat,Student
CUST2680,Vadodara,Corporate
CUST2681,Jodhpur,Corporate
CUST2682,Kolkata,Small Business
CUST2683,Surat,Consumer
CUST2684,Trivandrum,Corporate
CUST2685,Thane,Student
CUST2686,Bangalore,Corporate
CUST2687,Chandigarh,Consumer
CUST2688,Pune,Small Business
CUST2689,Patna,Consumer
CUST2690,Mysore,Small Business
CUST2691,Indore,Corporate
CUST2692,Indore,Small Business
CUST2693,Thane,Small Business
CUST2694,Kolkata,Corporate
CUST2695,Thane,Corporate
CUST2696,Visakhapatnam,Corporate
CUST2697,Kanpur,Student
CUST2698,Pune,Small Business
CUST2699,Coimbatore,Consumer
CUST2700,Kolkata,Corporate
CUST2701,Kanpur,Small Business
CUST2702,Nashik,Consumer
CUST2703,Surat,Student
CUST2704,Pune,Corporate
CUST2705,Indore,Small Business
CUST2706,Kanpur,Consumer
CUST2707,Kanpur,Corporate
CUST2708,Thane,Small Business
CUST2709,Madurai,Corporate
CUST2710,Lucknow,Corporate
CUST2711,Visakhapatnam,Student
CUST2712,Madurai,Student
CUST2713,Bangalore,Small Business
CUST2714,Jaipur,Student
CUST2715,Nashik,Corporate
CUST2716,Indore,Consumer
CUST2717,Nagpur,Corporate
CUST2718,Mumbai,Small Business
CUST2719,Mumbai,Student
CUST2720,Surat,Corporate
CUST2721,Lucknow,Consumer
CUST2722,Chennai,Small Business
CUST2723,Surat,Corporate
CUST2724,Kochi,Small Business
CUST2725,Kochi,Corporate
CUST2726,Visakhapatnam,Corporate
CUST2727,Bangalore,Student
CUST2728,Noida,Small Business
CUST2729,Bangalore,Corporate
CUST2730,Coimbatore,Student
CUST2731,Kolkata,Consumer
CUST2732,Jodhpur,Consumer
CUST2733,Madurai,Small Business
CUST2734,Rajkot,Corporate
CUST2735,Coimbatore,Small Business
CUST2736,Bhopal,Corporate
CUST2737,Rajkot,Student
CUST2738,Ahmedabad,Small Business
CUST2739,Jodhpur,Consumer
CUST2740,Bhopal,Consumer
CUST2741,Mumbai,Student
CUST2742,Coimbatore,Consumer
CUST2743,Pune,Small Business
CUST2744,Kanpur,Student
CUST2745,Noida,Consumer
CUST2746,Chandigarh,Consumer
CUST2747,Lucknow,Consumer
CUST2748,Jodhpur,Student
CUST2749,Pune,Corporate
CUST2750,Kochi,Small Business
CUST2751,Kanpur,Student
CUST2752,Nashik,Consumer
CUST2753,Nagpur,Corporate
CUST2754,Mysore,Corporate
CUST2755,Kochi,Consumer
CUST2756,Ahmedabad,Student
CUST2757,Trivandrum,Student
CUST2758,Kolkata,Consumer
CUST2759,Visakhapatnam,Student
CUST2760,Coimbatore,Student
CUST2761,Mysore,Small Business
CUST2762,Ahmedabad,Consumer
CUST2763,Bangalore,Consumer
CUST2764,Ahmedabad,Student
CUST2765,Lucknow,Student
CUST2766,Mumbai,Corporate
CUST2767,Chennai,Corporate
CUST2768,Indore,Consumer
CUST2769,Lucknow,Small Business
CUST2770,Bhopal,Student
CUST2771,Nagpur,Corporate
CUST2772,Noida,Small Business
CUST2773,Delhi,Small Business
CUST2774,Mysore,Small Business
CUST2775,Noida,Small Business
CUST2776,Kanpur,Corporate
CUST2777,Kochi,Student
CUST2778,Kanpur,Consumer
CUST2779,Nagpur,Small Business
CUST2780,Jodhpur,Student
CUST2781,Visakhapatnam,Student
CUST2782,Pune,Student
CUST2783,Trivandrum,Corporate
CUST2784,Kochi,Small Business
CUST2785,Lucknow,Corporate
CUST2786,Delhi,Small Business
CUST2787,Jodhpur,Small Business
CUST2788,Nashik,Student
CUST2789,Surat,Corporate
CUST2790,Indore,Student
CUST2791,Nashik,Corporate
CUST2792,Trivandrum,Corporate
CUST2793,Patna,Small Business
CUST2794,Thane,Consumer
CUST2795,Ahmedabad,Consumer
CUST2796,Jodhpur,Corporate
CUST2797,Indore,Consumer
CUST2798,Bhopal,Consumer
CUST2799,Surat,Small Business
CUST2800,Bhopal,Small Business
CUST2801,Jodhpur,Small Business
CUST2802,Gurgaon,Small Business
CUST2803,Delhi,Student
CUST2804,Chennai,Small Business
CUST2805,Surat,Small Business
CUST2806,Noida,Student
CUST2807,Chandigarh,Corporate
CUST2808,Jaipur,Corporate
CUST2809,Jaipur,Consumer
CUST2810,Pune,Small Business
CUST2811,Mumbai,Small Business
CUST2812,Lucknow,Student
CUST2813,Jodhpur,Student
CUST2814,Patna,Corporate
CUST2815,Indore,Corporate
CUST2816,Chennai,Student
CUST2817,Nagpur,Student
CUST2818,Mysore,Consumer
CUST2819,Kochi,Student
CUST2820,Surat,Student
CUST2821,Kochi,Student
CUST2822,Trivandrum,Consumer
CUST2823,Lucknow,Small Business
CUST2824,Vadodara,Corporate
CUST2825,Kolkata,Small Business
CUST2826,Mumbai,Corporate
CUST2827,Delhi,Corporate
CUST2828,Noida,Corporate
CUST2829,Lucknow,Small Business
CUST2830,Surat,Consumer
CUST2831,Jaipur,Small Business
CUST2832,Surat,Consumer
CUST2833,Jodhpur,Student
CUST2834,Ahmedabad,Small Business
CUST2835,Rajkot,Consumer
CUST2836,Gurgaon,Student
CUST2837,Vadodara,Small Business
CUST2838,Pune,Consumer
CUST2839,Nagpur,Corporate
CUST2840,Chandigarh,Corporate
CUST2841,Indore,Student
CUST2842,Jaipur,Small Business
CUST2843,Bangalore,Student
CUST2844,Kochi,Corporate
CUST2845,Kolkata,Corporate
CUST2846,Coimbatore,Corporate
CUST2847,Gurgaon,Consumer
CUST2848,Nagpur,Small Business
CUST2849,Chennai,Corporate
CUST2850,Pune,Corporate
CUST2851,Trivandrum,Small Business
CUST2852,Patna,Corporate
CUST2853,Kanpur,Corporate
CUST2854,Noida,Small Business
CUST2855,Trivandrum,Small Business
CUST2856,Delhi,Small Business
CUST2857,Trivandrum,Small Business
CUST2858,Jaipur,Student
CUST2859,Hyderabad,Consumer
CUST2860,Jodhpur,Small Business
CUST2861,Thane,Student
CUST2862,Nagpur,Student
CUST2863,Hyderabad,Small Business
CUST2864,Lucknow,Consumer
CUST2865,Kanpur,Corporate
CUST2866,Nagpur,Student
CUST2867,Bhopal,Corporate
CUST2868,Coimbatore,Corporate
CUST2869,Ahmedabad,Corporate
CUST2870,Mysore,Corporate
CUST2871,Kochi,Student
CUST2872,Nagpur,Student
CUST2873,Rajkot,Student
CUST2874,Patna,Small Business
CUST2875,Trivandrum,Consumer
CUST2876,Noida,Consumer
CUST2877,Kochi,Consumer
CUST2878,Bhopal,Corporate
CUST2879,Kanpur,Corporate
CUST2880,Hyderabad,Small Business
CUST2881,Mysore,Small Business
CUST2882,Nagpur,Student
CUST2883,Vadodara,Student
CUST2884,Bhopal,Consumer
CUST2885,Nashik,Small Business
CUST2886,Chandigarh,Student
CUST2887,Gurgaon,Student
CUST2888,Chennai,Consumer
CUST2889,Trivandrum,Corporate
CUST2890,Noida,Corporate
CUST2891,Kolkata,Small Business
CUST2892,Visakhapatnam,Consumer
CUST2893,Kanpur,Student
CUST2894,Ahmedabad,Corporate
CUST2895,Coimbatore,Consumer
CUST2896,Kanpur,Student
CUST2897,Delhi,Student
CUST2898,Visakhapatnam,Consumer
CUST2899,Gurgaon,Consumer
CUST2900,Madurai,Consumer
CUST2901,Rajkot,Consumer
CUST2902,Chandigarh,Corporate
CUST2903,Patna,Small Business
CUST2904,Noida,Corporate
CUST2905,Visakhapatnam,Small Business
CUST2906,Lucknow,Student
CUST2907,Visakhapatnam,Corporate
CUST2908,Bhopal,Student
CUST2909,Patna,Corporate
CUST2910,Jodhpur,Corporate
CUST2911,Rajkot,Student
CUST2912,Gurgaon,Student
CUST2913,Patna,Corporate
CUST2914,Hyderabad,Consumer
CUST2915,Nagpur,Student
CUST2916,Ahmedabad,Student
CUST2917,Madurai,Small Business
CUST2918,Hyderabad,Corporate
CUST2919,Nagpur,Consumer
CUST2920,Bhopal,Student
CUST2921,Kochi,Consumer
CUST2922,Jaipur,Student
CUST2923,Noida,Student
CUST2924,Pune,Corporate
CUST2925,Visakhapatnam,Student
CUST2926,Madurai,Small Business
CUST2927,Kanpur,Consumer
CUST2928,Bangalore,Student
CUST2929,Indore,Small Business
CUST2930,Vadodara,Consumer
CUST2931,Gurgaon,Corporate
CUST2932,Chandigarh,Corporate
CUST2933,Chennai,Corporate
CUST2934,Ahmedabad,Consumer
CUST2935,Bangalore,Small Business
CUST2936,Hyderabad,Consumer
CUST2937,Trivandrum,Small Business
CUST2938,Mysore,Consumer
CUST2939,Nagpur,Consumer
CUST2940,Mysore,Small Business
CUST2941,Chandigarh,Consumer
CUST2942,Jodhpur,Student
CUST2943,Gurgaon,Small Business
CUST2944,Jaipur,Student
CUST2945,Jaipur,Consumer
CUST2946,Nashik,Student
CUST2947,Nagpur,Corporate
CUST2948,Visakhapatnam,Small Business
CUST2949,Vadodara,Small Business
CUST2950,Noida,Corporate
CUST2951,Pune,Student
CUST2952,Rajkot,Student
CUST2953,Lucknow,Small Business
CUST2954,Gurgaon,Small Business
CUST2955,Rajkot,Student
CUST2956,Ahmedabad,Small Business
CUST2957,Coimbatore,Student
CUST2958,Gurgaon,Small Business
CUST2959,Mysore,Corporate
CUST2960,Chennai,Corporate
CUST2961,Bangalore,Student
CUST2962,Delhi,Student
CUST2963,Mumbai,Consumer
CUST2964,Indore,Student
CUST2965,Visakhapatnam,Small Business
CUST2966,Nashik,Small Business
CUST2967,Indore,Student
CUST2968,Mysore,Student
CUST2969,Delhi,Corporate
CUST2970,Delhi,Small Business
CUST2971,Chennai,Consumer
CUST2972,Delhi,Student
CUST2973,Ahmedabad,Corporate
CUST2974,Coimbatore,Student
CUST2975,Jaipur,Small Business
CUST2976,Jodhpur,Consumer
CUST2977,Visakhapatnam,Small Business
CUST2978,Jaipur,Consumer
CUST2979,Surat,Corporate
CUST2980,Visakhapatnam,Consumer
CUST2981,Nagpur,Corporate
CUST2982,Mysore,Consumer
CUST2983,Nashik,Corporate
CUST2984,Lucknow,Student
CUST2985,Pune,Student
CUST2986,Trivandrum,Corporate
CUST2987,Lucknow,Student
CUST2988,Nagpur,Consumer
CUST2989,Rajkot,Student
CUST2990,Surat,Student
CUST2991,Visakhapatnam,Consumer
CUST2992,Jodhpur,Small Business
CUST2993,Indore,Small Business
CUST2994,Thane,Student
CUST2995,Pune,Consumer
CUST2996,Trivandrum,Small Business
CUST2997,Nashik,Consumer
CUST2998,Bhopal,Corporate
CUST2999,Vadodara,Corporate
CUST3000,Patna,Corporate
CUST3001,Mumbai,Consumer
CUST3002,Madurai,Corporate
CUST3003,Nagpur,Student
CUST3004,Bangalore,Small Business
CUST3005,Madurai,Small Business
CUST3006,Surat,Consumer
CUST3007,Thane,Small Business
CUST3008,Lucknow,Consumer
CUST3009,Mysore,Corporate
CUST3010,Indore,Corporate
CUST3011,Mumbai,Student
CUST3012,Nagpur,Consumer
CUST3013,Patna,Corporate
CUST3014,Mumbai,Corporate
CUST3015,Ahmedabad,Corporate
CUST3016,Lucknow,Corporate
CUST3017,Mumbai,Student
CUST3018,Mumbai,Small Business
CUST3019,Noida,Student
CUST3020,Nashik,Small Business
CUST3021,Coimbatore,Corporate
CUST3022,Bangalore,Student
CUST3023,Madurai,Small Business
CUST3024,Patna,Corporate
CUST3025,Mumbai,Small Business
CUST3026,Hyderabad,Student
CUST3027,Hyderabad,Consumer
CUST3028,Hyderabad,Small Business
CUST3029,Kolkata,Corporate
CUST3030,Nagpur,Small Business
CUST3031,Chennai,Corporate
CUST3032,Pune,Consumer
CUST3033,Indore,Small Business
CUST3034,Ahmedabad,Corporate
CUST3035,Rajkot,Small Business
CUST3036,Mysore,Consumer
CUST3037,Patna,Corporate
CUST3038,Mysore,Consumer
CUST3039,Kanpur,Consumer
CUST3040,Thane,Small Business
CUST3041,Surat,Corporate
CUST3042,Coimbatore,Corporate
CUST3043,Kochi,Small Business
CUST3044,Mysore,Small Business
CUST3045,Jaipur,Small Business
CUST3046,Ahmedabad,Consumer
CUST3047,Bangalore,Consumer
CUST3048,Delhi,Small Business
CUST3049,Thane,Corporate
CUST3050,Mysore,Corporate
CUST3051,Mysore,Corporate
CUST3052,Kanpur,Small Business
CUST3053,Rajkot,Consumer
CUST3054,Jodhpur,Small Business
CUST3055,Vadodara,Consumer
CUST3056,Gurgaon,Consumer
CUST3057,Chandigarh,Corporate
CUST3058,Mysore,Small Business
CUST3059,Mumbai,Student
CUST3060,Thane,Consumer
CUST3061,Surat,Small Business
CUST3062,Bangalore,Small Business
CUST3063,Bangalore,Student
CUST3064,Mumbai,Consumer
CUST3065,Noida,Small Business
CUST3066,Patna,Small Business
CUST3067,Kochi,Small Business
CUST3068,Visakhapatnam,Small Business
CUST3069,Trivandrum,Consumer
CUST3070,Patna,Student
CUST3071,Ahmedabad,Small Business
CUST3072,Bhopal,Student
CUST3073,Bangalore,Small Business
CUST3074,Chennai,Student
CUST3075,Pune,Corporate
CUST3076,Surat,Small Business
CUST3077,Thane,Student
CUST3078,Trivandrum,Corporate
CUST3079,Bhopal,Corporate
CUST3080,Mysore,Small Business
CUST3081,Nagpur,Consumer
CUST3082,Jodhpur,Corporate
CUST3083,Thane,Corporate
CUST3084,Trivandrum,Student
CUST3085,Bhopal,Student
CUST3086,Noida,Corporate
CUST3087,Mysore,Consumer
CUST3088,Jodhpur,Corporate
CUST3089,Nashik,Corporate
CUST3090,Kolkata,Student
CUST3091,Delhi,Corporate
CUST3092,Ahmedabad,Consumer
CUST3093,Bangalore,Corporate
CUST3094,Mysore,Student
CUST3095,Indore,Student
CUST3096,Gurgaon,Consumer
CUST3097,Visakhapatnam,Small Business
CUST3098,Pune,Small Business
CUST3099,Gurgaon,Student
CUST3100,Pune,Small Business
CUST3101,Visakhapatnam,Small Business
CUST3102,Nagpur,Corporate
CUST3103,Bangalore,Student
CUST3104,Indore,Consumer
CUST3105,Kolkata,Small Business
CUST3106,Nashik,Corporate
CUST3107,Jaipur,Student
CUST3108,Trivandrum,Small Business
CUST3109,Ahmedabad,Student
CUST3110,Noida,Consumer
CUST3111,Surat,Corporate
CUST3112,Jodhpur,Small Business
CUST3113,Thane,Corporate
CUST3114,Delhi,Consumer
CUST3115,Noida,Student
CUST3116,Ahmedabad,Small Business
CUST3117,Mysore,Small Business
CUST3118,Vadodara,Corporate
CUST3119,Surat,Student
CUST3120,Ahmedabad,Corporate
CUST3121,Indore,Student
CUST3122,Chandigarh,Consumer
CUST3123,Kochi,Corporate
CUST3124,Lucknow,Corporate
CUST3125,Gurgaon,Small Business
CUST3126,Kolkata,Consumer
CUST3127,Patna,Corporate
CUST3128,Mumbai,Small Business
CUST3129,Jodhpur,Student
CUST3130,Lucknow,Consumer
CUST3131,Kochi,Student
CUST3132,Visakhapatnam,Corporate
CUST3133,Thane,Corporate
CUST3134,Patna,Consumer
CUST3135,Delhi,Student
CUST3136,Chandigarh,Small Business
CUST3137,Rajkot,Small Business
CUST3138,Vadodara,Consumer
CUST3139,Ahmedabad,Student
CUST3140,Surat,Consumer
CUST3141,Nagpur,Corporate
CUST3142,Jodhpur,Consumer
CUST3143,Thane,Student
CUST3144,Mumbai,Student
CUST3145,Chennai,Consumer
CUST3146,Indore,Small Business
CUST3147,Visakhapatnam,Corporate
CUST3148,Hyderabad,Corporate
CUST3149,Hyderabad,Small Business
CUST3150,Noida,Student
CUST3151,Madurai,Corporate
CUST3152,Surat,Student
CUST3153,Jodhpur,Student
CUST3154,Noida,Student
CUST3155,Nagpur,Small Business
CUST3156,Pune,Student
CUST3157,Rajkot,Student
CUST3158,Gurgaon,Consumer
CUST3159,Madurai,Small Business
CUST3160,Madurai,Small Business
CUST3161,Jaipur,Small Business
CUST3162,Bangalore,Student
CUST3163,Pune,Consumer
CUST3164,Kanpur,Small Business
CUST3165,Surat,Small Business
CUST3166,Noida,Small Business
CUST3167,Ahmedabad,Student
CUST3168,Indore,Student
CUST3169,Gurgaon,Corporate
CUST3170,Chandigarh,Consumer
CUST3171,Kanpur,Consumer
CUST3172,Ahmedabad,Corporate
CUST3173,Kolkata,Student
CUST3174,Surat,Corporate
CUST3175,Lucknow,Small Business
CUST3176,Kanpur,Corporate
CUST3177,Delhi,Corporate
CUST3178,Trivandrum,Corporate
CUST3179,Bhopal,Small Business
CUST3180,Surat,Consumer
CUST3181,Patna,Student
CUST3182,Coimbatore,Corporate
CUST3183,Coimbatore,Corporate
CUST3184,Coimbatore,Small Business
CUST3185,Chandigarh,Corporate
CUST3186,Chennai,Small Business
CUST3187,Indore,Consumer
CUST3188,Chandigarh,Corporate
CUST3189,Noida,Corporate
CUST3190,Lucknow,Consumer
CUST3191,Bangalore,Corporate
CUST3192,Surat,Student
CUST3193,Mumbai,Small Business
CUST3194,Noida,Consumer
CUST3195,Indore,Student
CUST3196,Madurai,Corporate
CUST3197,Surat,Small Business
CUST3198,Patna,Student
CUST3199,Noida,Corporate
CUST3200,Indore,Corporate
CUST3201,Thane,Consumer
CUST3202,Surat,Consumer
CUST3203,Patna,Corporate
CUST3204,Hyderabad,Small Business
CUST3205,Gurgaon,Consumer
CUST3206,Indore,Consumer
CUST3207,Patna,Corporate
CUST3208,Jaipur,Student
CUST3209,Hyderabad,Student
CUST3210,Mysore,Corporate
CUST3211,Lucknow,Student
CUST3212,Trivandrum,Student
CUST3213,Delhi,Student
CUST3214,Hyderabad,Corporate
CUST3215,Bangalore,Student
CUST3216,Thane,Corporate
CUST3217,Bangalore,Corporate
CUST3218,Noida,Small Business
CUST3219,Lucknow,Student
CUST3220,Thane,Consumer
CUST3221,Patna,Consumer
CUST3222,Kanpur,Small Business
CUST3223,Noida,Consumer
CUST3224,Surat,Consumer
CUST3225,Mumbai,Small Business
CUST3226,Nagpur,Small Business
CUST3227,Kochi,Student
CUST3228,Delhi,Consumer
CUST3229,Nashik,Student
CUST3230,Pune,Small Business
CUST3231,Thane,Consumer
CUST3232,Chandigarh,Consumer
CUST3233,Jaipur,Consumer
CUST3234,Jaipur,Small Business
CUST3235,Pune,Consumer
CUST3236,Mysore,Corporate
CUST3237,Jaipur,Consumer
CUST3238,Patna,Small Business
CUST3239,Hyderabad,Small Business
CUST3240,Madurai,Consumer
CUST3241,Delhi,Consumer
CUST3242,Lucknow,Student
CUST3243,Jaipur,Corporate
CUST3244,Indore,Small Business
CUST3245,Nashik,Student
CUST3246,Rajkot,Corporate
CUST3247,Indore,Corporate
CUST3248,Trivandrum,Small Business
CUST3249,Patna,Corporate
CUST3250,Nashik,Corporate
CUST3251,Pune,Consumer
CUST3252,Vadodara,Small Business
CUST3253,Thane,Small Business
CUST3254,Chandigarh,Small Business
CUST3255,Coimbatore,Consumer
CUST3256,Vadodara,Small Business
CUST3257,Coimbatore,Consumer
CUST3258,Ahmedabad,Consumer
CUST3259,Jaipur,Corporate
CUST3260,Jaipur,Small Business
CUST3261,Coimbatore,Consumer
CUST3262,Thane,Small Business
CUST3263,Thane,Small Business
CUST3264,Mysore,Consumer
CUST3265,Delhi,Small Business
CUST3266,Madurai,Consumer
CUST3267,Chandigarh,Corporate
CUST3268,Chandigarh,Consumer
CUST3269,Jodhpur,Corporate
CUST3270,Bangalore,Small Business
CUST3271,Kolkata,Student
CUST3272,Bhopal,Corporate
CUST3273,Jodhpur,Student
CUST3274,Trivandrum,Small Business
CUST3275,Indore,Student
CUST3276,Kolkata,Student
CUST3277,Rajkot,Student
CUST3278,Pune,Small Business
CUST3279,Mumbai,Consumer
CUST3280,Nashik,Student
CUST3281,Lucknow,Small Business
CUST3282,Kanpur,Consumer
CUST3283,Coimbatore,Small Business
CUST3284,Nagpur,Student
CUST3285,Rajkot,Corporate
CUST3286,Nashik,Small Business
CUST3287,Nagpur,Corporate
CUST3288,Kanpur,Student
CUST3289,Trivandrum,Corporate
CUST3290,Bangalore,Corporate
CUST3291,Chennai,Small Business
CUST3292,Bangalore,Small Business
CUST3293,Visakhapatnam,Consumer
CUST3294,Rajkot,Corporate
CUST3295,Indore,Small Business
CUST3296,Chandigarh,Corporate
CUST3297,Bangalore,Consumer
CUST3298,Jodhpur,Consumer
CUST3299,Jaipur,Consumer
CUST3300,Nashik,Consumer
CUST3301,Trivandrum,Small Business
CUST3302,Noida,Student
CUST3303,Jaipur,Consumer
CUST3304,Bhopal,Student
CUST3305,Patna,Corporate
CUST3306,Chennai,Small Business
CUST3307,Mysore,Student
CUST3308,Mumbai,Corporate
CUST3309,Madurai,Corporate
CUST3310,Lucknow,Corporate
CUST3311,Hyderabad,Consumer
CUST3312,Indore,Student
CUST3313,Thane,Consumer
CUST3314,Nashik,Corporate
CUST3315,Hyderabad,Student
CUST3316,Madurai,Small Business
CUST3317,Coimbatore,Consumer
CUST3318,Patna,Consumer
CUST3319,Hyderabad,Consumer
CUST3320,Trivandrum,Consumer
CUST3321,Indore,Student
CUST3322,Hyderabad,Student
CUST3323,Bhopal,Corporate
CUST3324,Bhopal,Small Business
CUST3325,Kochi,Small Business
CUST3326,Bangalore,Consumer
CUST3327,Madurai,Corporate
CUST3328,Indore,Corporate
CUST3329,Mysore,Corporate
CUST3330,Visakhapatnam,Consumer
CUST3331,Thane,Consumer
CUST3332,Jaipur,Student
CUST3333,Chennai,Consumer
CUST3334,Delhi,Consumer
CUST3335,Visakhapatnam,Consumer
CUST3336,Hyderabad,Small Business
CUST3337,Lucknow,Small Business
CUST3338,Visakhapatnam,Consumer
CUST3339,Kolkata,Consumer
CUST3340,Ahmedabad,Small Business
CUST3341,Kanpur,Consumer
CUST3342,Hyderabad,Student
CUST3343,Mysore,Corporate
CUST3344,Jaipur,Corporate
CUST3345,Thane,Student
CUST3346,Mysore,Consumer
CUST3347,Delhi,Consumer
CUST3348,Kochi,Small Business
CUST3349,Mumbai,Small Business
CUST3350,Ahmedabad,Consumer
CUST3351,Lucknow,Corporate
CUST3352,Chandigarh,Corporate
CUST3353,Kanpur,Corporate
CUST3354,Bangalore,Consumer
CUST3355,Nashik,Small Business
CUST3356,Noida,Corporate
CUST3357,Nashik,Small Business
CUST3358,Chennai,Consumer
CUST3359,Ahmedabad,Small Business
CUST3360,Lucknow,Small Business
CUST3361,Hyderabad,Consumer
CUST3362,Nashik,Consumer
CUST3363,Hyderabad,Consumer
CUST3364,Bangalore,Consumer
CUST3365,Patna,Corporate
CUST3366,Jodhpur,Consumer
CUST3367,Lucknow,Small Business
CUST3368,Lucknow,Student
CUST3369,Pune,Corporate
CUST3370,Nashik,Small Business
CUST3371,Nagpur,Corporate
CUST3372,Coimbatore,Corporate
CUST3373,Bhopal,Consumer
CUST3374,Noida,Corporate
CUST3375,Noida,Corporate
CUST3376,Chandigarh,Small Business
CUST3377,Surat,Student
CUST3378,Bhopal,Small Business
CUST3379,Mumbai,Corporate
CUST3380,Ahmedabad,Student
CUST3381,Visakhapatnam,Consumer
CUST3382,Indore,Small Business
CUST3383,Nagpur,Small Business
CUST3384,Chandigarh,Small Business
CUST3385,Bangalore,Corporate
CUST3386,Visakhapatnam,Small Business
CUST3387,Visakhapatnam,Student
CUST3388,Rajkot,Corporate
CUST3389,Visakhapatnam,Student
CUST3390,Jodhpur,Corporate
CUST3391,Pune,Corporate
CUST3392,Mysore,Student
CUST3393,Nashik,Small Business
CUST3394,Thane,Corporate
CUST3395,Hyderabad,Corporate
CUST3396,Pune,Small Business
CUST3397,Jaipur,Consumer
CUST3398,Chennai,Small Business
CUST3399,Patna,Small Business
CUST3400,Gurgaon,Corporate
CUST3401,Noida,Corporate
CUST3402,Jaipur,Consumer
CUST3403,Nashik,Corporate
CUST3404,Nagpur,Corporate
CUST3405,Visakhapatnam,Corporate
CUST3406,Chandigarh,Student
CUST3407,Kochi,Student
CUST3408,Gurgaon,Small Business
CUST3409,Trivandrum,Student
CUST3410,Pune,Consumer
CUST3411,Patna,Corporate
CUST3412,Madurai,Small Business
CUST3413,Nashik,Consumer
CUST3414,Bhopal,Corporate
CUST3415,Delhi,Corporate
CUST3416,Bangalore,Small Business
CUST3417,Kochi,Student
CUST3418,Mumbai,Student
CUST3419,Kanpur,Student
CUST3420,Noida,Small Business
CUST3421,Bhopal,Consumer
CUST3422,Nagpur,Student
CUST3423,Chandigarh,Corporate
CUST3424,Nagpur,Corporate
CUST3425,Visakhapatnam,Consumer
CUST3426,Gurgaon,Student
CUST3427,Mumbai,Consumer
CUST3428,Gurgaon,Small Business
CUST3429,Gurgaon,Consumer
CUST3430,Noida,Small Business
CUST3431,Chennai,Corporate
CUST3432,Hyderabad,Small Business
CUST3433,Visakhapatnam,Consumer
CUST3434,Thane,Corporate
CUST3435,Surat,Small Business
CUST3436,Nashik,Student
CUST3437,Mysore,Corporate
CUST3438,Nagpur,Consumer
CUST3439,Indore,Small Business
CUST3440,Kochi,Corporate
CUST3441,Chandigarh,Student
CUST3442,Kochi,Small Business
CUST3443,Jodhpur,Consumer
CUST3444,Pune,Consumer
CUST3445,Kochi,Consumer
CUST3446,Noida,Corporate
CUST3447,Chennai,Student
CUST3448,Kanpur,Small Business
CUST3449,Surat,Consumer
CUST3450,Madurai,Small Business
CUST3451,Kolkata,Consumer
CUST3452,Mysore,Student
CUST3453,Pune,Consumer
CUST3454,Nashik,Student
CUST3455,Kolkata,Consumer
CUST3456,Bangalore,Consumer
CUST3457,Rajkot,Consumer
CUST3458,Surat,Consumer
CUST3459,Surat,Corporate
CUST3460,Chennai,Consumer
CUST3461,Mumbai,Student
CUST3462,Rajkot,Corporate
CUST3463,Kolkata,Consumer
CUST3464,Nashik,Student
CUST3465,Nashik,Consumer
CUST3466,Ahmedabad,Small Business
CUST3467,Coimbatore,Consumer
CUST3468,Jaipur,Student
CUST3469,Chandigarh,Student
CUST3470,Madurai,Consumer
CUST3471,Indore,Consumer
CUST3472,Visakhapatnam,Consumer
CUST3473,Madurai,Student
CUST3474,Surat,Consumer
CUST3475,Mysore,Corporate
CUST3476,Bangalore,Small Business
CUST3477,Rajkot,Corporate
CUST3478,Delhi,Student
CUST3479,Patna,Small Business
CUST3480,Kolkata,Consumer
CUST3481,Bangalore,Small Business
CUST3482,Vadodara,Consumer
CUST3483,Nagpur,Corporate
CUST3484,Jaipur,Consumer
CUST3485,Thane,Student
CUST3486,Kanpur,Small Business
CUST3487,Visakhapatnam,Student
CUST3488,Visakhapatnam,Consumer
CUST3489,Lucknow,Consumer
CUST3490,Trivandrum,Small Business
CUST3491,Kolkata,Consumer
CUST3492,Kanpur,Corporate
CUST3493,Gurgaon,Consumer
CUST3494,Gurgaon,Corporate
CUST3495,Trivandrum,Small Business
CUST3496,Chandigarh,Consumer
CUST3497,Surat,Small Business
CUST3498,Jodhpur,Consumer
CUST3499,Jodhpur,Consumer
CUST3500,Gurgaon,Small Business
CUST3501,Nashik,Small Business
CUST3502,Chandigarh,Consumer
CUST3503,Thane,Student
CUST3504,Kolkata,Small Business
CUST3505,Kanpur,Corporate
CUST3506,Thane,Student
CUST3507,Nashik,Small Business
CUST3508,Chennai,Corporate
CUST3509,Rajkot,Corporate
CUST3510,Noida,Corporate
CUST3511,Vadodara,Corporate
CUST3512,Bhopal,Small Business
CUST3513,Surat,Student
CUST3514,Trivandrum,Student
CUST3515,Thane,Student
CUST3516,Chandigarh,Student
CUST3517,Hyderabad,Corporate
CUST3518,Kanpur,Corporate
CUST3519,Ahmedabad,Corporate
CUST3520,Chandigarh,Student
CUST3521,Rajkot,Corporate
CUST3522,Pune,Consumer
CUST3523,Delhi,Student
CUST3524,Bangalore,Corporate
CUST3525,Jaipur,Small Business
CUST3526,Ahmedabad,Corporate
CUST3527,Mysore,Corporate
CUST3528,Hyderabad,Student
CUST3529,Noida,Student
CUST3530,Indore,Student
CUST3531,Kolkata,Small Business
CUST3532,Vadodara,Small Business
CUST3533,Nagpur,Small Business
CUST3534,Jodhpur,Student
CUST3535,Patna,Small Business
CUST3536,Noida,Consumer
CUST3537,Patna,Student
CUST3538,Madurai,Student
CUST3539,Madurai,Corporate
CUST3540,Bangalore,Consumer
CUST3541,Kolkata,Corporate
CUST3542,Rajkot,Corporate
CUST3543,Kolkata,Consumer
CUST3544,Ahmedabad,Small Business
CUST3545,Mysore,Consumer
CUST3546,Lucknow,Student
CUST3547,Madurai,Student
CUST3548,Kochi,Corporate
CUST3549,Bhopal,Small Business
CUST3550,Pune,Consumer
CUST3551,Vadodara,Corporate
CUST3552,Indore,Small Business
CUST3553,Bhopal,Student
CUST3554,Visakhapatnam,Small Business
CUST3555,Madurai,Consumer
CUST3556,Gurgaon,Corporate
CUST3557,Rajkot,Corporate
CUST3558,Indore,Consumer
CUST3559,Indore,Small Business
CUST3560,Kanpur,Corporate
CUST3561,Jodhpur,Student
CUST3562,Thane,Student
CUST3563,Mysore,Small Business
CUST3564,Patna,Small Business
CUST3565,Indore,Consumer
CUST3566,Mysore,Student
CUST3567,Patna,Student
CUST3568,Mysore,Small Business
CUST3569,Vadodara,Consumer
CUST3570,Visakhapatnam,Small Business
CUST3571,Chennai,Small Business
CUST3572,Bangalore,Student
CUST3573,Bangalore,Student
CUST3574,Surat,Small Business
CUST3575,Nashik,Small Business
CUST3576,Thane,Corporate
CUST3577,Bangalore,Student
CUST3578,Gurgaon,Student
CUST3579,Indore,Consumer
CUST3580,Bhopal,Student
CUST3581,Mumbai,Consumer
CUST3582,Bhopal,Consumer
CUST3583,Pune,Corporate
CUST3584,Pune,Student
CUST3585,Madurai,Student
CUST3586,Mumbai,Small Business
CUST3587,Trivandrum,Consumer
CUST3588,Nagpur,Student
CUST3589,Nashik,Small Business
CUST3590,Mumbai,Small Business
CUST3591,Trivandrum,Corporate
CUST3592,Mysore,Consumer
CUST3593,Noida,Consumer
CUST3594,Hyderabad,Corporate
CUST3595,Mysore,Small Business
CUST3596,Indore,Corporate
CUST3597,Coimbatore,Corporate
CUST3598,Madurai,Small Business
CUST3599,Hyderabad,Small Business
CUST3600,Madurai,Corporate
CUST3601,Hyderabad,Corporate
CUST3602,Jodhpur,Corporate
CUST3603,Bhopal,Student
CUST3604,Pune,Consumer
CUST3605,Nashik,Corporate
CUST3606,Trivandrum,Small Business
CUST3607,Lucknow,Corporate
CUST3608,Delhi,Consumer
CUST3609,Madurai,Corporate
CUST3610,Bhopal,Student
CUST3611,Trivandrum,Student
CUST3612,Kanpur,Student
CUST3613,Surat,Student
CUST3614,Ahmedabad,Corporate
CUST3615,Hyderabad,Small Business
CUST3616,Jaipur,Student
CUST3617,Delhi,Student
CUST3618,Kanpur,Consumer
CUST3619,Chandigarh,Consumer
CUST3620,Thane,Small Business
CUST3621,Lucknow,Corporate
CUST3622,Thane,Small Business
CUST3623,Ahmedabad,Corporate
CUST3624,Pune,Small Business
CUST3625,Chandigarh,Consumer
CUST3626,Indore,Small Business
CUST3627,Jodhpur,Consumer
CUST3628,Jodhpur,Small Business
CUST3629,Kolkata,Student
CUST3630,Surat,Corporate
CUST3631,Indore,Consumer
CUST3632,Mysore,Corporate
CUST3633,Ahmedabad,Small Business
CUST3634,Delhi,Corporate
CUST3635,Coimbatore,Student
CUST3636,Patna,Student
CUST3637,Kanpur,Consumer
CUST3638,Nagpur,Corporate
CUST3639,Trivandrum,Student
CUST3640,Jodhpur,Consumer
CUST3641,Kanpur,Corporate
CUST3642,Ahmedabad,Student
CUST3643,Trivandrum,Student
CUST3644,Bhopal,Corporate
CUST3645,Indore,Small Business
CUST3646,Mumbai,Small Business
CUST3647,Chennai,Small Business
CUST3648,Mumbai,Consumer
CUST3649,Surat,Student
CUST3650,Coimbatore,Consumer
CUST3651,Nashik,Student
CUST3652,Chandigarh,Small Business
CUST3653,Kanpur,Small Business
CUST3654,Kolkata,Small Business
CUST3655,Lucknow,Corporate
CUST3656,Mumbai,Student
CUST3657,Visakhapatnam,Student
CUST3658,Madurai,Corporate
CUST3659,Visakhapatnam,Corporate
CUST3660,Vadodara,Corporate
CUST3661,Indore,Corporate
CUST3662,Noida,Corporate
CUST3663,Trivandrum,Small Business
CUST3664,Rajkot,Corporate
CUST3665,Delhi,Student
CUST3666,Kolkata,Student
CUST3667,Coimbatore,Small Business
CUST3668,Kanpur,Student
CUST3669,Coimbatore,Small Business
CUST3670,Visakhapatnam,Consumer
CUST3671,Madurai,Corporate
CUST3672,Lucknow,Corporate
CUST3673,Trivandrum,Student
CUST3674,Rajkot,Consumer
CUST3675,Bangalore,Small Business
CUST3676,Visakhapatnam,Student
CUST3677,Bangalore,Consumer
CUST3678,Chennai,Consumer
CUST3679,Hyderabad,Student
CUST3680,Lucknow,Small Business
CUST3681,Ahmedabad,Corporate
CUST3682,Nashik,Consumer
CUST3683,Visakhapatnam,Student
CUST3684,Kochi,Consumer
CUST3685,Noida,Consumer
CUST3686,Indore,Consumer
CUST3687,Surat,Consumer
CUST3688,Pune,Student
CUST3689,Rajkot,Small Business
CUST3690,Kanpur,Student
CUST3691,Trivandrum,Consumer
CUST3692,Vadodara,Student
CUST3693,Nashik,Consumer
CUST3694,Thane,Student
CUST3695,Kochi,Student
CUST3696,Madurai,Corporate
CUST3697,Bangalore,Student
CUST3698,Lucknow,Consumer
CUST3699,Patna,Student
CUST3700,Nashik,Consumer
CUST3701,Jaipur,Student
CUST3702,Jaipur,Small Business
CUST3703,Hyderabad,Consumer
CUST3704,Indore,Small Business
CUST3705,Ahmedabad,Consumer
CUST3706,Bangalore,Consumer
CUST3707,Jodhpur,Small Business
CUST3708,Pune,Small Business
CUST3709,Gurgaon,Corporate
CUST3710,Madurai,Consumer
CUST3711,Coimbatore,Student
CUST3712,Madurai,Corporate
CUST3713,Coimbatore,Corporate
CUST3714,Pune,Small Business
CUST3715,Bhopal,Consumer
CUST3716,Coimbatore,Corporate
CUST3717,Indore,Consumer
CUST3718,Vadodara,Small Business
CUST3719,Rajkot,Consumer
CUST3720,Gurgaon,Consumer
CUST3721,Delhi,Corporate
CUST3722,Kolkata,Consumer
CUST3723,Chandigarh,Small Business
CUST3724,Hyderabad,Consumer
CUST3725,Thane,Student
CUST3726,Kolkata,Small Business
CUST3727,Lucknow,Corporate
CUST3728,Jodhpur,Consumer
CUST3729,Rajkot,Student
CUST3730,Vadodara,Corporate
CUST3731,Coimbatore,Student
CUST3732,Visakhapatnam,Consumer
CUST3733,Chennai,Corporate
CUST3734,Nagpur,Corporate
CUST3735,Bhopal,Consumer
CUST3736,Chandigarh,Small Business
CUST3737,Jaipur,Consumer
CUST3738,Madurai,Corporate
CUST3739,Delhi,Consumer
CUST3740,Bhopal,Small Business
CUST3741,Kochi,Corporate
CUST3742,Mumbai,Small Business
CUST3743,Hyderabad,Corporate
CUST3744,Gurgaon,Corporate
CUST3745,Gurgaon,Corporate
CUST3746,Ahmedabad,Small Business
CUST3747,Mumbai,Student
CUST3748,Kanpur,Small Business
CUST3749,Kanpur,Consumer
CUST3750,Coimbatore,Small Business
CUST3751,Trivandrum,Small Business
CUST3752,Lucknow,Small Business
CUST3753,Nagpur,Consumer
CUST3754,Delhi,Consumer
CUST3755,Rajkot,Small Business
CUST3756,Nagpur,Small Business
CUST3757,Coimbatore,Student
CUST3758,Kolkata,Consumer
CUST3759,Ahmedabad,Student
CUST3760,Vadodara,Student
CUST3761,Bangalore,Corporate
CUST3762,Jaipur,Student
CUST3763,Madurai,Small Business
CUST3764,Trivandrum,Consumer
CUST3765,Patna,Consumer
CUST3766,Nagpur,Consumer
CUST3767,Hyderabad,Corporate
CUST3768,Vadodara,Consumer
CUST3769,Rajkot,Student
CUST3770,Kolkata,Corporate
CUST3771,Vadodara,Student
CUST3772,Mumbai,Corporate
CUST3773,Chandigarh,Student
CUST3774,Hyderabad,Consumer
CUST3775,Hyderabad,Student
CUST3776,Noida,Corporate
CUST3777,Rajkot,Small Business
CUST3778,Indore,Consumer
CUST3779,Bhopal,Corporate
CUST3780,Chandigarh,Small Business
CUST3781,Vadodara,Corporate
CUST3782,Visakhapatnam,Small Business
CUST3783,Nagpur,Student
CUST3784,Nashik,Consumer
CUST3785,Coimbatore,Student
CUST3786,Chandigarh,Corporate
CUST3787,Nashik,Student
CUST3788,Jaipur,Corporate
CUST3789,Bhopal,Student
CUST3790,Bhopal,Small Business
CUST3791,Delhi,Small Business
CUST3792,Nagpur,Student
CUST3793,Surat,Small Business
CUST3794,Kolkata,Consumer
CUST3795,Indore,Corporate
CUST3796,Chennai,Corporate
CUST3797,Nagpur,Small Business
CUST3798,Mumbai,Student
CUST3799,Bangalore,Student
CUST3800,Coimbatore,Small Business
CUST3801,Chandigarh,Consumer
CUST3802,Trivandrum,Small Business
CUST3803,Ahmedabad,Small Business
CUST3804,Thane,Small Business
CUST3805,Noida,Corporate
CUST3806,Jodhpur,Corporate
CUST3807,Gurgaon,Student
CUST3808,Noida,Corporate
CUST3809,Noida,Small Business
CUST3810,Lucknow,Corporate
CUST3811,Patna,Corporate
CUST3812,Coimbatore,Student
CUST3813,Thane,Consumer
CUST3814,Rajkot,Student
CUST3815,Rajkot,Corporate
CUST3816,Mumbai,Student
CUST3817,Kochi,Consumer
CUST3818,Noida,Corporate
CUST3819,Mumbai,Student
CUST3820,Rajkot,Consumer
CUST3821,Ahmedabad,Small Business
CUST3822,Bhopal,Corporate
CUST3823,Kochi,Student
CUST3824,Trivandrum,Consumer
CUST3825,Indore,Student
CUST3826,Noida,Corporate
CUST3827,Bangalore,Consumer
CUST3828,Jaipur,Corporate
CUST3829,Rajkot,Student
CUST3830,Jaipur,Small Business
CUST3831,Lucknow,Consumer
CUST3832,Kochi,Corporate
CUST3833,Nashik,Student
CUST3834,Kochi,Student
CUST3835,Delhi,Small Business
CUST3836,Patna,Corporate
CUST3837,Chandigarh,Student
CUST3838,Coimbatore,Small Business
CUST3839,Kolkata,Consumer
CUST3840,Thane,Small Business
CUST3841,Mysore,Student
CUST3842,Ahmedabad,Small Business
CUST3843,Bhopal,Corporate
CUST3844,Madurai,Small Business
CUST3845,Rajkot,Student
CUST3846,Chennai,Student
CUST3847,Mysore,Consumer
CUST3848,Noida,Consumer
CUST3849,Rajkot,Consumer
CUST3850,Trivandrum,Consumer
CUST3851,Coimbatore,Consumer
CUST3852,Madurai,Student
CUST3853,Indore,Student
CUST3854,Indore,Small Business
CUST3855,Ahmedabad,Corporate
CUST3856,Gurgaon,Corporate
CUST3857,Bangalore,Consumer
CUST3858,Kolkata,Corporate
CUST3859,Kolkata,Consumer
CUST3860,Chennai,Student
CUST3861,Thane,Corporate
CUST3862,Chandigarh,Consumer
CUST3863,Jaipur,Small Business
CUST3864,Bangalore,Student
CUST3865,Kanpur,Student
CUST3866,Rajkot,Consumer
CUST3867,Madurai,Consumer
CUST3868,Nagpur,Consumer
CUST3869,Delhi,Corporate
CUST3870,Surat,Student
CUST3871,Patna,Student
CUST3872,Noida,Student
CUST3873,Noida,Consumer
CUST3874,Jodhpur,Corporate
CUST3875,Trivandrum,Consumer
CUST3876,Mysore,Small Business
CUST3877,Nashik,Corporate
CUST3878,Bangalore,Student
CUST3879,Pune,Small Business
CUST3880,Bangalore,Corporate
CUST3881,Mumbai,Student
CUST3882,Gurgaon,Consumer
CUST3883,Nashik,Small Business
CUST3884,Bhopal,Corporate
CUST3885,Jaipur,Corporate
CUST3886,Trivandrum,Student
CUST3887,Noida,Small Business
CUST3888,Indore,Student
CUST3889,Madurai,Consumer
CUST3890,Kolkata,Student
CUST3891,Mysore,Consumer
CUST3892,Rajkot,Student
CUST3893,Ahmedabad,Consumer
CUST3894,Indore,Student
CUST3895,Chandigarh,Consumer
CUST3896,Lucknow,Consumer
CUST3897,Patna,Corporate
CUST3898,Pune,Corporate
CUST3899,Nagpur,Corporate
CUST3900,Kochi,Consumer
CUST3901,Kochi,Consumer
CUST3902,Kolkata,Student
CUST3903,Bangalore,Consumer
CUST3904,Surat,Student
CUST3905,Kochi,Consumer
CUST3906,Mumbai,Small Business
CUST3907,Kanpur,Consumer
CUST3908,Indore,Consumer
CUST3909,Nashik,Consumer
CUST3910,Indore,Small Business
CUST3911,Gurgaon,Student
CUST3912,Kochi,Consumer
CUST3913,Noida,Consumer
CUST3914,Kochi,Consumer
CUST3915,Pune,Student
CUST3916,Visakhapatnam,Corporate
CUST3917,Jodhpur,Corporate
CUST3918,Jaipur,Consumer
CUST3919,Kolkata,Student
CUST3920,Gurgaon,Student
CUST3921,Rajkot,Corporate
CUST3922,Nashik,Consumer
CUST3923,Jaipur,Small Business
CUST3924,Bangalore,Student
CUST3925,Thane,Student
CUST3926,Delhi,Student
CUST3927,Mumbai,Corporate
CUST3928,Jaipur,Corporate
CUST3929,Bhopal,Corporate
CUST3930,Coimbatore,Corporate
CUST3931,Trivandrum,Consumer
CUST3932,Thane,Small Business
CUST3933,Jodhpur,Student
CUST3934,Gurgaon,Corporate
CUST3935,Bhopal,Consumer
CUST3936,Vadodara,Student
CUST3937,Visakhapatnam,Consumer
CUST3938,Bangalore,Small Business
CUST3939,Nashik,Corporate
CUST3940,Indore,Corporate
CUST3941,Vadodara,Consumer
CUST3942,Bhopal,Small Business
CUST3943,Bhopal,Small Business
CUST3944,Chandigarh,Small Business
CUST3945,Kochi,Corporate
CUST3946,Delhi,Small Business
CUST3947,Ahmedabad,Corporate
CUST3948,Surat,Student
CUST3949,Indore,Student
CUST3950,Nagpur,Consumer
CUST3951,Indore,Consumer
CUST3952,Indore,Small Business
CUST3953,Vadodara,Consumer
CUST3954,Ahmedabad,Consumer
CUST3955,Chandigarh,Corporate
CUST3956,Lucknow,Consumer
CUST3957,Gurgaon,Student
CUST3958,Bhopal,Corporate
CUST3959,Vadodara,Consumer
CUST3960,Gurgaon,Corporate
CUST3961,Jaipur,Small Business
CUST3962,Bhopal,Student
CUST3963,Bhopal,Small Business
CUST3964,Patna,Corporate
CUST3965,Hyderabad,Consumer
CUST3966,Rajkot,Small Business
CUST3967,Thane,Corporate
CUST3968,Madurai,Small Business
CUST3969,Bhopal,Student
CUST3970,Patna,Student
CUST3971,Kochi,Student
CUST3972,Coimbatore,Student
CUST3973,Madurai,Consumer
CUST3974,Madurai,Corporate
CUST3975,Kochi,Corporate
CUST3976,Mumbai,Student
CUST3977,Surat,Student
CUST3978,Hyderabad,Consumer
CUST3979,Mysore,Student
CUST3980,Nagpur,Corporate
CUST3981,Madurai,Corporate
CUST3982,Gurgaon,Small Business
CUST3983,Rajkot,Small Business
CUST3984,Mumbai,Small Business
CUST3985,Nagpur,Small Business
CUST3986,Trivandrum,Small Business
CUST3987,Noida,Student
CUST3988,Bhopal,Small Business
CUST3989,Mumbai,Student
CUST3990,Gurgaon,Small Business
CUST3991,Kolkata,Student
CUST3992,Nashik,Small Business
CUST3993,Kolkata,Student
CUST3994,Jaipur,Student
CUST3995,Vadodara,Small Business
CUST3996,Chandigarh,Small Business
CUST3997,Lucknow,Corporate
CUST3998,Nashik,Small Business
CUST3999,Hyderabad,Corporate
CUST4000,Thane,Small Business
CUST4001,Surat,Consumer
CUST4002,Nashik,Consumer
CUST4003,Kochi,Small Business
CUST4004,Lucknow,Corporate
CUST4005,Hyderabad,Student
CUST4006,Mysore,Consumer
CUST4007,Chandigarh,Consumer
CUST4008,Thane,Corporate
CUST4009,Surat,Small Business
CUST4010,Nashik,Corporate
CUST4011,Surat,Consumer
CUST4012,Bangalore,Consumer
CUST4013,Jaipur,Corporate
CUST4014,Noida,Student
CUST4015,Patna,Consumer
CUST4016,Bangalore,Corporate
CUST4017,Bhopal,Student
CUST4018,Jaipur,Small Business
CUST4019,Bhopal,Corporate
CUST4020,Gurgaon,Corporate
CUST4021,Ahmedabad,Consumer
CUST4022,Nashik,Consumer
CUST4023,Jaipur,Student
CUST4024,Jodhpur,Corporate
CUST4025,Coimbatore,Consumer
CUST4026,Ahmedabad,Student
CUST4027,Mumbai,Consumer
CUST4028,Noida,Corporate
CUST4029,Gurgaon,Student
CUST4030,Bangalore,Consumer
CUST4031,Thane,Consumer
CUST4032,Mumbai,Small Business
CUST4033,Mysore,Consumer
CUST4034,Pune,Corporate
CUST4035,Indore,Small Business
CUST4036,Chandigarh,Small Business
CUST4037,Chennai,Consumer
CUST4038,Chandigarh,Consumer
CUST4039,Mumbai,Consumer
CUST4040,Mumbai,Small Business
CUST4041,Bangalore,Small Business
CUST4042,Vadodara,Consumer
CUST4043,Kochi,Consumer
CUST4044,Nagpur,Student
CUST4045,Nagpur,Small Business
CUST4046,Madurai,Corporate
CUST4047,Surat,Small Business
CUST4048,Mumbai,Small Business
CUST4049,Bhopal,Small Business
CUST4050,Bhopal,Corporate
CUST4051,Ahmedabad,Small Business
CUST4052,Pune,Corporate
CUST4053,Mumbai,Student
CUST4054,Gurgaon,Small Business
CUST4055,Madurai,Consumer
CUST4056,Chandigarh,Student
CUST4057,Chennai,Small Business
CUST4058,Jodhpur,Corporate
CUST4059,Mumbai,Consumer
CUST4060,Jaipur,Corporate
CUST4061,Indore,Consumer
CUST4062,Bhopal,Small Business
CUST4063,Chennai,Corporate
CUST4064,Hyderabad,Consumer
CUST4065,Kolkata,Student
CUST4066,Jaipur,Corporate
CUST4067,Patna,Consumer
CUST4068,Jaipur,Corporate
CUST4069,Thane,Student
CUST4070,Chandigarh,Student
CUST4071,Visakhapatnam,Corporate
CUST4072,Surat,Corporate
CUST4073,Mumbai,Corporate
CUST4074,Ahmedabad,Student
CUST4075,Bangalore,Corporate
CUST4076,Bhopal,Corporate
CUST4077,Lucknow,Consumer
CUST4078,Lucknow,Consumer
CUST4079,Madurai,Corporate
CUST4080,Patna,Student
CUST4081,Vadodara,Consumer
CUST4082,Jodhpur,Corporate
CUST4083,Trivandrum,Small Business
CUST4084,Jodhpur,Corporate
CUST4085,Noida,Consumer
CUST4086,Kochi,Consumer
CUST4087,Patna,Small Business
CUST4088,Surat,Corporate
CUST4089,Nashik,Student
CUST4090,Gurgaon,Consumer
CUST4091,Pune,Consumer
CUST4092,Mumbai,Corporate
CUST4093,Jodhpur,Consumer
CUST4094,Lucknow,Consumer
CUST4095,Surat,Student
CUST4096,Chennai,Small Business
CUST4097,Mumbai,Student
CUST4098,Kochi,Consumer
CUST4099,Madurai,Student
CUST4100,Surat,Small Business
CUST4101,Chandigarh,Consumer
CUST4102,Kolkata,Student
CUST4103,Chandigarh,Small Business
CUST4104,Madurai,Consumer
CUST4105,Patna,Small Business
CUST4106,Kanpur,Small Business
CUST4107,Gurgaon,Small Business
CUST4108,Jaipur,Corporate
CUST4109,Jodhpur,Small Business
CUST4110,Madurai,Small Business
CUST4111,Nagpur,Student
CUST4112,Noida,Consumer
CUST4113,Trivandrum,Consumer
CUST4114,Ahmedabad,Student
CUST4115,Indore,Corporate
CUST4116,Coimbatore,Student
CUST4117,Nashik,Consumer
CUST4118,Trivandrum,Small Business
CUST4119,Bangalore,Consumer
CUST4120,Bangalore,Consumer
CUST4121,Chennai,Small Business
CUST4122,Nagpur,Corporate
CUST4123,Visakhapatnam,Student
CUST4124,Visakhapatnam,Small Business
CUST4125,Coimbatore,Corporate
CUST4126,Nashik,Corporate
CUST4127,Mumbai,Consumer
CUST4128,Nagpur,Consumer
CUST4129,Kanpur,Small Business
CUST4130,Lucknow,Corporate
CUST4131,Indore,Student
CUST4132,Mumbai,Corporate
CUST4133,Vadodara,Corporate
CUST4134,Thane,Consumer
CUST4135,Nashik,Corporate
CUST4136,Visakhapatnam,Small Business
CUST4137,Indore,Student
CUST4138,Thane,Corporate
CUST4139,Lucknow,Consumer
CUST4140,Madurai,Student
CUST4141,Kochi,Small Business
CUST4142,Chennai,Corporate
CUST4143,Delhi,Consumer
CUST4144,Delhi,Small Business
CUST4145,Lucknow,Consumer
CUST4146,Chennai,Student
CUST4147,Mumbai,Small Business
CUST4148,Lucknow,Small Business
CUST4149,Chennai,Small Business
CUST4150,Surat,Student
CUST4151,Delhi,Corporate
CUST4152,Kochi,Corporate
CUST4153,Chennai,Small Business
CUST4154,Indore,Corporate
CUST4155,Chennai,Consumer
CUST4156,Mysore,Consumer
CUST4157,Visakhapatnam,Consumer
CUST4158,Mumbai,Consumer
CUST4159,Chandigarh,Corporate
CUST4160,Visakhapatnam,Consumer
CUST4161,Jaipur,Small Business
CUST4162,Kochi,Small Business
CUST4163,Bhopal,Student
CUST4164,Nagpur,Consumer
CUST4165,Madurai,Student
CUST4166,Hyderabad,Small Business
CUST4167,Trivandrum,Consumer
CUST4168,Vadodara,Small Business
CUST4169,Vadodara,Small Business
CUST4170,Kolkata,Small Business
CUST4171,Chennai,Student
CUST4172,Kochi,Student
CUST4173,Kolkata,Small Business
CUST4174,Rajkot,Consumer
CUST4175,Jaipur,Student
CUST4176,Vadodara,Corporate
CUST4177,Noida,Small Business
CUST4178,Trivandrum,Small Business
CUST4179,Vadodara,Corporate
CUST4180,Rajkot,Corporate
CUST4181,Thane,Corporate
CUST4182,Hyderabad,Consumer
CUST4183,Patna,Small Business
CUST4184,Kolkata,Corporate
CUST4185,Coimbatore,Small Business
CUST4186,Jodhpur,Consumer
CUST4187,Chandigarh,Consumer
CUST4188,Bhopal,Small Business
CUST4189,Delhi,Student
CUST4190,Madurai,Consumer
CUST4191,Kolkata,Corporate
CUST4192,Kochi,Corporate
CUST4193,Bangalore,Consumer
CUST4194,Nagpur,Corporate
CUST4195,Nagpur,Consumer
CUST4196,Chennai,Corporate
CUST4197,Hyderabad,Student
CUST4198,Madurai,Consumer
CUST4199,Visakhapatnam,Consumer
CUST4200,Indore,Corporate
CUST4201,Visakhapatnam,Small Business
CUST4202,Trivandrum,Student
CUST4203,Kochi,Corporate
CUST4204,Noida,Consumer
CUST4205,Indore,Consumer
CUST4206,Indore,Student
CUST4207,Coimbatore,Corporate
CUST4208,Coimbatore,Corporate
CUST4209,Thane,Small Business
CUST4210,Vadodara,Corporate
CUST4211,Mysore,Small Business
CUST4212,Noida,Small Business
CUST4213,Jodhpur,Corporate
CUST4214,Trivandrum,Small Business
CUST4215,Mysore,Student
CUST4216,Kolkata,Consumer
CUST4217,Patna,Student
CUST4218,Vadodara,Student
CUST4219,Jaipur,Corporate
CUST4220,Chandigarh,Small Business
CUST4221,Surat,Consumer
CUST4222,Noida,Consumer
CUST4223,Pune,Corporate
CUST4224,Patna,Corporate
CUST4225,Ahmedabad,Corporate
CUST4226,Surat,Corporate
CUST4227,Noida,Consumer
CUST4228,Madurai,Student
CUST4229,Indore,Consumer
CUST4230,Mumbai,Small Business
CUST4231,Rajkot,Student
CUST4232,Visakhapatnam,Corporate
CUST4233,Bangalore,Student
CUST4234,Kanpur,Corporate
CUST4235,Pune,Student
CUST4236,Bangalore,Consumer
CUST4237,Bhopal,Student
CUST4238,Noida,Small Business
CUST4239,Delhi,Consumer
CUST4240,Trivandrum,Consumer
CUST4241,Ahmedabad,Student
CUST4242,Chennai,Student
CUST4243,Bhopal,Corporate
CUST4244,Coimbatore,Small Business
CUST4245,Surat,Student
CUST4246,Madurai,Small Business
CUST4247,Gurgaon,Consumer
CUST4248,Hyderabad,Small Business
CUST4249,Surat,Student
CUST4250,Mysore,Corporate
CUST4251,Pune,Small Business
CUST4252,Vadodara,Small Business
CUST4253,Gurgaon,Small Business
CUST4254,Bangalore,Student
CUST4255,Jodhpur,Corporate
CUST4256,Gurgaon,Corporate
CUST4257,Kolkata,Small Business
CUST4258,Jaipur,Small Business
CUST4259,Bhopal,Corporate
CUST4260,Pune,Consumer
CUST4261,Jodhpur,Consumer
CUST4262,Nagpur,Student
CUST4263,Bangalore,Student
CUST4264,Mumbai,Small Business
CUST4265,Mysore,Student
CUST4266,Vadodara,Consumer
CUST4267,Coimbatore,Small Business
CUST4268,Delhi,Small Business
CUST4269,Hyderabad,Corporate
CUST4270,Lucknow,Corporate
CUST4271,Jodhpur,Small Business
CUST4272,Gurgaon,Student
CUST4273,Gurgaon,Consumer
CUST4274,Thane,Student
CUST4275,Delhi,Corporate
CUST4276,Patna,Student
CUST4277,Kolkata,Corporate
CUST4278,Hyderabad,Student
CUST4279,Kanpur,Student
CUST4280,Indore,Corporate
CUST4281,Delhi,Student
CUST4282,Hyderabad,Student
CUST4283,Coimbatore,Corporate
CUST4284,Patna,Small Business
CUST4285,Jaipur,Student
CUST4286,Pune,Student
CUST4287,Nashik,Consumer
CUST4288,Vadodara,Corporate
CUST4289,Patna,Corporate
CUST4290,Ahmedabad,Small Business
CUST4291,Coimbatore,Corporate
CUST4292,Bangalore,Small Business
CUST4293,Mysore,Corporate
CUST4294,Nagpur,Small Business
CUST4295,Chandigarh,Student
CUST4296,Bangalore,Corporate
CUST4297,Patna,Consumer
CUST4298,Trivandrum,Corporate
CUST4299,Vadodara,Student
CUST4300,Indore,Corporate
CUST4301,Indore,Small Business
CUST4302,Patna,Corporate
CUST4303,Nagpur,Student
CUST4304,Coimbatore,Consumer
CUST4305,Lucknow,Student
CUST4306,Nashik,Consumer
CUST4307,Lucknow,Consumer
CUST4308,Madurai,Student
CUST4309,Madurai,Small Business
CUST4310,Jaipur,Corporate
CUST4311,Nagpur,Small Business
CUST4312,Kanpur,Small Business
CUST4313,Surat,Small Business
CUST4314,Patna,Small Business
CUST4315,Thane,Consumer
CUST4316,Nagpur,Consumer
CUST4317,Lucknow,Student
CUST4318,Coimbatore,Student
CUST4319,Jaipur,Consumer
CUST4320,Rajkot,Consumer
CUST4321,Chennai,Student
CUST4322,Bangalore,Consumer
CUST4323,Kanpur,Student
CUST4324,Hyderabad,Small Business
CUST4325,Chennai,Consumer
CUST4326,Indore,Student
CUST4327,Mumbai,Corporate
CUST4328,Mysore,Student
CUST4329,Rajkot,Small Business
CUST4330,Nagpur,Small Business
CUST4331,Surat,Consumer
CUST4332,Patna,Corporate
CUST4333,Madurai,Small Business
CUST4334,Thane,Small Business
CUST4335,Mumbai,Small Business
CUST4336,Ahmedabad,Small Business
CUST4337,Surat,Corporate
CUST4338,Hyderabad,Consumer
CUST4339,Ahmedabad,Corporate
CUST4340,Bangalore,Student
CUST4341,Surat,Student
CUST4342,Mumbai,Small Business
CUST4343,Madurai,Corporate
CUST4344,Mysore,Corporate
CUST4345,Chennai,Small Business
CUST4346,Jaipur,Small Business
CUST4347,Mysore,Small Business
CUST4348,Hyderabad,Consumer
CUST4349,Kochi,Consumer
CUST4350,Jaipur,Small Business
CUST4351,Bhopal,Student
CUST4352,Indore,Student
CUST4353,Vadodara,Corporate
CUST4354,Nashik,Corporate
CUST4355,Nashik,Student
CUST4356,Hyderabad,Consumer
CUST4357,Visakhapatnam,Small Business
CUST4358,Coimbatore,Consumer
CUST4359,Kanpur,Small Business
CUST4360,Ahmedabad,Consumer
CUST4361,Trivandrum,Small Business
CUST4362,Bangalore,Small Business
CUST4363,Noida,Corporate
CUST4364,Kanpur,Small Business
CUST4365,Patna,Corporate
CUST4366,Kanpur,Consumer
CUST4367,Bhopal,Small Business
CUST4368,Ahmedabad,Student
CUST4369,Bangalore,Student
CUST4370,Kanpur,Consumer
CUST4371,Lucknow,Corporate
CUST4372,Thane,Consumer
CUST4373,Coimbatore,Student
CUST4374,Jaipur,Corporate
CUST4375,Nagpur,Corporate
CUST4376,Patna,Consumer
CUST4377,Mysore,Student
CUST4378,Jodhpur,Corporate
CUST4379,Mumbai,Student
CUST4380,Gurgaon,Corporate
CUST4381,Hyderabad,Small Business
CUST4382,Chennai,Small Business
CUST4383,Indore,Corporate
CUST4384,Kochi,Small Business
CUST4385,Chennai,Small Business
CUST4386,Mysore,Corporate
CUST4387,Lucknow,Small Business
CUST4388,Hyderabad,Small Business
CUST4389,Lucknow,Consumer
CUST4390,Kolkata,Small Business
CUST4391,Vadodara,Consumer
CUST4392,Ahmedabad,Consumer
CUST4393,Chennai,Corporate
CUST4394,Coimbatore,Corporate
CUST4395,Hyderabad,Student
CUST4396,Indore,Student
CUST4397,Kolkata,Consumer
CUST4398,Coimbatore,Consumer
CUST4399,Jodhpur,Student
CUST4400,Delhi,Small Business
CUST4401,Jaipur,Small Business
CUST4402,Noida,Student
CUST4403,Noida,Student
CUST4404,Indore,Student
CUST4405,Thane,Corporate
CUST4406,Trivandrum,Student
CUST4407,Patna,Small Business
CUST4408,Madurai,Small Business
CUST4409,Kanpur,Student
CUST4410,Trivandrum,Corporate
CUST4411,Chennai,Consumer
CUST4412,Jodhpur,Corporate
CUST4413,Thane,Student
CUST4414,Kolkata,Small Business
CUST4415,Patna,Student
CUST4416,Jaipur,Student
CUST4417,Nagpur,Consumer
CUST4418,Chandigarh,Consumer
CUST4419,Indore,Corporate
CUST4420,Madurai,Corporate
CUST4421,Mysore,Small Business
CUST4422,Chennai,Small Business
CUST4423,Kochi,Small Business
CUST4424,Chennai,Consumer
CUST4425,Hyderabad,Consumer
CUST4426,Mumbai,Consumer
CUST4427,Kochi,Small Business
CUST4428,Mumbai,Student
CUST4429,Jaipur,Small Business
CUST4430,Nagpur,Small Business
CUST4431,Madurai,Small Business
CUST4432,Bangalore,Consumer
CUST4433,Nagpur,Corporate
CUST4434,Mumbai,Small Business
CUST4435,Madurai,Student
CUST4436,Gurgaon,Small Business
CUST4437,Thane,Student
CUST4438,Chennai,Student
CUST4439,Kanpur,Consumer
CUST4440,Gurgaon,Corporate
CUST4441,Delhi,Consumer
CUST4442,Lucknow,Student
CUST4443,Ahmedabad,Consumer
CUST4444,Surat,Small Business
CUST4445,Lucknow,Corporate
CUST4446,Mysore,Corporate
CUST4447,Kochi,Corporate
CUST4448,Chandigarh,Small Business
CUST4449,Pune,Student
CUST4450,Thane,Corporate
CUST4451,Trivandrum,Consumer
CUST4452,Coimbatore,Small Business
CUST4453,Indore,Consumer
CUST4454,Bhopal,Student
CUST4455,Rajkot,Consumer
CUST4456,Delhi,Corporate
CUST4457,Pune,Small Business
CUST4458,Patna,Corporate
CUST4459,Coimbatore,Consumer
CUST4460,Chennai,Small Business
CUST4461,Jodhpur,Consumer
CUST4462,Patna,Small Business
CUST4463,Bhopal,Corporate
CUST4464,Coimbatore,Consumer
CUST4465,Vadodara,Corporate
CUST4466,Rajkot,Consumer
CUST4467,Kochi,Student
CUST4468,Noida,Consumer
CUST4469,Vadodara,Student
CUST4470,Madurai,Consumer
CUST4471,Hyderabad,Small Business
CUST4472,Kanpur,Small Business
CUST4473,Madurai,Student
CUST4474,Mumbai,Small Business
CUST4475,Nashik,Small Business
CUST4476,Chennai,Student
CUST4477,Surat,Consumer
CUST4478,Mumbai,Consumer
CUST4479,Kanpur,Student
CUST4480,Mysore,Student
CUST4481,Rajkot,Corporate
CUST4482,Nagpur,Corporate
CUST4483,Surat,Small Business
CUST4484,Surat,Consumer
CUST4485,Kanpur,Small Business
CUST4486,Ahmedabad,Corporate
CUST4487,Rajkot,Corporate
CUST4488,Jodhpur,Student
CUST4489,Chandigarh,Student
CUST4490,Madurai,Corporate
CUST4491,Trivandrum,Corporate
CUST4492,Pune,Small Business
CUST4493,Nagpur,Corporate
CUST4494,Nagpur,Consumer
CUST4495,Gurgaon,Corporate
CUST4496,Nagpur,Student
CUST4497,Coimbatore,Corporate
CUST4498,Indore,Student
CUST4499,Nashik,Corporate
CUST4500,Jodhpur,Small Business
CUST4501,Jaipur,Small Business
CUST4502,Nagpur,Student
CUST4503,Trivandrum,Student
CUST4504,Kanpur,Small Business
CUST4505,Bangalore,Small Business
CUST4506,Ahmedabad,Small Business
CUST4507,Kochi,Consumer
CUST4508,Thane,Small Business
CUST4509,Mumbai,Student
CUST4510,Lucknow,Small Business
CUST4511,Nagpur,Corporate
CUST4512,Jodhpur,Small Business
CUST4513,Thane,Small Business
CUST4514,Lucknow,Consumer
CUST4515,Kochi,Small Business
CUST4516,Noida,Student
CUST4517,Mumbai,Small Business
CUST4518,Mysore,Corporate
CUST4519,Hyderabad,Consumer
CUST4520,Thane,Small Business
CUST4521,Indore,Consumer
CUST4522,Madurai,Consumer
CUST4523,Delhi,Consumer
CUST4524,Bhopal,Consumer
CUST4525,Pune,Consumer
CUST4526,Rajkot,Corporate
CUST4527,Surat,Student
CUST4528,Coimbatore,Student
CUST4529,Mumbai,Corporate
CUST4530,Patna,Consumer
CUST4531,Trivandrum,Consumer
CUST4532,Coimbatore,Corporate
CUST4533,Mumbai,Student
CUST4534,Bhopal,Small Business
CUST4535,Thane,Small Business
CUST4536,Noida,Student
CUST4537,Jaipur,Small Business
CUST4538,Kochi,Small Business
CUST4539,Coimbatore,Small Business
CUST4540,Chennai,Corporate
CUST4541,Hyderabad,Small Business
CUST4542,Kanpur,Small Business
CUST4543,Kochi,Consumer
CUST4544,Gurgaon,Student
CUST4545,Visakhapatnam,Consumer
CUST4546,Patna,Consumer
CUST4547,Rajkot,Corporate
CUST4548,Jaipur,Corporate
CUST4549,Hyderabad,Corporate
CUST4550,Indore,Small Business
CUST4551,Surat,Student
CUST4552,Coimbatore,Student
CUST4553,Thane,Student
CUST4554,Jodhpur,Corporate
CUST4555,Patna,Student
CUST4556,Ahmedabad,Student
CUST4557,Thane,Small Business
CUST4558,Chandigarh,Consumer
CUST4559,Delhi,Small Business
CUST4560,Hyderabad,Corporate
CUST4561,Chandigarh,Corporate
CUST4562,Ahmedabad,Small Business
CUST4563,Pune,Corporate
CUST4564,Visakhapatnam,Consumer
CUST4565,Mysore,Corporate
CUST4566,Hyderabad,Student
CUST4567,Trivandrum,Consumer
CUST4568,Kolkata,Consumer
CUST4569,Coimbatore,Consumer
CUST4570,Jaipur,Corporate
CUST4571,Madurai,Consumer
CUST4572,Ahmedabad,Consumer
CUST4573,Jaipur,Consumer
CUST4574,Thane,Small Business
CUST4575,Visakhapatnam,Corporate
CUST4576,Bangalore,Consumer
CUST4577,Delhi,Consumer
CUST4578,Bhopal,Consumer
CUST4579,Jodhpur,Corporate
CUST4580,Jaipur,Small Business
CUST4581,Indore,Student
CUST4582,Delhi,Small Business
CUST4583,Kochi,Corporate
CUST4584,Vadodara,Corporate
CUST4585,Jaipur,Consumer
CUST4586,Surat,Consumer
CUST4587,Chandigarh,Small Business
CUST4588,Visakhapatnam,Corporate
CUST4589,Pune,Consumer
CUST4590,Trivandrum,Corporate
CUST4591,Noida,Corporate
CUST4592,Rajkot,Corporate
CUST4593,Rajkot,Small Business
CUST4594,Madurai,Student
CUST4595,Trivandrum,Corporate
CUST4596,Gurgaon,Corporate
CUST4597,Rajkot,Corporate
CUST4598,Mysore,Small Business
CUST4599,Ahmedabad,Small Business
CUST4600,Thane,Small Business
CUST4601,Gurgaon,Corporate
CUST4602,Noida,Small Business
CUST4603,Kanpur,Corporate
CUST4604,Ahmedabad,Corporate
CUST4605,Rajkot,Corporate
CUST4606,Jaipur,Student
CUST4607,Gurgaon,Corporate
CUST4608,Bangalore,Student
CUST4609,Mumbai,Small Business
CUST4610,Thane,Consumer
CUST4611,Noida,Consumer
CUST4612,Bangalore,Small Business
CUST4613,Nashik,Consumer
CUST4614,Visakhapatnam,Corporate
CUST4615,Noida,Consumer
CUST4616,Noida,Student
CUST4617,Madurai,Student
CUST4618,Mumbai,Corporate
CUST4619,Madurai,Consumer
CUST4620,Jodhpur,Consumer
CUST4621,Nashik,Corporate
CUST4622,Coimbatore,Student
CUST4623,Bhopal,Consumer
CUST4624,Pune,Small Business
CUST4625,Rajkot,Corporate
CUST4626,Kolkata,Small Business
CUST4627,Trivandrum,Corporate
CUST4628,Coimbatore,Student
CUST4629,Rajkot,Student
CUST4630,Trivandrum,Consumer
CUST4631,Kochi,Corporate
CUST4632,Thane,Consumer
CUST4633,Surat,Student
CUST4634,Coimbatore,Consumer
CUST4635,Trivandrum,Small Business
CUST4636,Bangalore,Student
CUST4637,Bhopal,Student
CUST4638,Bangalore,Corporate
CUST4639,Surat,Student
CUST4640,Jaipur,Small Business
CUST4641,Coimbatore,Small Business
CUST4642,Coimbatore,Student
CUST4643,Delhi,Student
CUST4644,Trivandrum,Corporate
CUST4645,Bangalore,Consumer
CUST4646,Madurai,Student
CUST4647,Gurgaon,Small Business
CUST4648,Madurai,Corporate
CUST4649,Chennai,Small Business
CUST4650,Noida,Corporate
CUST4651,Vadodara,Consumer
CUST4652,Bangalore,Consumer
CUST4653,Chandigarh,Corporate
CUST4654,Nagpur,Consumer
CUST4655,Nashik,Small Business
CUST4656,Jodhpur,Consumer
CUST4657,Mysore,Corporate
CUST4658,Ahmedabad,Small Business
CUST4659,Mysore,Student
CUST4660,Chennai,Small Business
CUST4661,Jaipur,Student
CUST4662,Kolkata,Small Business
CUST4663,Nagpur,Consumer
CUST4664,Mysore,Small Business
CUST4665,Indore,Corporate
CUST4666,Surat,Student
CUST4667,Jaipur,Consumer
CUST4668,Ahmedabad,Student
CUST4669,Bangalore,Consumer
CUST4670,Chennai,Student
CUST4671,Kanpur,Corporate
CUST4672,Mysore,Consumer
CUST4673,Ahmedabad,Corporate
CUST4674,Chandigarh,Small Business
CUST4675,Delhi,Corporate
CUST4676,Jaipur,Corporate
CUST4677,Mysore,Corporate
CUST4678,Mysore,Corporate
CUST4679,Trivandrum,Student
CUST4680,Madurai,Consumer
CUST4681,Nagpur,Student
CUST4682,Rajkot,Small Business
CUST4683,Noida,Corporate
CUST4684,Nagpur,Consumer
CUST4685,Chennai,Corporate
CUST4686,Mumbai,Student
CUST4687,Madurai,Student
CUST4688,Indore,Corporate
CUST4689,Bangalore,Small Business
CUST4690,Visakhapatnam,Consumer
CUST4691,Mumbai,Small Business
CUST4692,Jaipur,Student
CUST4693,Noida,Small Business
CUST4694,Hyderabad,Student
CUST4695,Vadodara,Consumer
CUST4696,Surat,Student
CUST4697,Rajkot,Corporate
CUST4698,Chandigarh,Corporate
CUST4699,Kochi,Student
CUST4700,Ahmedabad,Corporate
CUST4701,Ahmedabad,Corporate
CUST4702,Gurgaon,Consumer
CUST4703,Chennai,Corporate
CUST4704,Ahmedabad,Corporate
CUST4705,Madurai,Small Business
CUST4706,Chandigarh,Corporate
CUST4707,Mumbai,Student
CUST4708,Mysore,Student
CUST4709,Ahmedabad,Consumer
CUST4710,Patna,Small Business
CUST4711,Chennai,Consumer
CUST4712,Delhi,Student
CUST4713,Mysore,Small Business
CUST4714,Jaipur,Consumer
CUST4715,Mysore,Small Business
CUST4716,Madurai,Consumer
CUST4717,Pune,Small Business
CUST4718,Mumbai,Consumer
CUST4719,Bhopal,Corporate
CUST4720,Ahmedabad,Small Business
CUST4721,Trivandrum,Student
CUST4722,Delhi,Corporate
CUST4723,Bangalore,Consumer
CUST4724,Nagpur,Student
CUST4725,Trivandrum,Corporate
CUST4726,Chennai,Consumer
CUST4727,Chennai,Consumer
CUST4728,Nagpur,Student
CUST4729,Coimbatore,Small Business
CUST4730,Mysore,Consumer
CUST4731,Jodhpur,Student
CUST4732,Ahmedabad,Consumer
CUST4733,Patna,Student
CUST4734,Mumbai,Small Business
CUST4735,Bhopal,Student
CUST4736,Trivandrum,Student
CUST4737,Chandigarh,Small Business
CUST4738,Mumbai,Corporate
CUST4739,Kanpur,Consumer
CUST4740,Pune,Consumer
CUST4741,Thane,Student
CUST4742,Bhopal,Student
CUST4743,Chennai,Small Business
CUST4744,Vadodara,Consumer
CUST4745,Kolkata,Small Business
CUST4746,Nashik,Small Business
CUST4747,Delhi,Consumer
CUST4748,Nagpur,Student
CUST4749,Coimbatore,Small Business
CUST4750,Madurai,Corporate
CUST4751,Chennai,Corporate
CUST4752,Lucknow,Small Business
CUST4753,Thane,Corporate
CUST4754,Bhopal,Small Business
CUST4755,Madurai,Corporate
CUST4756,Kochi,Corporate
CUST4757,Kochi,Small Business
CUST4758,Kanpur,Consumer
CUST4759,Bhopal,Small Business
CUST4760,Hyderabad,Consumer
CUST4761,Gurgaon,Small Business
CUST4762,Noida,Student
CUST4763,Delhi,Student
CUST4764,Noida,Student
CUST4765,Kolkata,Student
CUST4766,Nagpur,Student
CUST4767,Vadodara,Small Business
CUST4768,Delhi,Corporate
CUST4769,Vadodara,Student
CUST4770,Nagpur,Corporate
CUST4771,Delhi,Consumer
CUST4772,Bhopal,Small Business
CUST4773,Bhopal,Corporate
CUST4774,Nagpur,Corporate
CUST4775,Pune,Small Business
CUST4776,Surat,Small Business
CUST4777,Madurai,Corporate
CUST4778,Mumbai,Small Business
CUST4779,Lucknow,Corporate
CUST4780,Vadodara,Student
CUST4781,Indore,Student
CUST4782,Patna,Small Business
CUST4783,Surat,Small Business
CUST4784,Nagpur,Small Business
CUST4785,Visakhapatnam,Student
CUST4786,Rajkot,Corporate
CUST4787,Thane,Small Business
CUST4788,Trivandrum,Student
CUST4789,Chandigarh,Consumer
CUST4790,Thane,Corporate
CUST4791,Hyderabad,Corporate
CUST4792,Visakhapatnam,Corporate
CUST4793,Thane,Student
CUST4794,Delhi,Student
CUST4795,Indore,Corporate
CUST4796,Nashik,Corporate
CUST4797,Bangalore,Student
CUST4798,Pune,Consumer
CUST4799,Surat,Corporate
CUST4800,Noida,Small Business
CUST4801,Gurgaon,Student
CUST4802,Thane,Corporate
CUST4803,Kochi,Corporate
CUST4804,Madurai,Corporate
CUST4805,Chennai,Small Business
CUST4806,Pune,Consumer
CUST4807,Pune,Student
CUST4808,Lucknow,Consumer
CUST4809,Kanpur,Consumer
CUST4810,Vadodara,Student
CUST4811,Nashik,Consumer
CUST4812,Mysore,Small Business
CUST4813,Lucknow,Small Business
CUST4814,Thane,Student
CUST4815,Ahmedabad,Corporate
CUST4816,Trivandrum,Small Business
CUST4817,Coimbatore,Corporate
CUST4818,Mumbai,Student
CUST4819,Noida,Small Business
CUST4820,Visakhapatnam,Student
CUST4821,Mysore,Student
CUST4822,Indore,Student
CUST4823,Gurgaon,Small Business
CUST4824,Ahmedabad,Small Business
CUST4825,Mysore,Student
CUST4826,Lucknow,Corporate
CUST4827,Bangalore,Corporate
CUST4828,Nagpur,Student
CUST4829,Kanpur,Student
CUST4830,Vadodara,Small Business
CUST4831,Kolkata,Small Business
CUST4832,Ahmedabad,Small Business
CUST4833,Delhi,Small Business
CUST4834,Kanpur,Student
CUST4835,Rajkot,Student
CUST4836,Jodhpur,Corporate
CUST4837,Surat,Consumer
CUST4838,Chandigarh,Student
CUST4839,Nagpur,Student
CUST4840,Kanpur,Student
CUST4841,Jaipur,Corporate
CUST4842,Jodhpur,Student
CUST4843,Jaipur,Consumer
CUST4844,Bhopal,Small Business
CUST4845,Visakhapatnam,Corporate
CUST4846,Jaipur,Consumer
CUST4847,Jaipur,Corporate
CUST4848,Gurgaon,Consumer
CUST4849,Trivandrum,Consumer
CUST4850,Kolkata,Small Business
CUST4851,Bhopal,Small Business
CUST4852,Nashik,Small Business
CUST4853,Kolkata,Small Business
CUST4854,Bangalore,Corporate
CUST4855,Vadodara,Small Business
CUST4856,Nashik,Consumer
CUST4857,Lucknow,Student
CUST4858,Kanpur,Consumer
CUST4859,Pune,Student
CUST4860,Mumbai,Corporate
CUST4861,Delhi,Small Business
CUST4862,Coimbatore,Small Business
CUST4863,Surat,Consumer
CUST4864,Vadodara,Consumer
CUST4865,Nagpur,Consumer
CUST4866,Ahmedabad,Consumer
CUST4867,Kochi,Small Business
CUST4868,Jodhpur,Small Business
CUST4869,Noida,Small Business
CUST4870,Pune,Corporate
CUST4871,Madurai,Corporate
CUST4872,Lucknow,Consumer
CUST4873,Bhopal,Consumer
CUST4874,Vadodara,Corporate
CUST4875,Kolkata,Small Business
CUST4876,Surat,Corporate
CUST4877,Chennai,Small Business
CUST4878,Gurgaon,Corporate
CUST4879,Bangalore,Student
CUST4880,Madurai,Student
CUST4881,Lucknow,Student
CUST4882,Surat,Student
CUST4883,Madurai,Student
CUST4884,Kolkata,Small Business
CUST4885,Kochi,Corporate
CUST4886,Visakhapatnam,Small Business
CUST4887,Nagpur,Corporate
CUST4888,Chennai,Student
CUST4889,Hyderabad,Consumer
CUST4890,Bangalore,Small Business
CUST4891,Rajkot,Consumer
CUST4892,Kochi,Student
CUST4893,Madurai,Small Business
CUST4894,Thane,Corporate
CUST4895,Trivandrum,Small Business
CUST4896,Trivandrum,Small Business
CUST4897,Kolkata,Small Business
CUST4898,Mumbai,Small Business
CUST4899,Kolkata,Small Business
CUST4900,Kochi,Corporate
CUST4901,Rajkot,Small Business
CUST4902,Nagpur,Corporate
CUST4903,Chandigarh,Small Business
CUST4904,Kochi,Consumer
CUST4905,Madurai,Student
CUST4906,Ahmedabad,Consumer
CUST4907,Jodhpur,Student
CUST4908,Jodhpur,Consumer
CUST4909,Kochi,Small Business
CUST4910,Jaipur,Consumer
CUST4911,Patna,Consumer
CUST4912,Rajkot,Student
CUST4913,Jaipur,Small Business
CUST4914,Lucknow,Small Business
CUST4915,Madurai,Consumer
CUST4916,Coimbatore,Small Business
CUST4917,Mysore,Corporate
CUST4918,Kanpur,Student
CUST4919,Kochi,Student
CUST4920,Indore,Small Business
CUST4921,Indore,Student
CUST4922,Coimbatore,Student
CUST4923,Indore,Small Business
CUST4924,Bangalore,Corporate
CUST4925,Chennai,Corporate
CUST4926,Hyderabad,Corporate
CUST4927,Nagpur,Consumer
CUST4928,Rajkot,Student
CUST4929,Chandigarh,Small Business
CUST4930,Chandigarh,Small Business
CUST4931,Vadodara,Consumer
CUST4932,Vadodara,Consumer
CUST4933,Coimbatore,Corporate
CUST4934,Chennai,Student
CUST4935,Bhopal,Small Business
CUST4936,Mysore,Student
CUST4937,Trivandrum,Student
CUST4938,Jodhpur,Consumer
CUST4939,Mumbai,Consumer
CUST4940,Coimbatore,Small Business
CUST4941,Jaipur,Corporate
CUST4942,Kanpur,Consumer
CUST4943,Bhopal,Student
CUST4944,Mumbai,Student
CUST4945,Delhi,Consumer
CUST4946,Bangalore,Student
CUST4947,Kolkata,Student
CUST4948,Indore,Corporate
CUST4949,Chandigarh,Corporate
CUST4950,Gurgaon,Consumer
CUST4951,Thane,Corporate
CUST4952,Vadodara,Consumer
CUST4953,Chandigarh,Corporate
CUST4954,Gurgaon,Student
CUST4955,Visakhapatnam,Student
CUST4956,Kolkata,Consumer
CUST4957,Chandigarh,Consumer
CUST4958,Surat,Small Business
CUST4959,Ahmedabad,Corporate
CUST4960,Kolkata,Consumer
CUST4961,Kanpur,Small Business
CUST4962,Chennai,Corporate
CUST4963,Patna,Consumer
CUST4964,Madurai,Small Business
CUST4965,Ahmedabad,Small Business
CUST4966,Bangalore,Consumer
CUST4967,Nashik,Corporate
CUST4968,Surat,Small Business
CUST4969,Patna,Student
CUST4970,Nashik,Student
CUST4971,Vadodara,Small Business
CUST4972,Nagpur,Small Business
CUST4973,Bhopal,Student
CUST4974,Indore,Student
CUST4975,Hyderabad,Corporate
CUST4976,Madurai,Small Business
CUST4977,Gurgaon,Student
CUST4978,Gurgaon,Student
CUST4979,Surat,Small Business
CUST4980,Nagpur,Corporate
CUST4981,Noida,Student
CUST4982,Vadodara,Small Business
CUST4983,Lucknow,Student
CUST4984,Kochi,Corporate
CUST4985,Visakhapatnam,Student
CUST4986,Indore,Consumer
CUST4987,Gurgaon,Small Business
CUST4988,Surat,Corporate
CUST4989,Bangalore,Small Business
CUST4990,Trivandrum,Student
CUST4991,Visakhapatnam,Small Business
CUST4992,Kanpur,Student
CUST4993,Kanpur,Corporate
CUST4994,Kochi,Small Business
CUST4995,Surat,Student
CUST4996,Kolkata,Consumer
CUST4997,Nashik,Consumer
CUST4998,Indore,Student
CUST4999,Patna,Consumer
CUST5000,Trivandrum,Student
CUST5001,Patna,Student
CUST5002,Bangalore,Student
CUST5003,Surat,Student
CUST5004,Vadodara,Small Business
CUST5005,Kanpur,Consumer
CUST5006,Trivandrum,Student
CUST5007,Ahmedabad,Corporate
CUST5008,Lucknow,Corporate
CUST5009,Jaipur,Consumer
CUST5010,Surat,Corporate
CUST5011,Indore,Student
CUST5012,Gurgaon,Small Business
CUST5013,Coimbatore,Consumer
CUST5014,Lucknow,Small Business
CUST5015,Kolkata,Small Business
CUST5016,Bangalore,Consumer
CUST5017,Bhopal,Student
CUST5018,Thane,Consumer
CUST5019,Chandigarh,Student
CUST5020,Trivandrum,Small Business
CUST5021,Jaipur,Small Business
CUST5022,Jaipur,Small Business
CUST5023,Vadodara,Consumer
CUST5024,Bhopal,Student
CUST5025,Mumbai,Small Business
CUST5026,Ahmedabad,Corporate
CUST5027,Surat,Consumer
CUST5028,Lucknow,Consumer
CUST5029,Jodhpur,Student
CUST5030,Nagpur,Consumer
CUST5031,Patna,Small Business
CUST5032,Patna,Consumer
CUST5033,Trivandrum,Consumer
CUST5034,Surat,Student
CUST5035,Delhi,Consumer
CUST5036,Chandigarh,Consumer
CUST5037,Rajkot,Corporate
CUST5038,Jaipur,Corporate
CUST5039,Kochi,Corporate
CUST5040,Pune,Corporate
CUST5041,Kolkata,Corporate
CUST5042,Jaipur,Student
CUST5043,Vadodara,Small Business
CUST5044,Jaipur,Consumer
CUST5045,Visakhapatnam,Small Business
CUST5046,Kolkata,Corporate
CUST5047,Ahmedabad,Student
CUST5048,Coimbatore,Small Business
CUST5049,Rajkot,Small Business
CUST5050,Lucknow,Small Business
CUST5051,Rajkot,Consumer
CUST5052,Lucknow,Student
CUST5053,Mysore,Small Business
CUST5054,Kanpur,Consumer
CUST5055,Jaipur,Consumer
CUST5056,Kanpur,Student
CUST5057,Hyderabad,Consumer
CUST5058,Nagpur,Consumer
CUST5059,Hyderabad,Consumer
CUST5060,Bhopal,Corporate
CUST5061,Indore,Student
CUST5062,Ahmedabad,Corporate
CUST5063,Pune,Small Business
CUST5064,Noida,Consumer
CUST5065,Lucknow,Corporate
CUST5066,Pune,Consumer
CUST5067,Jaipur,Small Business
CUST5068,Indore,Student
CUST5069,Jodhpur,Small Business
CUST5070,Mumbai,Consumer
CUST5071,Mumbai,Small Business
CUST5072,Delhi,Corporate
CUST5073,Mumbai,Small Business
CUST5074,Kanpur,Small Business
CUST5075,Madurai,Small Business
CUST5076,Nagpur,Corporate
CUST5077,Visakhapatnam,Student
CUST5078,Ahmedabad,Student
CUST5079,Lucknow,Corporate
CUST5080,Pune,Student
CUST5081,Chennai,Consumer
CUST5082,Thane,Small Business
CUST5083,Kochi,Student
CUST5084,Patna,Corporate
CUST5085,Kochi,Corporate
CUST5086,Madurai,Small Business
CUST5087,Jaipur,Corporate
CUST5088,Noida,Small Business
CUST5089,Madurai,Consumer
CUST5090,Kanpur,Student
CUST5091,Madurai,Small Business
CUST5092,Bangalore,Consumer
CUST5093,Mumbai,Small Business
CUST5094,Patna,Small Business
CUST5095,Visakhapatnam,Small Business
CUST5096,Kolkata,Small Business
CUST5097,Gurgaon,Corporate
CUST5098,Lucknow,Consumer
CUST5099,Kochi,Small Business
CUST5100,Rajkot,Student
CUST5101,Delhi,Small Business
CUST5102,Kochi,Student
CUST5103,Bangalore,Student
CUST5104,Thane,Small Business
CUST5105,Noida,Small Business
CUST5106,Jaipur,Student
CUST5107,Chennai,Student
CUST5108,Kochi,Student
CUST5109,Gurgaon,Consumer
CUST5110,Madurai,Corporate
CUST5111,Gurgaon,Consumer
CUST5112,Surat,Small Business
CUST5113,Kochi,Corporate
CUST5114,Patna,Corporate
CUST5115,Kanpur,Consumer
CUST5116,Lucknow,Student
CUST5117,Coimbatore,Small Business
CUST5118,Nashik,Student
CUST5119,Nashik,Consumer
CUST5120,Hyderabad,Consumer
CUST5121,Hyderabad,Student
CUST5122,Noida,Student
CUST5123,Hyderabad,Consumer
CUST5124,Mysore,Corporate
CUST5125,Pune,Small Business
CUST5126,Mysore,Student
CUST5127,Indore,Consumer
CUST5128,Mysore,Consumer
CUST5129,Kolkata,Student
CUST5130,Noida,Student
CUST5131,Delhi,Corporate
CUST5132,Patna,Student
CUST5133,Bangalore,Small Business
CUST5134,Mumbai,Small Business
CUST5135,Trivandrum,Student
CUST5136,Bangalore,Consumer
CUST5137,Lucknow,Corporate
CUST5138,Indore,Small Business
CUST5139,Gurgaon,Small Business
CUST5140,Kochi,Corporate
CUST5141,Nashik,Student
CUST5142,Madurai,Small Business
CUST5143,Rajkot,Corporate
CUST5144,Lucknow,Consumer
CUST5145,Vadodara,Small Business
CUST5146,Mumbai,Consumer
CUST5147,Hyderabad,Corporate
CUST5148,Pune,Consumer
CUST5149,Visakhapatnam,Student
CUST5150,Patna,Small Business
CUST5151,Nashik,Consumer
CUST5152,Hyderabad,Consumer
CUST5153,Coimbatore,Small Business
CUST5154,Kolkata,Corporate
CUST5155,Hyderabad,Corporate
CUST5156,Coimbatore,Corporate
CUST5157,Delhi,Small Business
CUST5158,Mysore,Student
CUST5159,Kanpur,Consumer
CUST5160,Kanpur,Consumer
CUST5161,Bangalore,Consumer
CUST5162,Mysore,Consumer
CUST5163,Bangalore,Student
CUST5164,Hyderabad,Small Business
CUST5165,Thane,Student
CUST5166,Visakhapatnam,Student
CUST5167,Bhopal,Consumer
CUST5168,Chandigarh,Small Business
CUST5169,Nashik,Student
CUST5170,Jaipur,Consumer
CUST5171,Pune,Consumer
CUST5172,Madurai,Small Business
CUST5173,Pune,Corporate
CUST5174,Visakhapatnam,Small Business
CUST5175,Nashik,Small Business
CUST5176,Kolkata,Student
CUST5177,Pune,Consumer
CUST5178,Delhi,Corporate
CUST5179,Coimbatore,Corporate
CUST5180,Mumbai,Consumer
CUST5181,Vadodara,Corporate
CUST5182,Patna,Corporate
CUST5183,Chandigarh,Corporate
CUST5184,Trivandrum,Small Business
CUST5185,Rajkot,Student
CUST5186,Coimbatore,Consumer
CUST5187,Thane,Consumer
CUST5188,Visakhapatnam,Consumer
CUST5189,Noida,Student
CUST5190,Visakhapatnam,Student
CUST5191,Kochi,Small Business
CUST5192,Kanpur,Consumer
CUST5193,Patna,Student
CUST5194,Thane,Consumer
CUST5195,Vadodara,Student
CUST5196,Kanpur,Corporate
CUST5197,Bhopal,Student
CUST5198,Gurgaon,Corporate
CUST5199,Kanpur,Small Business
CUST5200,Mysore,Corporate
CUST5201,Kochi,Small Business
CUST5202,Patna,Student
CUST5203,Surat,Small Business
CUST5204,Nagpur,Small Business
CUST5205,Bangalore,Consumer
CUST5206,Lucknow,Consumer
CUST5207,Pune,Corporate
CUST5208,Rajkot,Small Business
CUST5209,Bhopal,Student
CUST5210,Bangalore,Corporate
CUST5211,Vadodara,Small Business
CUST5212,Jodhpur,Small Business
CUST5213,Gurgaon,Consumer
CUST5214,Mysore,Corporate
CUST5215,Delhi,Consumer
CUST5216,Kolkata,Small Business
CUST5217,Ahmedabad,Student
CUST5218,Vadodara,Small Business
CUST5219,Ahmedabad,Small Business
CUST5220,Visakhapatnam,Consumer
CUST5221,Mumbai,Corporate
CUST5222,Jaipur,Small Business
CUST5223,Delhi,Consumer
CUST5224,Gurgaon,Consumer
CUST5225,Chandigarh,Corporate
CUST5226,Jaipur,Corporate
CUST5227,Vadodara,Corporate
CUST5228,Mysore,Corporate
CUST5229,Jodhpur,Small Business
CUST5230,Kochi,Corporate
CUST5231,Patna,Corporate
CUST5232,Mumbai,Corporate
CUST5233,Rajkot,Consumer
CUST5234,Chennai,Corporate
CUST5235,Kochi,Corporate
CUST5236,Ahmedabad,Corporate
CUST5237,Visakhapatnam,Student
CUST5238,Madurai,Consumer
CUST5239,Lucknow,Student
CUST5240,Pune,Corporate
CUST5241,Ahmedabad,Consumer
CUST5242,Coimbatore,Student
CUST5243,Pune,Corporate
CUST5244,Coimbatore,Consumer
CUST5245,Mysore,Small Business
CUST5246,Kolkata,Consumer
CUST5247,Jodhpur,Student
CUST5248,Nashik,Student
CUST5249,Nashik,Student
CUST5250,Kochi,Corporate
CUST5251,Surat,Corporate
CUST5252,Delhi,Student
CUST5253,Gurgaon,Student
CUST5254,Coimbatore,Corporate
CUST5255,Kanpur,Student
CUST5256,Thane,Corporate
CUST5257,Delhi,Student
CUST5258,Pune,Small Business
CUST5259,Vadodara,Corporate
CUST5260,Nagpur,Student
CUST5261,Mysore,Small Business
CUST5262,Gurgaon,Small Business
CUST5263,Gurgaon,Corporate
CUST5264,Bhopal,Student
CUST5265,Noida,Corporate
CUST5266,Thane,Consumer
CUST5267,Nashik,Student
CUST5268,Thane,Consumer
CUST5269,Chandigarh,Consumer
CUST5270,Vadodara,Corporate
CUST5271,Jaipur,Small Business
CUST5272,Indore,Small Business
CUST5273,Kochi,Small Business
CUST5274,Jaipur,Consumer
CUST5275,Rajkot,Consumer
CUST5276,Indore,Student
CUST5277,Rajkot,Consumer
CUST5278,Jodhpur,Student
CUST5279,Visakhapatnam,Small Business
CUST5280,Madurai,Small Business
CUST5281,Hyderabad,Corporate
CUST5282,Nagpur,Consumer
CUST5283,Delhi,Corporate
CUST5284,Coimbatore,Consumer
CUST5285,Chennai,Student
CUST5286,Kolkata,Small Business
CUST5287,Jaipur,Corporate
CUST5288,Kanpur,Small Business
CUST5289,Hyderabad,Corporate
CUST5290,Jodhpur,Corporate
CUST5291,Bangalore,Consumer
CUST5292,Jodhpur,Corporate
CUST5293,Nagpur,Student
CUST5294,Mumbai,Consumer
CUST5295,Mysore,Corporate
CUST5296,Gurgaon,Consumer
CUST5297,Vadodara,Consumer
CUST5298,Nashik,Corporate
CUST5299,Chennai,Small Business
CUST5300,Coimbatore,Corporate
CUST5301,Surat,Consumer
CUST5302,Mumbai,Consumer
CUST5303,Mysore,Consumer
CUST5304,Vadodara,Small Business
CUST5305,Rajkot,Student
CUST5306,Lucknow,Corporate
CUST5307,Jodhpur,Small Business
CUST5308,Lucknow,Consumer
CUST5309,Trivandrum,Consumer
CUST5310,Delhi,Student
CUST5311,Noida,Corporate
CUST5312,Jodhpur,Consumer
CUST5313,Kanpur,Small Business
CUST5314,Patna,Student
CUST5315,Kanpur,Small Business
CUST5316,Jodhpur,Corporate
CUST5317,Chandigarh,Corporate
CUST5318,Gurgaon,Corporate
CUST5319,Lucknow,Student
CUST5320,Nagpur,Student
CUST5321,Jaipur,Corporate
CUST5322,Bhopal,Small Business
CUST5323,Gurgaon,Corporate
CUST5324,Kochi,Student
CUST5325,Delhi,Consumer
CUST5326,Gurgaon,Student
CUST5327,Gurgaon,Small Business
CUST5328,Jaipur,Small Business
CUST5329,Jaipur,Student
CUST5330,Thane,Consumer
CUST5331,Delhi,Student
CUST5332,Surat,Small Business
CUST5333,Visakhapatnam,Corporate
CUST5334,Coimbatore,Student
CUST5335,Trivandrum,Consumer
CUST5336,Mumbai,Small Business
CUST5337,Rajkot,Student
CUST5338,Mysore,Corporate
CUST5339,Ahmedabad,Student
CUST5340,Bhopal,Student
CUST5341,Lucknow,Student
CUST5342,Mumbai,Small Business
CUST5343,Coimbatore,Small Business
CUST5344,Rajkot,Consumer
CUST5345,Madurai,Small Business
CUST5346,Mumbai,Corporate
CUST5347,Kanpur,Consumer
CUST5348,Surat,Student
CUST5349,Chandigarh,Student
CUST5350,Jaipur,Small Business
CUST5351,Patna,Consumer
CUST5352,Surat,Consumer
CUST5353,Chennai,Student
CUST5354,Lucknow,Consumer
CUST5355,Kochi,Student
CUST5356,Nashik,Consumer
CUST5357,Kochi,Small Business
CUST5358,Vadodara,Corporate
CUST5359,Indore,Small Business
CUST5360,Lucknow,Consumer
CUST5361,Bangalore,Small Business
CUST5362,Delhi,Small Business
CUST5363,Gurgaon,Student
CUST5364,Noida,Corporate
CUST5365,Surat,Small Business
CUST5366,Chandigarh,Student
CUST5367,Thane,Small Business
CUST5368,Visakhapatnam,Small Business
CUST5369,Indore,Consumer
CUST5370,Delhi,Small Business
CUST5371,Surat,Consumer
CUST5372,Mysore,Student
CUST5373,Madurai,Small Business
CUST5374,Thane,Consumer
CUST5375,Thane,Student
CUST5376,Rajkot,Consumer
CUST5377,Nashik,Corporate
CUST5378,Nashik,Small Business
CUST5379,Hyderabad,Consumer
CUST5380,Nagpur,Small Business
CUST5381,Thane,Small Business
CUST5382,Gurgaon,Small Business
CUST5383,Kolkata,Student
CUST5384,Bhopal,Corporate
CUST5385,Bhopal,Corporate
CUST5386,Noida,Small Business
CUST5387,Ahmedabad,Corporate
CUST5388,Gurgaon,Consumer
CUST5389,Bangalore,Small Business
CUST5390,Lucknow,Student
CUST5391,Kanpur,Consumer
CUST5392,Trivandrum,Consumer
CUST5393,Chandigarh,Student
CUST5394,Kolkata,Consumer
CUST5395,Kolkata,Consumer
CUST5396,Trivandrum,Corporate
CUST5397,Visakhapatnam,Small Business
CUST5398,Chandigarh,Small Business
CUST5399,Indore,Corporate
CUST5400,Hyderabad,Student
CUST5401,Bangalore,Corporate
CUST5402,Bhopal,Small Business
CUST5403,Surat,Student
CUST5404,Delhi,Corporate
CUST5405,Jodhpur,Consumer
CUST5406,Madurai,Small Business
CUST5407,Nagpur,Student
CUST5408,Kochi,Consumer
CUST5409,Mysore,Corporate
CUST5410,Hyderabad,Consumer
CUST5411,Ahmedabad,Student
CUST5412,Vadodara,Student
CUST5413,Hyderabad,Consumer
CUST5414,Gurgaon,Student
CUST5415,Gurgaon,Corporate
CUST5416,Kolkata,Corporate
CUST5417,Jaipur,Small Business
CUST5418,Indore,Student
CUST5419,Chennai,Small Business
CUST5420,Kanpur,Corporate
CUST5421,Trivandrum,Student
CUST5422,Surat,Student
CUST5423,Hyderabad,Small Business
CUST5424,Trivandrum,Corporate
CUST5425,Trivandrum,Consumer
CUST5426,Indore,Corporate
CUST5427,Mysore,Consumer
CUST5428,Jaipur,Small Business
CUST5429,Coimbatore,Small Business
CUST5430,Kanpur,Student
CUST5431,Kochi,Corporate
CUST5432,Surat,Consumer
CUST5433,Bhopal,Small Business
CUST5434,Lucknow,Small Business
CUST5435,Mumbai,Corporate
CUST5436,Thane,Small Business
CUST5437,Surat,Corporate
CUST5438,Indore,Corporate
CUST5439,Patna,Consumer
CUST5440,Vadodara,Consumer
CUST5441,Kanpur,Student
CUST5442,Chennai,Corporate
CUST5443,Pune,Corporate
CUST5444,Ahmedabad,Student
CUST5445,Thane,Student
CUST5446,Ahmedabad,Consumer
CUST5447,Mysore,Consumer
CUST5448,Surat,Small Business
CUST5449,Vadodara,Student
CUST5450,Nagpur,Small Business
CUST5451,Mysore,Corporate
CUST5452,Pune,Consumer
CUST5453,Trivandrum,Corporate
CUST5454,Chennai,Small Business
CUST5455,Pune,Small Business
CUST5456,Nashik,Student
CUST5457,Gurgaon,Corporate
CUST5458,Kochi,Small Business
CUST5459,Pune,Small Business
CUST5460,Patna,Student
CUST5461,Mumbai,Corporate
CUST5462,Mumbai,Corporate
CUST5463,Hyderabad,Student
CUST5464,Madurai,Small Business
CUST5465,Noida,Small Business
CUST5466,Kochi,Consumer
CUST5467,Noida,Consumer
CUST5468,Madurai,Small Business
CUST5469,Noida,Corporate
CUST5470,Vadodara,Small Business
CUST5471,Ahmedabad,Student
CUST5472,Rajkot,Small Business
CUST5473,Chandigarh,Consumer
CUST5474,Pune,Corporate
CUST5475,Madurai,Student
CUST5476,Hyderabad,Student
CUST5477,Kolkata,Small Business
CUST5478,Coimbatore,Consumer
CUST5479,Jodhpur,Corporate
CUST5480,Rajkot,Small Business
CUST5481,Bangalore,Small Business
CUST5482,Pune,Consumer
CUST5483,Thane,Student
CUST5484,Hyderabad,Small Business
CUST5485,Jaipur,Consumer
CUST5486,Noida,Small Business
CUST5487,Kochi,Small Business
CUST5488,Trivandrum,Consumer
CUST5489,Mysore,Student
CUST5490,Chennai,Corporate
CUST5491,Mumbai,Student
CUST5492,Surat,Corporate
CUST5493,Mumbai,Corporate
CUST5494,Jodhpur,Corporate
CUST5495,Indore,Consumer
CUST5496,Vadodara,Corporate
CUST5497,Gurgaon,Small Business
CUST5498,Chandigarh,Consumer
CUST5499,Surat,Consumer
CUST5500,Trivandrum,Small Business
CUST5501,Delhi,Corporate
CUST5502,Surat,Corporate
CUST5503,Hyderabad,Corporate
CUST5504,Delhi,Corporate
CUST5505,Noida,Consumer
CUST5506,Jaipur,Consumer
CUST5507,Vadodara,Student
CUST5508,Indore,Corporate
CUST5509,Indore,Small Business
CUST5510,Ahmedabad,Small Business
CUST5511,Noida,Student
CUST5512,Madurai,Small Business
CUST5513,Chennai,Corporate
CUST5514,Patna,Small Business
CUST5515,Vadodara,Small Business
CUST5516,Bangalore,Corporate
CUST5517,Trivandrum,Corporate
CUST5518,Ahmedabad,Small Business
CUST5519,Pune,Corporate
CUST5520,Hyderabad,Small Business
CUST5521,Ahmedabad,Consumer
CUST5522,Chandigarh,Consumer
CUST5523,Madurai,Small Business
CUST5524,Mumbai,Small Business
CUST5525,Mumbai,Corporate
CUST5526,Kolkata,Student
CUST5527,Mysore,Consumer
CUST5528,Nashik,Consumer
CUST5529,Delhi,Consumer
CUST5530,Vadodara,Student
CUST5531,Visakhapatnam,Corporate
CUST5532,Nashik,Consumer
CUST5533,Indore,Small Business
CUST5534,Chennai,Consumer
CUST5535,Nagpur,Student
CUST5536,Chandigarh,Consumer
CUST5537,Vadodara,Small Business
CUST5538,Ahmedabad,Consumer
CUST5539,Madurai,Small Business
CUST5540,Mumbai,Corporate
CUST5541,Chennai,Student
CUST5542,Nashik,Student
CUST5543,Jodhpur,Student
CUST5544,Bhopal,Consumer
CUST5545,Mumbai,Small Business
CUST5546,Madurai,Corporate
CUST5547,Vadodara,Consumer
CUST5548,Bangalore,Consumer
CUST5549,Ahmedabad,Small Business
CUST5550,Patna,Small Business
CUST5551,Lucknow,Student
CUST5552,Kolkata,Student
CUST5553,Noida,Small Business
CUST5554,Madurai,Small Business
CUST5555,Gurgaon,Small Business
CUST5556,Surat,Student
CUST5557,Mysore,Small Business
CUST5558,Chandigarh,Consumer
CUST5559,Nashik,Corporate
CUST5560,Mumbai,Small Business
CUST5561,Delhi,Corporate
CUST5562,Thane,Consumer
CUST5563,Bhopal,Consumer
CUST5564,Gurgaon,Corporate
CUST5565,Gurgaon,Student
CUST5566,Visakhapatnam,Small Business
CUST5567,Lucknow,Small Business
CUST5568,Kanpur,Small Business
CUST5569,Kochi,Consumer
CUST5570,Coimbatore,Consumer
CUST5571,Mumbai,Consumer
CUST5572,Bhopal,Corporate
CUST5573,Visakhapatnam,Student
CUST5574,Noida,Student
CUST5575,Lucknow,Corporate
CUST5576,Patna,Small Business
CUST5577,Mumbai,Small Business
CUST5578,Delhi,Corporate
CUST5579,Jaipur,Consumer
CUST5580,Nashik,Student
CUST5581,Gurgaon,Student
CUST5582,Trivandrum,Corporate
CUST5583,Mysore,Consumer
CUST5584,Patna,Student
CUST5585,Hyderabad,Student
CUST5586,Nashik,Corporate
CUST5587,Pune,Corporate
CUST5588,Thane,Consumer
CUST5589,Vadodara,Small Business
CUST5590,Kochi,Student
CUST5591,Jodhpur,Student
CUST5592,Indore,Small Business
CUST5593,Chennai,Corporate
CUST5594,Nagpur,Corporate
CUST5595,Nagpur,Small Business
CUST5596,Rajkot,Consumer
CUST5597,Madurai,Student
CUST5598,Trivandrum,Consumer
CUST5599,Rajkot,Small Business
CUST5600,Kochi,Consumer
CUST5601,Kanpur,Student
CUST5602,Surat,Small Business
CUST5603,Gurgaon,Corporate
CUST5604,Delhi,Small Business
CUST5605,Thane,Consumer
CUST5606,Noida,Small Business
CUST5607,Lucknow,Student
CUST5608,Indore,Student
CUST5609,Lucknow,Consumer
CUST5610,Lucknow,Small Business
CUST5611,Chennai,Consumer
CUST5612,Visakhapatnam,Corporate
CUST5613,Nagpur,Small Business
CUST5614,Chennai,Corporate
CUST5615,Jaipur,Corporate
CUST5616,Chennai,Student
CUST5617,Patna,Consumer
CUST5618,Delhi,Consumer
CUST5619,Jaipur,Corporate
CUST5620,Mysore,Consumer
CUST5621,Mumbai,Consumer
CUST5622,Rajkot,Small Business
CUST5623,Jaipur,Small Business
CUST5624,Kanpur,Corporate
CUST5625,Rajkot,Student
CUST5626,Surat,Small Business
CUST5627,Gurgaon,Small Business
CUST5628,Bangalore,Student
CUST5629,Bhopal,Student
CUST5630,Trivandrum,Corporate
CUST5631,Noida,Small Business
CUST5632,Delhi,Student
CUST5633,Kanpur,Small Business
CUST5634,Nagpur,Consumer
CUST5635,Chandigarh,Small Business
CUST5636,Visakhapatnam,Corporate
CUST5637,Patna,Corporate
CUST5638,Gurgaon,Corporate
CUST5639,Rajkot,Corporate
CUST5640,Nashik,Student
CUST5641,Madurai,Consumer
CUST5642,Delhi,Student
CUST5643,Jaipur,Small Business
CUST5644,Delhi,Consumer
CUST5645,Madurai,Consumer
CUST5646,Jaipur,Student
CUST5647,Indore,Corporate
CUST5648,Delhi,Consumer
CUST5649,Nagpur,Consumer
CUST5650,Delhi,Small Business
CUST5651,Hyderabad,Student
CUST5652,Visakhapatnam,Student
CUST5653,Jaipur,Corporate
CUST5654,Madurai,Student
CUST5655,Hyderabad,Small Business
CUST5656,Indore,Consumer
CUST5657,Indore,Corporate
CUST5658,Delhi,Student
CUST5659,Bhopal,Corporate
CUST5660,Nashik,Corporate
CUST5661,Kanpur,Consumer
CUST5662,Mumbai,Corporate
CUST5663,Lucknow,Small Business
CUST5664,Thane,Student
CUST5665,Madurai,Consumer
CUST5666,Surat,Student
CUST5667,Kanpur,Small Business
CUST5668,Lucknow,Small Business
CUST5669,Surat,Consumer
CUST5670,Jodhpur,Corporate
CUST5671,Chandigarh,Student
CUST5672,Chandigarh,Consumer
CUST5673,Bangalore,Corporate
CUST5674,Nagpur,Consumer
CUST5675,Hyderabad,Consumer
CUST5676,Madurai,Consumer
CUST5677,Hyderabad,Consumer
CUST5678,Gurgaon,Student
CUST5679,Trivandrum,Small Business
CUST5680,Mumbai,Consumer
CUST5681,Ahmedabad,Small Business
CUST5682,Thane,Small Business
CUST5683,Jaipur,Student
CUST5684,Mysore,Corporate
CUST5685,Noida,Small Business
CUST5686,Rajkot,Consumer
CUST5687,Jodhpur,Small Business
CUST5688,Bangalore,Student
CUST5689,Lucknow,Student
CUST5690,Rajkot,Student
CUST5691,Indore,Corporate
CUST5692,Chandigarh,Consumer
CUST5693,Nashik,Student
CUST5694,Nagpur,Student
CUST5695,Patna,Student
CUST5696,Bhopal,Corporate
CUST5697,Kochi,Corporate
CUST5698,Coimbatore,Student
CUST5699,Indore,Student
CUST5700,Hyderabad,Small Business
CUST5701,Kolkata,Consumer
CUST5702,Mumbai,Consumer
CUST5703,Hyderabad,Student
CUST5704,Gurgaon,Student
CUST5705,Noida,Corporate
CUST5706,Coimbatore,Corporate
CUST5707,Indore,Consumer
CUST5708,Thane,Student
CUST5709,Chandigarh,Consumer
CUST5710,Mysore,Consumer
CUST5711,Bhopal,Consumer
CUST5712,Nashik,Student
CUST5713,Mumbai,Corporate
CUST5714,Trivandrum,Small Business
CUST5715,Mumbai,Corporate
CUST5716,Bhopal,Student
CUST5717,Noida,Student
CUST5718,Bangalore,Corporate
CUST5719,Patna,Small Business
CUST5720,Kolkata,Student
CUST5721,Indore,Student
CUST5722,Kochi,Small Business
CUST5723,Ahmedabad,Consumer
CUST5724,Chandigarh,Student
CUST5725,Chennai,Small Business
CUST5726,Gurgaon,Student
CUST5727,Indore,Corporate
CUST5728,Surat,Consumer
CUST5729,Mumbai,Corporate
CUST5730,Ahmedabad,Corporate
CUST5731,Kanpur,Corporate
CUST5732,Bangalore,Consumer
CUST5733,Chennai,Consumer
CUST5734,Coimbatore,Consumer
CUST5735,Mysore,Student
CUST5736,Kolkata,Corporate
CUST5737,Pune,Student
CUST5738,Delhi,Corporate
CUST5739,Kochi,Consumer
CUST5740,Chennai,Student
CUST5741,Rajkot,Consumer
CUST5742,Chandigarh,Consumer
CUST5743,Vadodara,Small Business
CUST5744,Coimbatore,Small Business
CUST5745,Trivandrum,Corporate
CUST5746,Kanpur,Small Business
CUST5747,Hyderabad,Consumer
CUST5748,Jodhpur,Small Business
CUST5749,Kanpur,Corporate
CUST5750,Chandigarh,Student
CUST5751,Bangalore,Corporate
CUST5752,Mysore,Student
CUST5753,Hyderabad,Corporate
CUST5754,Chennai,Student
CUST5755,Indore,Student
CUST5756,Visakhapatnam,Corporate
CUST5757,Kanpur,Small Business
CUST5758,Hyderabad,Small Business
CUST5759,Ahmedabad,Consumer
CUST5760,Pune,Small Business
CUST5761,Kolkata,Consumer
CUST5762,Chennai,Small Business
CUST5763,Kolkata,Small Business
CUST5764,Trivandrum,Corporate
CUST5765,Thane,Student
CUST5766,Nashik,Small Business
CUST5767,Noida,Corporate
CUST5768,Madurai,Small Business
CUST5769,Bangalore,Small Business
CUST5770,Indore,Student
CUST5771,Jaipur,Student
CUST5772,Visakhapatnam,Small Business
CUST5773,Bangalore,Small Business
CUST5774,Nashik,Corporate
CUST5775,Mumbai,Student
CUST5776,Chandigarh,Corporate
CUST5777,Ahmedabad,Corporate
CUST5778,Indore,Consumer
CUST5779,Jodhpur,Corporate
CUST5780,Mumbai,Corporate
CUST5781,Visakhapatnam,Small Business
CUST5782,Vadodara,Small Business
CUST5783,Jaipur,Consumer
CUST5784,Trivandrum,Consumer
CUST5785,Visakhapatnam,Consumer
CUST5786,Trivandrum,Student
CUST5787,Jodhpur,Consumer
CUST5788,Trivandrum,Corporate
CUST5789,Vadodara,Student
CUST5790,Trivandrum,Consumer
CUST5791,Patna,Consumer
CUST5792,Nagpur,Corporate
CUST5793,Bangalore,Small Business
CUST5794,Bhopal,Corporate
CUST5795,Hyderabad,Corporate
CUST5796,Chandigarh,Small Business
CUST5797,Jaipur,Small Business
CUST5798,Rajkot,Corporate
CUST5799,Lucknow,Small Business
CUST5800,Visakhapatnam,Small Business
CUST5801,Chandigarh,Corporate
CUST5802,Lucknow,Student
CUST5803,Bhopal,Corporate
CUST5804,Kanpur,Consumer
CUST5805,Thane,Small Business
CUST5806,Bhopal,Small Business
CUST5807,Coimbatore,Corporate
CUST5808,Kochi,Student
CUST5809,Kolkata,Corporate
CUST5810,Ahmedabad,Student
CUST5811,Hyderabad,Small Business
CUST5812,Vadodara,Corporate
CUST5813,Patna,Corporate
CUST5814,Trivandrum,Student
CUST5815,Patna,Small Business
CUST5816,Thane,Small Business
CUST5817,Nashik,Consumer
CUST5818,Visakhapatnam,Consumer
CUST5819,Vadodara,Consumer
CUST5820,Visakhapatnam,Small Business
CUST5821,Vadodara,Corporate
CUST5822,Nagpur,Small Business
CUST5823,Nagpur,Corporate
CUST5824,Kochi,Consumer
CUST5825,Madurai,Corporate
CUST5826,Rajkot,Consumer
CUST5827,Jaipur,Consumer
CUST5828,Rajkot,Student
CUST5829,Pune,Corporate
CUST5830,Kochi,Student
CUST5831,Lucknow,Student
CUST5832,Trivandrum,Corporate
CUST5833,Pune,Student
CUST5834,Delhi,Consumer
CUST5835,Madurai,Consumer
CUST5836,Thane,Consumer
CUST5837,Mumbai,Small Business
CUST5838,Hyderabad,Student
CUST5839,Patna,Consumer
CUST5840,Hyderabad,Corporate
CUST5841,Pune,Small Business
CUST5842,Coimbatore,Student
CUST5843,Trivandrum,Corporate
CUST5844,Chandigarh,Corporate
CUST5845,Chennai,Corporate
CUST5846,Kanpur,Consumer
CUST5847,Delhi,Corporate
CUST5848,Jaipur,Small Business
CUST5849,Vadodara,Consumer
CUST5850,Kochi,Corporate
CUST5851,Kolkata,Student
CUST5852,Nashik,Student
CUST5853,Hyderabad,Corporate
CUST5854,Nashik,Consumer
CUST5855,Mysore,Corporate
CUST5856,Delhi,Small Business
CUST5857,Vadodara,Corporate
CUST5858,Trivandrum,Small Business
CUST5859,Jaipur,Corporate
CUST5860,Madurai,Corporate
CUST5861,Patna,Student
CUST5862,Jaipur,Corporate
CUST5863,Indore,Small Business
CUST5864,Surat,Consumer
CUST5865,Bangalore,Consumer
CUST5866,Kochi,Corporate
CUST5867,Bhopal,Student
CUST5868,Thane,Corporate
CUST5869,Nashik,Student
CUST5870,Vadodara,Corporate
CUST5871,Mysore,Corporate
CUST5872,Bhopal,Consumer
CUST5873,Hyderabad,Consumer
CUST5874,Delhi,Small Business
CUST5875,Vadodara,Student
CUST5876,Chennai,Corporate
CUST5877,Vadodara,Corporate
CUST5878,Trivandrum,Small Business
CUST5879,Vadodara,Small Business
CUST5880,Trivandrum,Small Business
CUST5881,Chandigarh,Student
CUST5882,Mysore,Student
CUST5883,Kanpur,Student
CUST5884,Kanpur,Student
CUST5885,Bhopal,Consumer
CUST5886,Gurgaon,Consumer
CUST5887,Mumbai,Corporate
CUST5888,Bangalore,Student
CUST5889,Ahmedabad,Student
CUST5890,Nashik,Small Business
CUST5891,Gurgaon,Student
CUST5892,Kochi,Consumer
CUST5893,Bangalore,Student
CUST5894,Indore,Small Business
CUST5895,Noida,Student
CUST5896,Trivandrum,Small Business
CUST5897,Kanpur,Consumer
CUST5898,Chandigarh,Consumer
CUST5899,Pune,Corporate
CUST5900,Delhi,Corporate
CUST5901,Jaipur,Corporate
CUST5902,Pune,Small Business
CUST5903,Hyderabad,Corporate
CUST5904,Mysore,Corporate
CUST5905,Coimbatore,Student
CUST5906,Indore,Consumer
CUST5907,Delhi,Small Business
CUST5908,Madurai,Small Business
CUST5909,Bhopal,Consumer
CUST5910,Trivandrum,Small Business
CUST5911,Kolkata,Corporate
CUST5912,Hyderabad,Student
CUST5913,Ahmedabad,Corporate
CUST5914,Ahmedabad,Student
CUST5915,Mysore,Student
CUST5916,Surat,Small Business
CUST5917,Patna,Small Business
CUST5918,Chennai,Student
CUST5919,Noida,Student
CUST5920,Thane,Student
CUST5921,Bhopal,Consumer
CUST5922,Gurgaon,Student
CUST5923,Hyderabad,Student
CUST5924,Chennai,Corporate
CUST5925,Pune,Small Business
CUST5926,Kolkata,Student
CUST5927,Pune,Corporate
CUST5928,Rajkot,Small Business
CUST5929,Kolkata,Small Business
CUST5930,Noida,Corporate
CUST5931,Madurai,Corporate
CUST5932,Pune,Student
CUST5933,Delhi,Student
CUST5934,Bangalore,Consumer
CUST5935,Hyderabad,Small Business
CUST5936,Ahmedabad,Corporate
CUST5937,Thane,Small Business
CUST5938,Bangalore,Consumer
CUST5939,Kolkata,Student
CUST5940,Kolkata,Student
CUST5941,Pune,Student
CUST5942,Chandigarh,Consumer
CUST5943,Rajkot,Small Business
CUST5944,Bangalore,Corporate
CUST5945,Surat,Student
CUST5946,Mumbai,Consumer
CUST5947,Surat,Consumer
CUST5948,Coimbatore,Consumer
CUST5949,Lucknow,Consumer
CUST5950,Bhopal,Small Business
CUST5951,Chennai,Corporate
CUST5952,Coimbatore,Corporate
CUST5953,Chandigarh,Small Business
CUST5954,Hyderabad,Corporate
CUST5955,Hyderabad,Consumer
CUST5956,Delhi,Student
CUST5957,Jodhpur,Student
CUST5958,Kanpur,Student
CUST5959,Rajkot,Consumer
CUST5960,Surat,Consumer
CUST5961,Visakhapatnam,Consumer
CUST5962,Delhi,Small Business
CUST5963,Bangalore,Consumer
CUST5964,Indore,Corporate
CUST5965,Chandigarh,Small Business
CUST5966,Rajkot,Student
CUST5967,Chennai,Consumer
CUST5968,Kochi,Corporate
CUST5969,Chandigarh,Corporate
CUST5970,Noida,Corporate
CUST5971,Nashik,Small Business
CUST5972,Rajkot,Corporate
CUST5973,Mumbai,Consumer
CUST5974,Jaipur,Consumer
CUST5975,Mumbai,Small Business
CUST5976,Mysore,Student
CUST5977,Ahmedabad,Corporate
CUST5978,Delhi,Small Business
CUST5979,Delhi,Corporate
CUST5980,Surat,Corporate
CUST5981,Bhopal,Corporate
CUST5982,Delhi,Consumer
CUST5983,Visakhapatnam,Consumer
CUST5984,Hyderabad,Student
CUST5985,Chandigarh,Consumer
CUST5986,Mumbai,Consumer
CUST5987,Ahmedabad,Student
CUST5988,Ahmedabad,Corporate
CUST5989,Surat,Consumer
CUST5990,Kochi,Student
CUST5991,Jaipur,Consumer
CUST5992,Coimbatore,Small Business
CUST5993,Patna,Corporate
CUST5994,Chennai,Consumer
CUST5995,Madurai,Small Business
CUST5996,Rajkot,Small Business
CUST5997,Bhopal,Consumer
CUST5998,Bangalore,Consumer
CUST5999,Jodhpur,Consumer
CUST6000,Madurai,Consumer
CUST6001,Visakhapatnam,Consumer
CUST6002,Pune,Consumer
CUST6003,Kolkata,Corporate
CUST6004,Surat,Corporate
CUST6005,Pune,Small Business
CUST6006,Ahmedabad,Small Business
CUST6007,Indore,Student
CUST6008,Rajkot,Corporate
CUST6009,Patna,Corporate
CUST6010,Trivandrum,Corporate
CUST6011,Chandigarh,Corporate
CUST6012,Mysore,Consumer
CUST6013,Thane,Corporate
CUST6014,Mumbai,Student
CUST6015,Coimbatore,Small Business
CUST6016,Hyderabad,Small Business
CUST6017,Indore,Small Business
CUST6018,Bangalore,Small Business
CUST6019,Kolkata,Small Business
CUST6020,Nashik,Consumer
CUST6021,Kanpur,Student
CUST6022,Pune,Small Business
CUST6023,Chandigarh,Corporate
CUST6024,Kolkata,Small Business
CUST6025,Jodhpur,Small Business
CUST6026,Noida,Consumer
CUST6027,Coimbatore,Small Business
CUST6028,Kochi,Consumer
CUST6029,Vadodara,Corporate
CUST6030,Kolkata,Student
CUST6031,Ahmedabad,Small Business
CUST6032,Coimbatore,Small Business
CUST6033,Patna,Small Business
CUST6034,Nashik,Student
CUST6035,Lucknow,Consumer
CUST6036,Visakhapatnam,Corporate
CUST6037,Mumbai,Consumer
CUST6038,Kolkata,Small Business
CUST6039,Delhi,Small Business
CUST6040,Nashik,Small Business
CUST6041,Nashik,Corporate
CUST6042,Delhi,Small Business
CUST6043,Kochi,Student
CUST6044,Mumbai,Consumer
CUST6045,Visakhapatnam,Corporate
CUST6046,Chennai,Consumer
CUST6047,Jaipur,Student
CUST6048,Hyderabad,Student
CUST6049,Bangalore,Consumer
CUST6050,Mumbai,Student
CUST6051,Mumbai,Corporate
CUST6052,Pune,Small Business
CUST6053,Nashik,Student
CUST6054,Vadodara,Student
CUST6055,Rajkot,Small Business
CUST6056,Madurai,Small Business
CUST6057,Chennai,Corporate
CUST6058,Madurai,Small Business
CUST6059,Patna,Student
CUST6060,Jaipur,Student
CUST6061,Rajkot,Consumer
CUST6062,Patna,Consumer
CUST6063,Mumbai,Student
CUST6064,Trivandrum,Corporate
CUST6065,Mumbai,Small Business
CUST6066,Ahmedabad,Consumer
CUST6067,Pune,Corporate
CUST6068,Bhopal,Small Business
CUST6069,Nashik,Student
CUST6070,Chennai,Student
CUST6071,Vadodara,Student
CUST6072,Bhopal,Student
CUST6073,Surat,Student
CUST6074,Noida,Small Business
CUST6075,Patna,Small Business
CUST6076,Kolkata,Corporate
CUST6077,Coimbatore,Student
CUST6078,Jaipur,Consumer
CUST6079,Kochi,Student
CUST6080,Gurgaon,Consumer
CUST6081,Rajkot,Corporate
CUST6082,Visakhapatnam,Student
CUST6083,Ahmedabad,Student
CUST6084,Thane,Corporate
CUST6085,Trivandrum,Student
CUST6086,Jaipur,Consumer
CUST6087,Nagpur,Corporate
CUST6088,Trivandrum,Student
CUST6089,Rajkot,Student
CUST6090,Jodhpur,Corporate
CUST6091,Bhopal,Corporate
CUST6092,Ahmedabad,Small Business
CUST6093,Chandigarh,Student
CUST6094,Kochi,Student
CUST6095,Visakhapatnam,Consumer
CUST6096,Nagpur,Consumer
CUST6097,Bangalore,Corporate
CUST6098,Rajkot,Student
CUST6099,Trivandrum,Corporate
CUST6100,Pune,Consumer
CUST6101,Jaipur,Corporate
CUST6102,Noida,Corporate
CUST6103,Bangalore,Student
CUST6104,Mumbai,Consumer
CUST6105,Noida,Small Business
CUST6106,Coimbatore,Student
CUST6107,Pune,Corporate
CUST6108,Indore,Small Business
CUST6109,Noida,Student
CUST6110,Mysore,Student
CUST6111,Delhi,Consumer
CUST6112,Nashik,Small Business
CUST6113,Jaipur,Student
CUST6114,Delhi,Consumer
CUST6115,Patna,Consumer
CUST6116,Coimbatore,Consumer
CUST6117,Nagpur,Corporate
CUST6118,Jaipur,Student
CUST6119,Madurai,Student
CUST6120,Nashik,Student
CUST6121,Indore,Small Business
CUST6122,Mysore,Student
CUST6123,Patna,Student
CUST6124,Nagpur,Small Business
CUST6125,Coimbatore,Corporate
CUST6126,Trivandrum,Student
CUST6127,Jaipur,Corporate
CUST6128,Bhopal,Student
CUST6129,Mumbai,Corporate
CUST6130,Madurai,Corporate
CUST6131,Kolkata,Small Business
CUST6132,Trivandrum,Student
CUST6133,Nashik,Student
CUST6134,Nashik,Student
CUST6135,Jaipur,Small Business
CUST6136,Vadodara,Student
CUST6137,Ahmedabad,Student
CUST6138,Lucknow,Student
CUST6139,Kanpur,Small Business
CUST6140,Hyderabad,Student
CUST6141,Trivandrum,Corporate
CUST6142,Vadodara,Corporate
CUST6143,Kanpur,Consumer
CUST6144,Thane,Small Business
CUST6145,Bangalore,Student
CUST6146,Kochi,Student
CUST6147,Nagpur,Student
CUST6148,Nashik,Student
CUST6149,Gurgaon,Small Business
CUST6150,Delhi,Student
CUST6151,Kochi,Corporate
CUST6152,Ahmedabad,Small Business
CUST6153,Bangalore,Consumer
CUST6154,Jodhpur,Small Business
CUST6155,Nagpur,Consumer
CUST6156,Trivandrum,Corporate
CUST6157,Indore,Consumer
CUST6158,Mumbai,Corporate
CUST6159,Ahmedabad,Student
CUST6160,Surat,Corporate
CUST6161,Noida,Small Business
CUST6162,Bangalore,Small Business
CUST6163,Jaipur,Corporate
CUST6164,Ahmedabad,Student
CUST6165,Ahmedabad,Student
CUST6166,Bhopal,Small Business
CUST6167,Trivandrum,Student
CUST6168,Delhi,Consumer
CUST6169,Kolkata,Corporate
CUST6170,Bhopal,Consumer
CUST6171,Ahmedabad,Student
CUST6172,Kochi,Consumer
CUST6173,Nagpur,Corporate
CUST6174,Madurai,Consumer
CUST6175,Trivandrum,Small Business
CUST6176,Trivandrum,Small Business
CUST6177,Indore,Consumer
CUST6178,Noida,Student
CUST6179,Gurgaon,Small Business
CUST6180,Trivandrum,Small Business
CUST6181,Delhi,Corporate
CUST6182,Bhopal,Small Business
CUST6183,Kolkata,Corporate
CUST6184,Lucknow,Consumer
CUST6185,Mysore,Consumer
CUST6186,Surat,Student
CUST6187,Hyderabad,Corporate
CUST6188,Kolkata,Small Business
CUST6189,Noida,Small Business
CUST6190,Nagpur,Student
CUST6191,Bangalore,Student
CUST6192,Thane,Consumer
CUST6193,Surat,Student
CUST6194,Bangalore,Corporate
CUST6195,Coimbatore,Corporate
CUST6196,Surat,Student
CUST6197,Nagpur,Small Business
CUST6198,Noida,Small Business
CUST6199,Nagpur,Corporate
CUST6200,Vadodara,Small Business
CUST6201,Nashik,Corporate
CUST6202,Noida,Corporate
CUST6203,Rajkot,Student
CUST6204,Trivandrum,Student
CUST6205,Nagpur,Consumer
CUST6206,Trivandrum,Consumer
CUST6207,Coimbatore,Student
CUST6208,Rajkot,Consumer
CUST6209,Bhopal,Student
CUST6210,Jodhpur,Small Business
CUST6211,Patna,Student
CUST6212,Bhopal,Corporate
CUST6213,Chennai,Corporate
CUST6214,Delhi,Consumer
CUST6215,Trivandrum,Corporate
CUST6216,Nagpur,Corporate
CUST6217,Mysore,Corporate
CUST6218,Mysore,Small Business
CUST6219,Patna,Student
CUST6220,Coimbatore,Student
CUST6221,Gurgaon,Small Business
CUST6222,Chandigarh,Student
CUST6223,Noida,Student
CUST6224,Chennai,Small Business
CUST6225,Bangalore,Consumer
CUST6226,Chennai,Student
CUST6227,Visakhapatnam,Corporate
CUST6228,Chennai,Consumer
CUST6229,Indore,Student
CUST6230,Hyderabad,Consumer
CUST6231,Vadodara,Corporate
CUST6232,Patna,Corporate
CUST6233,Patna,Student
CUST6234,Rajkot,Small Business
CUST6235,Mysore,Small Business
CUST6236,Hyderabad,Consumer
CUST6237,Thane,Corporate
CUST6238,Patna,Small Business
CUST6239,Kolkata,Corporate
CUST6240,Indore,Small Business
CUST6241,Bangalore,Student
CUST6242,Chandigarh,Consumer
CUST6243,Noida,Consumer
CUST6244,Hyderabad,Consumer
CUST6245,Visakhapatnam,Small Business
CUST6246,Kanpur,Student
CUST6247,Coimbatore,Small Business
CUST6248,Kolkata,Consumer
CUST6249,Chandigarh,Consumer
CUST6250,Madurai,Consumer
CUST6251,Thane,Corporate
CUST6252,Pune,Small Business
CUST6253,Bangalore,Student
CUST6254,Rajkot,Corporate
CUST6255,Bangalore,Corporate
CUST6256,Rajkot,Small Business
CUST6257,Chandigarh,Student
CUST6258,Chandigarh,Consumer
CUST6259,Kochi,Consumer
CUST6260,Chennai,Student
CUST6261,Rajkot,Corporate
CUST6262,Jodhpur,Student
CUST6263,Lucknow,Student
CUST6264,Pune,Small Business
CUST6265,Patna,Student
CUST6266,Nashik,Small Business
CUST6267,Rajkot,Small Business
CUST6268,Bhopal,Small Business
CUST6269,Mumbai,Consumer
CUST6270,Gurgaon,Small Business
CUST6271,Nashik,Small Business
CUST6272,Jaipur,Corporate
CUST6273,Delhi,Consumer
CUST6274,Bangalore,Corporate
CUST6275,Jodhpur,Consumer
CUST6276,Madurai,Consumer
CUST6277,Surat,Small Business
CUST6278,Indore,Small Business
CUST6279,Kolkata,Consumer
CUST6280,Coimbatore,Small Business
CUST6281,Mysore,Consumer
CUST6282,Jaipur,Small Business
CUST6283,Delhi,Consumer
CUST6284,Surat,Consumer
CUST6285,Kanpur,Consumer
CUST6286,Vadodara,Consumer
CUST6287,Jodhpur,Small Business
CUST6288,Mumbai,Student
CUST6289,Jaipur,Corporate
CUST6290,Kochi,Consumer
CUST6291,Coimbatore,Consumer
CUST6292,Delhi,Corporate
CUST6293,Gurgaon,Small Business
CUST6294,Bhopal,Corporate
CUST6295,Kolkata,Small Business
CUST6296,Jaipur,Consumer
CUST6297,Bhopal,Consumer
CUST6298,Chennai,Consumer
CUST6299,Chennai,Corporate
CUST6300,Patna,Student
CUST6301,Kolkata,Small Business
CUST6302,Jaipur,Small Business
CUST6303,Noida,Corporate
CUST6304,Thane,Consumer
CUST6305,Chennai,Student
CUST6306,Kolkata,Consumer
CUST6307,Kolkata,Consumer
CUST6308,Kanpur,Consumer
CUST6309,Delhi,Student
CUST6310,Pune,Student
CUST6311,Madurai,Small Business
CUST6312,Madurai,Corporate
CUST6313,Mumbai,Small Business
CUST6314,Jodhpur,Student
CUST6315,Ahmedabad,Student
CUST6316,Kanpur,Corporate
CUST6317,Nagpur,Student
CUST6318,Lucknow,Corporate
CUST6319,Noida,Corporate
CUST6320,Indore,Student
CUST6321,Indore,Student
CUST6322,Nashik,Consumer
CUST6323,Surat,Student
CUST6324,Ahmedabad,Consumer
CUST6325,Lucknow,Small Business
CUST6326,Kochi,Corporate
CUST6327,Patna,Corporate
CUST6328,Nagpur,Consumer
CUST6329,Mysore,Consumer
CUST6330,Nagpur,Student
CUST6331,Madurai,Small Business
CUST6332,Jaipur,Small Business
CUST6333,Nagpur,Consumer
CUST6334,Coimbatore,Small Business
CUST6335,Coimbatore,Corporate
CUST6336,Lucknow,Corporate
CUST6337,Pune,Small Business
CUST6338,Kochi,Corporate
CUST6339,Hyderabad,Consumer
CUST6340,Kolkata,Consumer
CUST6341,Bhopal,Student
CUST6342,Rajkot,Corporate
CUST6343,Ahmedabad,Consumer
CUST6344,Noida,Student
CUST6345,Mysore,Corporate
CUST6346,Thane,Small Business
CUST6347,Surat,Student
CUST6348,Trivandrum,Corporate
CUST6349,Trivandrum,Corporate
CUST6350,Lucknow,Small Business
CUST6351,Patna,Small Business
CUST6352,Jodhpur,Corporate
CUST6353,Chennai,Small Business
CUST6354,Visakhapatnam,Student
CUST6355,Vadodara,Student
CUST6356,Surat,Student
CUST6357,Chandigarh,Corporate
CUST6358,Nagpur,Corporate
CUST6359,Jaipur,Corporate
CUST6360,Bangalore,Corporate
CUST6361,Coimbatore,Student
CUST6362,Mysore,Corporate
CUST6363,Chandigarh,Consumer
CUST6364,Indore,Consumer
CUST6365,Bangalore,Consumer
CUST6366,Noida,Student
CUST6367,Mumbai,Corporate
CUST6368,Rajkot,Corporate
CUST6369,Indore,Small Business
CUST6370,Nashik,Student
CUST6371,Thane,Consumer
CUST6372,Jodhpur,Small Business
CUST6373,Thane,Corporate
CUST6374,Nashik,Small Business
CUST6375,Mysore,Student
CUST6376,Jodhpur,Consumer
CUST6377,Lucknow,Student
CUST6378,Gurgaon,Corporate
CUST6379,Ahmedabad,Corporate
CUST6380,Coimbatore,Student
CUST6381,Bangalore,Small Business
CUST6382,Chandigarh,Corporate
CUST6383,Kolkata,Consumer
CUST6384,Visakhapatnam,Consumer
CUST6385,Hyderabad,Student
CUST6386,Delhi,Corporate
CUST6387,Gurgaon,Corporate
CUST6388,Pune,Corporate
CUST6389,Kanpur,Small Business
CUST6390,Surat,Small Business
CUST6391,Chennai,Corporate
CUST6392,Hyderabad,Small Business
CUST6393,Indore,Consumer
CUST6394,Coimbatore,Corporate
CUST6395,Trivandrum,Small Business
CUST6396,Nagpur,Consumer
CUST6397,Gurgaon,Student
CUST6398,Delhi,Small Business
CUST6399,Surat,Consumer
CUST6400,Mysore,Consumer
CUST6401,Jaipur,Corporate
CUST6402,Madurai,Small Business
CUST6403,Jaipur,Small Business
CUST6404,Jaipur,Small Business
CUST6405,Coimbatore,Student
CUST6406,Jodhpur,Student
CUST6407,Bhopal,Consumer
CUST6408,Jaipur,Small Business
CUST6409,Gurgaon,Student
CUST6410,Thane,Corporate
CUST6411,Lucknow,Corporate
CUST6412,Thane,Consumer
CUST6413,Mumbai,Consumer
CUST6414,Vadodara,Small Business
CUST6415,Madurai,Student
CUST6416,Nagpur,Student
CUST6417,Noida,Corporate
CUST6418,Lucknow,Consumer
CUST6419,Hyderabad,Corporate
CUST6420,Patna,Small Business
CUST6421,Nashik,Small Business
CUST6422,Kolkata,Corporate
CUST6423,Kanpur,Consumer
CUST6424,Nashik,Corporate
CUST6425,Nagpur,Consumer
CUST6426,Noida,Small Business
CUST6427,Vadodara,Small Business
CUST6428,Bhopal,Student
CUST6429,Lucknow,Corporate
CUST6430,Bangalore,Student
CUST6431,Coimbatore,Small Business
CUST6432,Mumbai,Student
CUST6433,Jaipur,Consumer
CUST6434,Kochi,Corporate
CUST6435,Mysore,Consumer
CUST6436,Chennai,Small Business
CUST6437,Visakhapatnam,Small Business
CUST6438,Rajkot,Consumer
CUST6439,Mysore,Corporate
CUST6440,Jaipur,Consumer
CUST6441,Delhi,Student
CUST6442,Thane,Corporate
CUST6443,Pune,Consumer
CUST6444,Pune,Student
CUST6445,Kolkata,Corporate
CUST6446,Indore,Corporate
CUST6447,Mysore,Student
CUST6448,Bangalore,Consumer
CUST6449,Chennai,Student
CUST6450,Pune,Student
CUST6451,Jodhpur,Student
CUST6452,Surat,Consumer
CUST6453,Kochi,Consumer
CUST6454,Nashik,Corporate
CUST6455,Ahmedabad,Consumer
CUST6456,Nashik,Corporate
CUST6457,Vadodara,Consumer
CUST6458,Hyderabad,Consumer
CUST6459,Mysore,Student
CUST6460,Visakhapatnam,Small Business
CUST6461,Visakhapatnam,Corporate
CUST6462,Lucknow,Consumer
CUST6463,Kolkata,Student
CUST6464,Visakhapatnam,Small Business
CUST6465,Madurai,Small Business
CUST6466,Trivandrum,Consumer
CUST6467,Vadodara,Consumer
CUST6468,Kochi,Corporate
CUST6469,Chennai,Consumer
CUST6470,Kochi,Student
CUST6471,Noida,Consumer
CUST6472,Surat,Corporate
CUST6473,Madurai,Consumer
CUST6474,Delhi,Consumer
CUST6475,Kanpur,Corporate
CUST6476,Mysore,Small Business
CUST6477,Ahmedabad,Consumer
CUST6478,Nagpur,Consumer
CUST6479,Rajkot,Consumer
CUST6480,Ahmedabad,Small Business
CUST6481,Jaipur,Consumer
CUST6482,Vadodara,Consumer
CUST6483,Jodhpur,Corporate
CUST6484,Kanpur,Small Business
CUST6485,Coimbatore,Small Business
CUST6486,Rajkot,Consumer
CUST6487,Pune,Student
CUST6488,Kolkata,Corporate
CUST6489,Nagpur,Corporate
CUST6490,Jaipur,Small Business
CUST6491,Hyderabad,Small Business
CUST6492,Coimbatore,Small Business
CUST6493,Delhi,Corporate
CUST6494,Gurgaon,Corporate
CUST6495,Kanpur,Student
CUST6496,Patna,Small Business
CUST6497,Lucknow,Corporate
CUST6498,Thane,Student
CUST6499,Pune,Small Business
CUST6500,Surat,Consumer
CUST6501,Nagpur,Consumer
CUST6502,Kolkata,Student
CUST6503,Delhi,Consumer
CUST6504,Kolkata,Small Business
CUST6505,Mumbai,Consumer
CUST6506,Chandigarh,Student
CUST6507,Chandigarh,Consumer
CUST6508,Lucknow,Student
CUST6509,Indore,Corporate
CUST6510,Chennai,Consumer
CUST6511,Kolkata,Student
CUST6512,Trivandrum,Student
CUST6513,Ahmedabad,Student
CUST6514,Indore,Corporate
CUST6515,Patna,Consumer
CUST6516,Surat,Corporate
CUST6517,Noida,Student
CUST6518,Coimbatore,Small Business
CUST6519,Trivandrum,Consumer
CUST6520,Mysore,Student
CUST6521,Nashik,Consumer
CUST6522,Nashik,Small Business
CUST6523,Visakhapatnam,Student
CUST6524,Thane,Corporate
CUST6525,Visakhapatnam,Small Business
CUST6526,Chandigarh,Consumer
CUST6527,Hyderabad,Corporate
CUST6528,Indore,Corporate
CUST6529,Nagpur,Small Business
CUST6530,Rajkot,Consumer
CUST6531,Chandigarh,Small Business
CUST6532,Kochi,Student
CUST6533,Kolkata,Small Business
CUST6534,Ahmedabad,Small Business
CUST6535,Kolkata,Student
CUST6536,Vadodara,Small Business
CUST6537,Delhi,Corporate
CUST6538,Nagpur,Student
CUST6539,Trivandrum,Corporate
CUST6540,Delhi,Student
CUST6541,Kochi,Student
CUST6542,Kanpur,Corporate
CUST6543,Madurai,Student
CUST6544,Noida,Corporate
CUST6545,Ahmedabad,Corporate
CUST6546,Kochi,Student
CUST6547,Visakhapatnam,Consumer
CUST6548,Jodhpur,Corporate
CUST6549,Jaipur,Consumer
CUST6550,Vadodara,Small Business
CUST6551,Rajkot,Student
CUST6552,Trivandrum,Student
CUST6553,Nashik,Consumer
CUST6554,Thane,Corporate
CUST6555,Mysore,Consumer
CUST6556,Pune,Corporate
CUST6557,Bangalore,Consumer
CUST6558,Madurai,Corporate
CUST6559,Bangalore,Consumer
CUST6560,Hyderabad,Corporate
CUST6561,Nagpur,Corporate
CUST6562,Jaipur,Corporate
CUST6563,Visakhapatnam,Consumer
CUST6564,Gurgaon,Student
CUST6565,Indore,Student
CUST6566,Delhi,Small Business
CUST6567,Vadodara,Student
CUST6568,Kochi,Corporate
CUST6569,Chandigarh,Corporate
CUST6570,Hyderabad,Consumer
CUST6571,Jaipur,Corporate
CUST6572,Visakhapatnam,Small Business
CUST6573,Kanpur,Corporate
CUST6574,Ahmedabad,Consumer
CUST6575,Jodhpur,Corporate
CUST6576,Pune,Corporate
CUST6577,Mumbai,Small Business
CUST6578,Patna,Small Business
CUST6579,Vadodara,Consumer
CUST6580,Jaipur,Student
CUST6581,Pune,Small Business
CUST6582,Vadodara,Student
CUST6583,Indore,Student
CUST6584,Patna,Consumer
CUST6585,Gurgaon,Student
CUST6586,Nagpur,Corporate
CUST6587,Rajkot,Small Business
CUST6588,Thane,Corporate
CUST6589,Chandigarh,Small Business
CUST6590,Vadodara,Student
CUST6591,Jaipur,Student
CUST6592,Kochi,Small Business
CUST6593,Bhopal,Student
CUST6594,Surat,Consumer
CUST6595,Kolkata,Student
CUST6596,Mysore,Small Business
CUST6597,Rajkot,Corporate
CUST6598,Gurgaon,Consumer
CUST6599,Bhopal,Consumer
CUST6600,Bangalore,Corporate
CUST6601,Patna,Small Business
CUST6602,Nagpur,Student
CUST6603,Vadodara,Small Business
CUST6604,Vadodara,Small Business
CUST6605,Nashik,Student
CUST6606,Lucknow,Corporate
CUST6607,Chennai,Small Business
CUST6608,Surat,Small Business
CUST6609,Noida,Corporate
CUST6610,Kanpur,Student
CUST6611,Kochi,Small Business
CUST6612,Nashik,Student
CUST6613,Pune,Corporate
CUST6614,Chennai,Student
CUST6615,Thane,Student
CUST6616,Vadodara,Corporate
CUST6617,Nagpur,Consumer
CUST6618,Trivandrum,Corporate
CUST6619,Visakhapatnam,Small Business
CUST6620,Jodhpur,Corporate
CUST6621,Madurai,Consumer
CUST6622,Nagpur,Small Business
CUST6623,Patna,Student
CUST6624,Kolkata,Student
CUST6625,Coimbatore,Student
CUST6626,Pune,Student
CUST6627,Thane,Small Business
CUST6628,Nagpur,Small Business
CUST6629,Surat,Small Business
CUST6630,Delhi,Student
CUST6631,Bhopal,Corporate
CUST6632,Jaipur,Student
CUST6633,Madurai,Corporate
CUST6634,Gurgaon,Small Business
CUST6635,Kolkata,Small Business
CUST6636,Mysore,Corporate
CUST6637,Thane,Consumer
CUST6638,Indore,Student
CUST6639,Visakhapatnam,Corporate
CUST6640,Coimbatore,Corporate
CUST6641,Gurgaon,Small Business
CUST6642,Chennai,Student
CUST6643,Indore,Corporate
CUST6644,Kochi,Small Business
CUST6645,Hyderabad,Student
CUST6646,Chandigarh,Student
CUST6647,Indore,Consumer
CUST6648,Bangalore,Small Business
CUST6649,Mumbai,Consumer
CUST6650,Pune,Student
CUST6651,Nashik,Consumer
CUST6652,Mumbai,Student
CUST6653,Pune,Consumer
CUST6654,Surat,Student
CUST6655,Nashik,Small Business
CUST6656,Nashik,Small Business
CUST6657,Hyderabad,Student
CUST6658,Mysore,Student
CUST6659,Pune,Student
CUST6660,Thane,Corporate
CUST6661,Jaipur,Small Business
CUST6662,Kochi,Student
CUST6663,Chennai,Small Business
CUST6664,Delhi,Consumer
CUST6665,Coimbatore,Corporate
CUST6666,Gurgaon,Corporate
CUST6667,Visakhapatnam,Student
CUST6668,Hyderabad,Corporate
CUST6669,Visakhapatnam,Student
CUST6670,Noida,Student
CUST6671,Ahmedabad,Corporate
CUST6672,Lucknow,Small Business
CUST6673,Ahmedabad,Consumer
CUST6674,Rajkot,Consumer
CUST6675,Jodhpur,Consumer
CUST6676,Kanpur,Small Business
CUST6677,Chandigarh,Student
CUST6678,Chennai,Consumer
CUST6679,Vadodara,Corporate
CUST6680,Kochi,Student
CUST6681,Lucknow,Small Business
CUST6682,Chandigarh,Consumer
CUST6683,Jaipur,Student
CUST6684,Indore,Consumer
CUST6685,Rajkot,Consumer
CUST6686,Kanpur,Small Business
CUST6687,Rajkot,Corporate
CUST6688,Bangalore,Consumer
CUST6689,Indore,Small Business
CUST6690,Kanpur,Small Business
CUST6691,Chennai,Student
CUST6692,Jaipur,Student
CUST6693,Jaipur,Small Business
CUST6694,Madurai,Student
CUST6695,Hyderabad,Corporate
CUST6696,Ahmedabad,Student
CUST6697,Hyderabad,Corporate
CUST6698,Mumbai,Student
CUST6699,Patna,Consumer
CUST6700,Coimbatore,Corporate
CUST6701,Kolkata,Corporate
CUST6702,Pune,Corporate
CUST6703,Indore,Consumer
CUST6704,Kolkata,Student
CUST6705,Thane,Corporate
CUST6706,Kolkata,Consumer
CUST6707,Gurgaon,Corporate
CUST6708,Bhopal,Student
CUST6709,Chennai,Corporate
CUST6710,Kolkata,Student
CUST6711,Bhopal,Student
CUST6712,Kolkata,Corporate
CUST6713,Pune,Small Business
CUST6714,Patna,Consumer
CUST6715,Patna,Corporate
CUST6716,Kolkata,Corporate
CUST6717,Coimbatore,Student
CUST6718,Trivandrum,Consumer
CUST6719,Nagpur,Student
CUST6720,Visakhapatnam,Corporate
CUST6721,Patna,Small Business
CUST6722,Delhi,Corporate
CUST6723,Coimbatore,Student
CUST6724,Ahmedabad,Consumer
CUST6725,Chennai,Student
CUST6726,Delhi,Corporate
CUST6727,Jaipur,Corporate
CUST6728,Bangalore,Small Business
CUST6729,Gurgaon,Small Business
CUST6730,Patna,Corporate
CUST6731,Hyderabad,Student
CUST6732,Lucknow,Small Business
CUST6733,Ahmedabad,Small Business
CUST6734,Thane,Small Business
CUST6735,Bhopal,Student
CUST6736,Indore,Small Business
CUST6737,Nashik,Student
CUST6738,Coimbatore,Consumer
CUST6739,Indore,Consumer
CUST6740,Pune,Small Business
CUST6741,Noida,Student
CUST6742,Trivandrum,Consumer
CUST6743,Hyderabad,Consumer
CUST6744,Delhi,Consumer
CUST6745,Kanpur,Small Business
CUST6746,Mumbai,Small Business
CUST6747,Jodhpur,Small Business
CUST6748,Rajkot,Small Business
CUST6749,Vadodara,Consumer
CUST6750,Gurgaon,Small Business
CUST6751,Pune,Consumer
CUST6752,Nagpur,Consumer
CUST6753,Madurai,Small Business
CUST6754,Kochi,Consumer
CUST6755,Kanpur,Student
CUST6756,Kolkata,Small Business
CUST6757,Lucknow,Student
CUST6758,Pune,Consumer
CUST6759,Lucknow,Small Business
CUST6760,Gurgaon,Consumer
CUST6761,Patna,Corporate
CUST6762,Gurgaon,Consumer
CUST6763,Ahmedabad,Corporate
CUST6764,Mysore,Student
CUST6765,Kolkata,Corporate
CUST6766,Visakhapatnam,Corporate
CUST6767,Chennai,Student
CUST6768,Patna,Consumer
CUST6769,Vadodara,Student
CUST6770,Mumbai,Student
CUST6771,Nagpur,Corporate
CUST6772,Kolkata,Small Business
CUST6773,Indore,Consumer
CUST6774,Jaipur,Student
CUST6775,Indore,Student
CUST6776,Thane,Corporate
CUST6777,Hyderabad,Small Business
CUST6778,Kanpur,Corporate
CUST6779,Chennai,Small Business
CUST6780,Chennai,Consumer
CUST6781,Kolkata,Small Business
CUST6782,Vadodara,Corporate
CUST6783,Ahmedabad,Student
CUST6784,Indore,Consumer
CUST6785,Jaipur,Small Business
CUST6786,Coimbatore,Corporate
CUST6787,Delhi,Small Business
CUST6788,Pune,Corporate
CUST6789,Mysore,Student
CUST6790,Noida,Corporate
CUST6791,Trivandrum,Student
CUST6792,Surat,Small Business
CUST6793,Bangalore,Corporate
CUST6794,Nashik,Small Business
CUST6795,Delhi,Corporate
CUST6796,Nagpur,Student
CUST6797,Surat,Corporate
CUST6798,Indore,Consumer
CUST6799,Bhopal,Corporate
CUST6800,Rajkot,Corporate
CUST6801,Coimbatore,Student
CUST6802,Patna,Student
CUST6803,Rajkot,Corporate
CUST6804,Chandigarh,Corporate
CUST6805,Mysore,Student
CUST6806,Noida,Student
CUST6807,Indore,Small Business
CUST6808,Coimbatore,Corporate
CUST6809,Bangalore,Student
CUST6810,Lucknow,Small Business
CUST6811,Thane,Corporate
CUST6812,Hyderabad,Student
CUST6813,Lucknow,Corporate
CUST6814,Mumbai,Corporate
CUST6815,Mumbai,Student
CUST6816,Lucknow,Small Business
CUST6817,Delhi,Consumer
CUST6818,Jodhpur,Corporate
CUST6819,Nashik,Consumer
CUST6820,Kolkata,Small Business
CUST6821,Chandigarh,Small Business
CUST6822,Rajkot,Corporate
CUST6823,Thane,Student
CUST6824,Nashik,Consumer
CUST6825,Bhopal,Student
CUST6826,Rajkot,Small Business
CUST6827,Bhopal,Small Business
CUST6828,Pune,Student
CUST6829,Trivandrum,Small Business
CUST6830,Kochi,Consumer
CUST6831,Jaipur,Consumer
CUST6832,Delhi,Student
CUST6833,Nagpur,Consumer
CUST6834,Chennai,Student
CUST6835,Delhi,Consumer
CUST6836,Hyderabad,Small Business
CUST6837,Ahmedabad,Consumer
CUST6838,Noida,Student
CUST6839,Mysore,Consumer
CUST6840,Mysore,Corporate
CUST6841,Hyderabad,Corporate
CUST6842,Delhi,Student
CUST6843,Chandigarh,Corporate
CUST6844,Jodhpur,Student
CUST6845,Pune,Student
CUST6846,Gurgaon,Student
CUST6847,Vadodara,Student
CUST6848,Rajkot,Small Business
CUST6849,Kanpur,Student
CUST6850,Lucknow,Small Business
CUST6851,Chandigarh,Consumer
CUST6852,Hyderabad,Consumer
CUST6853,Patna,Student
CUST6854,Madurai,Student
CUST6855,Gurgaon,Corporate
CUST6856,Chennai,Student
CUST6857,Thane,Small Business
CUST6858,Mysore,Corporate
CUST6859,Jodhpur,Student
CUST6860,Bangalore,Corporate
CUST6861,Chennai,Consumer
CUST6862,Mysore,Consumer
CUST6863,Nagpur,Corporate
CUST6864,Surat,Small Business
CUST6865,Visakhapatnam,Small Business
CUST6866,Trivandrum,Corporate
CUST6867,Chandigarh,Consumer
CUST6868,Gurgaon,Small Business
CUST6869,Kanpur,Student
CUST6870,Bhopal,Consumer
CUST6871,Surat,Small Business
CUST6872,Kanpur,Corporate
CUST6873,Kanpur,Corporate
CUST6874,Visakhapatnam,Corporate
CUST6875,Chandigarh,Small Business
CUST6876,Coimbatore,Student
CUST6877,Madurai,Student
CUST6878,Delhi,Student
CUST6879,Vadodara,Consumer
CUST6880,Ahmedabad,Small Business
CUST6881,Bhopal,Student
CUST6882,Delhi,Consumer
CUST6883,Patna,Corporate
CUST6884,Noida,Small Business
CUST6885,Vadodara,Consumer
CUST6886,Kanpur,Consumer
CUST6887,Surat,Student
CUST6888,Coimbatore,Consumer
CUST6889,Nashik,Corporate
CUST6890,Nagpur,Consumer
CUST6891,Hyderabad,Corporate
CUST6892,Trivandrum,Corporate
CUST6893,Thane,Small Business
CUST6894,Bhopal,Consumer
CUST6895,Thane,Corporate
CUST6896,Jaipur,Corporate
CUST6897,Gurgaon,Consumer
CUST6898,Jaipur,Corporate
CUST6899,Chandigarh,Small Business
CUST6900,Kochi,Student
CUST6901,Bhopal,Consumer
CUST6902,Hyderabad,Student
CUST6903,Noida,Corporate
CUST6904,Delhi,Corporate
CUST6905,Nagpur,Small Business
CUST6906,Jaipur,Small Business
CUST6907,Delhi,Corporate
CUST6908,Visakhapatnam,Student
CUST6909,Chandigarh,Corporate
CUST6910,Trivandrum,Corporate
CUST6911,Pune,Corporate
CUST6912,Jodhpur,Consumer
CUST6913,Bangalore,Small Business
CUST6914,Lucknow,Small Business
CUST6915,Madurai,Small Business
CUST6916,Madurai,Small Business
CUST6917,Chennai,Consumer
CUST6918,Ahmedabad,Consumer
CUST6919,Hyderabad,Corporate
CUST6920,Nashik,Small Business
CUST6921,Mumbai,Consumer
CUST6922,Kanpur,Small Business
CUST6923,Bhopal,Student
CUST6924,Patna,Small Business
CUST6925,Bhopal,Corporate
CUST6926,Thane,Corporate
CUST6927,Mysore,Consumer
CUST6928,Kolkata,Consumer
CUST6929,Chennai,Small Business
CUST6930,Chennai,Consumer
CUST6931,Delhi,Student
CUST6932,Mumbai,Consumer
CUST6933,Bhopal,Student
CUST6934,Thane,Corporate
CUST6935,Nashik,Corporate
CUST6936,Bhopal,Corporate
CUST6937,Jodhpur,Student
CUST6938,Gurgaon,Corporate
CUST6939,Jodhpur,Corporate
CUST6940,Gurgaon,Small Business
CUST6941,Patna,Consumer
CUST6942,Jaipur,Corporate
CUST6943,Nagpur,Corporate
CUST6944,Mysore,Small Business
CUST6945,Patna,Consumer
CUST6946,Vadodara,Corporate
CUST6947,Madurai,Small Business
CUST6948,Surat,Corporate
CUST6949,Gurgaon,Student
CUST6950,Kolkata,Student
CUST6951,Hyderabad,Student
CUST6952,Chennai,Consumer
CUST6953,Coimbatore,Corporate
CUST6954,Chennai,Small Business
CUST6955,Madurai,Consumer
CUST6956,Patna,Consumer
CUST6957,Kolkata,Consumer
CUST6958,Chandigarh,Consumer
CUST6959,Nagpur,Corporate
CUST6960,Ahmedabad,Consumer
CUST6961,Bangalore,Consumer
CUST6962,Chandigarh,Small Business
CUST6963,Chennai,Consumer
CUST6964,Hyderabad,Consumer
CUST6965,Bhopal,Student
CUST6966,Rajkot,Corporate
CUST6967,Surat,Corporate
CUST6968,Chennai,Consumer
CUST6969,Thane,Small Business
CUST6970,Jaipur,Consumer
CUST6971,Delhi,Small Business
CUST6972,Lucknow,Small Business
CUST6973,Thane,Consumer
CUST6974,Kochi,Student
CUST6975,Vadodara,Corporate
CUST6976,Hyderabad,Student
CUST6977,Chandigarh,Student
CUST6978,Visakhapatnam,Consumer
CUST6979,Thane,Small Business
CUST6980,Nagpur,Small Business
CUST6981,Gurgaon,Consumer
CUST6982,Nagpur,Student
CUST6983,Coimbatore,Corporate
CUST6984,Nashik,Small Business
CUST6985,Gurgaon,Small Business
CUST6986,Patna,Small Business
CUST6987,Indore,Corporate
CUST6988,Kolkata,Small Business
CUST6989,Indore,Corporate
CUST6990,Kochi,Corporate
CUST6991,Delhi,Corporate
CUST6992,Jodhpur,Consumer
CUST6993,Bangalore,Student
CUST6994,Mumbai,Consumer
CUST6995,Thane,Corporate
CUST6996,Hyderabad,Student
CUST6997,Kanpur,Consumer
CUST6998,Visakhapatnam,Consumer
CUST6999,Patna,Student
CUST7000,Nagpur,Consumer
CUST7001,Bhopal,Corporate
CUST7002,Chennai,Corporate
CUST7003,Jodhpur,Consumer
CUST7004,Visakhapatnam,Corporate
CUST7005,Kanpur,Consumer
CUST7006,Jaipur,Corporate
CUST7007,Ahmedabad,Consumer
CUST7008,Pune,Student
CUST7009,Coimbatore,Corporate
CUST7010,Kochi,Consumer
CUST7011,Pune,Small Business
CUST7012,Jodhpur,Corporate
CUST7013,Jaipur,Small Business
CUST7014,Kolkata,Small Business
CUST7015,Surat,Consumer
CUST7016,Thane,Corporate
CUST7017,Rajkot,Small Business
CUST7018,Jaipur,Small Business
CUST7019,Hyderabad,Small Business
CUST7020,Thane,Student
CUST7021,Mysore,Small Business
CUST7022,Surat,Small Business
CUST7023,Bangalore,Student
CUST7024,Patna,Small Business
CUST7025,Mumbai,Student
CUST7026,Vadodara,Corporate
CUST7027,Hyderabad,Corporate
CUST7028,Pune,Small Business
CUST7029,Gurgaon,Consumer
CUST7030,Jaipur,Student
CUST7031,Jaipur,Consumer
CUST7032,Visakhapatnam,Corporate
CUST7033,Gurgaon,Corporate
CUST7034,Madurai,Consumer
CUST7035,Chennai,Consumer
CUST7036,Jodhpur,Corporate
CUST7037,Visakhapatnam,Student
CUST7038,Hyderabad,Corporate
CUST7039,Bhopal,Student
CUST7040,Hyderabad,Student
CUST7041,Kanpur,Student
CUST7042,Mysore,Student
CUST7043,Madurai,Consumer
CUST7044,Kolkata,Small Business
CUST7045,Coimbatore,Small Business
CUST7046,Rajkot,Consumer
CUST7047,Chandigarh,Corporate
CUST7048,Jodhpur,Small Business
CUST7049,Gurgaon,Student
CUST7050,Thane,Student
CUST7051,Bhopal,Student
CUST7052,Mysore,Student
CUST7053,Kochi,Consumer
CUST7054,Trivandrum,Consumer
CUST7055,Pune,Corporate
CUST7056,Bhopal,Corporate
CUST7057,Mysore,Small Business
CUST7058,Hyderabad,Corporate
CUST7059,Thane,Corporate
CUST7060,Mysore,Student
CUST7061,Chandigarh,Student
CUST7062,Rajkot,Consumer
CUST7063,Kochi,Corporate
CUST7064,Thane,Small Business
CUST7065,Kanpur,Corporate
CUST7066,Mumbai,Student
CUST7067,Coimbatore,Student
CUST7068,Nashik,Consumer
CUST7069,Nashik,Student
CUST7070,Madurai,Consumer
CUST7071,Kanpur,Student
CUST7072,Indore,Consumer
CUST7073,Noida,Consumer
CUST7074,Noida,Student
CUST7075,Noida,Corporate
CUST7076,Lucknow,Small Business
CUST7077,Indore,Consumer
CUST7078,Kanpur,Consumer
CUST7079,Hyderabad,Student
CUST7080,Ahmedabad,Corporate
CUST7081,Gurgaon,Corporate
CUST7082,Ahmedabad,Corporate
CUST7083,Kochi,Consumer
CUST7084,Pune,Consumer
CUST7085,Jodhpur,Corporate
CUST7086,Bhopal,Student
CUST7087,Jodhpur,Corporate
CUST7088,Mysore,Consumer
CUST7089,Mumbai,Corporate
CUST7090,Coimbatore,Small Business
CUST7091,Chandigarh,Corporate
CUST7092,Chandigarh,Consumer
CUST7093,Mumbai,Student
CUST7094,Coimbatore,Consumer
CUST7095,Mysore,Student
CUST7096,Madurai,Consumer
CUST7097,Bangalore,Student
CUST7098,Patna,Small Business
CUST7099,Madurai,Corporate
CUST7100,Gurgaon,Small Business
CUST7101,Kochi,Student
CUST7102,Bangalore,Corporate
CUST7103,Kolkata,Small Business
CUST7104,Madurai,Consumer
CUST7105,Coimbatore,Student
CUST7106,Nashik,Consumer
CUST7107,Coimbatore,Small Business
CUST7108,Visakhapatnam,Consumer
CUST7109,Lucknow,Small Business
CUST7110,Thane,Consumer
CUST7111,Thane,Student
CUST7112,Surat,Small Business
CUST7113,Patna,Student
CUST7114,Bhopal,Student
CUST7115,Kochi,Corporate
CUST7116,Mumbai,Small Business
CUST7117,Ahmedabad,Small Business
CUST7118,Noida,Student
CUST7119,Kochi,Small Business
CUST7120,Madurai,Student
CUST7121,Surat,Student
CUST7122,Kolkata,Student
CUST7123,Visakhapatnam,Small Business
CUST7124,Bangalore,Corporate
CUST7125,Surat,Student
CUST7126,Mysore,Corporate
CUST7127,Pune,Small Business
CUST7128,Rajkot,Student
CUST7129,Bhopal,Student
CUST7130,Indore,Small Business
CUST7131,Hyderabad,Student
CUST7132,Pune,Corporate
CUST7133,Patna,Consumer
CUST7134,Patna,Student
CUST7135,Mumbai,Small Business
CUST7136,Vadodara,Corporate
CUST7137,Coimbatore,Consumer
CUST7138,Surat,Student
CUST7139,Hyderabad,Corporate
CUST7140,Chennai,Small Business
CUST7141,Surat,Small Business
CUST7142,Bhopal,Corporate
CUST7143,Surat,Consumer
CUST7144,Kanpur,Consumer
CUST7145,Kanpur,Consumer
CUST7146,Noida,Student
CUST7147,Kolkata,Consumer
CUST7148,Hyderabad,Consumer
CUST7149,Visakhapatnam,Small Business
CUST7150,Kanpur,Small Business
CUST7151,Patna,Small Business
CUST7152,Chandigarh,Consumer
CUST7153,Nashik,Corporate
CUST7154,Mumbai,Consumer
CUST7155,Delhi,Student
CUST7156,Madurai,Corporate
CUST7157,Vadodara,Small Business
CUST7158,Vadodara,Corporate
CUST7159,Trivandrum,Consumer
CUST7160,Nagpur,Student
CUST7161,Noida,Small Business
CUST7162,Trivandrum,Student
CUST7163,Patna,Consumer
CUST7164,Indore,Corporate
CUST7165,Nagpur,Student
CUST7166,Thane,Small Business
CUST7167,Rajkot,Consumer
CUST7168,Jodhpur,Consumer
CUST7169,Gurgaon,Small Business
CUST7170,Mumbai,Small Business
CUST7171,Mumbai,Corporate
CUST7172,Madurai,Consumer
CUST7173,Pune,Small Business
CUST7174,Bhopal,Student
CUST7175,Pune,Corporate
CUST7176,Madurai,Student
CUST7177,Chennai,Corporate
CUST7178,Kanpur,Corporate
CUST7179,Kanpur,Small Business
CUST7180,Noida,Student
CUST7181,Indore,Corporate
CUST7182,Kolkata,Student
CUST7183,Rajkot,Consumer
CUST7184,Kochi,Small Business
CUST7185,Gurgaon,Student
CUST7186,Kochi,Corporate
CUST7187,Nashik,Corporate
CUST7188,Visakhapatnam,Student
CUST7189,Chennai,Consumer
CUST7190,Bhopal,Student
CUST7191,Rajkot,Corporate
CUST7192,Delhi,Small Business
CUST7193,Lucknow,Small Business
CUST7194,Hyderabad,Student
CUST7195,Coimbatore,Consumer
CUST7196,Thane,Consumer
CUST7197,Jaipur,Corporate
CUST7198,Delhi,Small Business
CUST7199,Nashik,Corporate
CUST7200,Jodhpur,Small Business
CUST7201,Jaipur,Consumer
CUST7202,Vadodara,Consumer
CUST7203,Jodhpur,Small Business
CUST7204,Bangalore,Consumer
CUST7205,Lucknow,Corporate
CUST7206,Mumbai,Small Business
CUST7207,Chandigarh,Small Business
CUST7208,Thane,Student
CUST7209,Nagpur,Corporate
CUST7210,Chandigarh,Corporate
CUST7211,Visakhapatnam,Student
CUST7212,Patna,Student
CUST7213,Rajkot,Corporate
CUST7214,Chandigarh,Consumer
CUST7215,Lucknow,Student
CUST7216,Ahmedabad,Small Business
CUST7217,Jodhpur,Student
CUST7218,Rajkot,Consumer
CUST7219,Madurai,Corporate
CUST7220,Chennai,Small Business
CUST7221,Rajkot,Corporate
CUST7222,Chennai,Small Business
CUST7223,Jodhpur,Corporate
CUST7224,Madurai,Student
CUST7225,Madurai,Consumer
CUST7226,Kolkata,Consumer
CUST7227,Kolkata,Student
CUST7228,Mumbai,Corporate
CUST7229,Patna,Small Business
CUST7230,Rajkot,Consumer
CUST7231,Vadodara,Small Business
CUST7232,Thane,Corporate
CUST7233,Gurgaon,Student
CUST7234,Visakhapatnam,Small Business
CUST7235,Vadodara,Small Business
CUST7236,Madurai,Small Business
CUST7237,Patna,Student
CUST7238,Coimbatore,Consumer
CUST7239,Rajkot,Small Business
CUST7240,Patna,Consumer
CUST7241,Kolkata,Corporate
CUST7242,Bangalore,Consumer
CUST7243,Pune,Small Business
CUST7244,Kolkata,Small Business
CUST7245,Madurai,Small Business
CUST7246,Bangalore,Student
CUST7247,Coimbatore,Corporate
CUST7248,Madurai,Consumer
CUST7249,Jodhpur,Student
CUST7250,Nagpur,Student
CUST7251,Surat,Corporate
CUST7252,Thane,Corporate
CUST7253,Coimbatore,Corporate
CUST7254,Nashik,Small Business
CUST7255,Chandigarh,Small Business
CUST7256,Kochi,Small Business
CUST7257,Mumbai,Corporate
CUST7258,Mysore,Student
CUST7259,Delhi,Consumer
CUST7260,Nashik,Consumer
CUST7261,Madurai,Small Business
CUST7262,Kochi,Small Business
CUST7263,Hyderabad,Small Business
CUST7264,Kochi,Student
CUST7265,Jaipur,Small Business
CUST7266,Pune,Small Business
CUST7267,Jodhpur,Small Business
CUST7268,Chennai,Student
CUST7269,Rajkot,Corporate
CUST7270,Chandigarh,Corporate
CUST7271,Noida,Consumer
CUST7272,Bhopal,Corporate
CUST7273,Lucknow,Student
CUST7274,Vadodara,Student
CUST7275,Nashik,Student
CUST7276,Ahmedabad,Student
CUST7277,Hyderabad,Small Business
CUST7278,Mysore,Student
CUST7279,Nagpur,Small Business
CUST7280,Lucknow,Student
CUST7281,Thane,Corporate
CUST7282,Indore,Consumer
CUST7283,Trivandrum,Corporate
CUST7284,Pune,Consumer
CUST7285,Coimbatore,Small Business
CUST7286,Hyderabad,Student
CUST7287,Hyderabad,Consumer
CUST7288,Jodhpur,Corporate
CUST7289,Thane,Student
CUST7290,Jodhpur,Consumer
CUST7291,Kolkata,Corporate
CUST7292,Trivandrum,Consumer
CUST7293,Nagpur,Small Business
CUST7294,Surat,Corporate
CUST7295,Coimbatore,Student
CUST7296,Chennai,Corporate
CUST7297,Trivandrum,Corporate
CUST7298,Delhi,Small Business
CUST7299,Bangalore,Student
CUST7300,Kanpur,Corporate
CUST7301,Noida,Small Business
CUST7302,Patna,Small Business
CUST7303,Vadodara,Consumer
CUST7304,Chennai,Corporate
CUST7305,Surat,Consumer
CUST7306,Kochi,Consumer
CUST7307,Hyderabad,Corporate
CUST7308,Noida,Student
CUST7309,Pune,Consumer
CUST7310,Nashik,Student
CUST7311,Mumbai,Student
CUST7312,Indore,Corporate
CUST7313,Jaipur,Small Business
CUST7314,Gurgaon,Corporate
CUST7315,Patna,Corporate
CUST7316,Gurgaon,Small Business
CUST7317,Pune,Consumer
CUST7318,Bangalore,Consumer
CUST7319,Bangalore,Small Business
CUST7320,Indore,Small Business
CUST7321,Coimbatore,Corporate
CUST7322,Bhopal,Student
CUST7323,Nagpur,Consumer
CUST7324,Lucknow,Consumer
CUST7325,Jaipur,Student
CUST7326,Mysore,Corporate
CUST7327,Jaipur,Student
CUST7328,Madurai,Small Business
CUST7329,Mysore,Student
CUST7330,Chandigarh,Small Business
CUST7331,Visakhapatnam,Student
CUST7332,Jaipur,Corporate
CUST7333,Rajkot,Small Business
CUST7334,Ahmedabad,Small Business
CUST7335,Pune,Student
CUST7336,Pune,Small Business
CUST7337,Indore,Small Business
CUST7338,Mysore,Student
CUST7339,Gurgaon,Corporate
CUST7340,Pune,Corporate
CUST7341,Mysore,Consumer
CUST7342,Kochi,Corporate
CUST7343,Ahmedabad,Student
CUST7344,Rajkot,Student
CUST7345,Trivandrum,Student
CUST7346,Gurgaon,Corporate
CUST7347,Chandigarh,Corporate
CUST7348,Mysore,Student
CUST7349,Jaipur,Student
CUST7350,Noida,Consumer
CUST7351,Rajkot,Student
CUST7352,Pune,Small Business
CUST7353,Gurgaon,Consumer
CUST7354,Gurgaon,Consumer
CUST7355,Jaipur,Small Business
CUST7356,Nashik,Corporate
CUST7357,Thane,Corporate
CUST7358,Madurai,Small Business
CUST7359,Jodhpur,Small Business
CUST7360,Kanpur,Corporate
CUST7361,Kanpur,Small Business
CUST7362,Hyderabad,Small Business
CUST7363,Jodhpur,Consumer
CUST7364,Kolkata,Student
CUST7365,Kanpur,Small Business
CUST7366,Chennai,Consumer
CUST7367,Bhopal,Student
CUST7368,Mumbai,Student
CUST7369,Mysore,Consumer
CUST7370,Ahmedabad,Small Business
CUST7371,Vadodara,Corporate
CUST7372,Indore,Small Business
CUST7373,Mysore,Student
CUST7374,Trivandrum,Student
CUST7375,Jodhpur,Small Business
CUST7376,Madurai,Student
CUST7377,Visakhapatnam,Small Business
CUST7378,Madurai,Corporate
CUST7379,Jodhpur,Student
CUST7380,Indore,Student
CUST7381,Indore,Small Business
CUST7382,Chennai,Student
CUST7383,Kochi,Student
CUST7384,Mysore,Corporate
CUST7385,Gurgaon,Student
CUST7386,Bhopal,Student
CUST7387,Kanpur,Consumer
CUST7388,Hyderabad,Small Business
CUST7389,Bangalore,Small Business
CUST7390,Coimbatore,Small Business
CUST7391,Ahmedabad,Student
CUST7392,Madurai,Consumer
CUST7393,Patna,Consumer
CUST7394,Indore,Consumer
CUST7395,Visakhapatnam,Corporate
CUST7396,Noida,Student
CUST7397,Patna,Small Business
CUST7398,Surat,Corporate
CUST7399,Trivandrum,Corporate
CUST7400,Surat,Small Business
CUST7401,Surat,Small Business
CUST7402,Mumbai,Corporate
CUST7403,Kanpur,Consumer
CUST7404,Kolkata,Student
CUST7405,Coimbatore,Corporate
CUST7406,Jaipur,Small Business
CUST7407,Jaipur,Corporate
CUST7408,Jodhpur,Corporate
CUST7409,Bangalore,Corporate
CUST7410,Hyderabad,Consumer
CUST7411,Delhi,Student
CUST7412,Surat,Consumer
CUST7413,Visakhapatnam,Student
CUST7414,Nashik,Corporate
CUST7415,Jodhpur,Student
CUST7416,Kolkata,Student
CUST7417,Jodhpur,Small Business
CUST7418,Visakhapatnam,Corporate
CUST7419,Jaipur,Small Business
CUST7420,Jodhpur,Student
CUST7421,Madurai,Student
CUST7422,Jodhpur,Small Business
CUST7423,Ahmedabad,Small Business
CUST7424,Jodhpur,Consumer
CUST7425,Kochi,Consumer
CUST7426,Kochi,Small Business
CUST7427,Delhi,Small Business
CUST7428,Lucknow,Consumer
CUST7429,Visakhapatnam,Student
CUST7430,Trivandrum,Consumer
CUST7431,Ahmedabad,Small Business
CUST7432,Delhi,Corporate
CUST7433,Patna,Consumer
CUST7434,Indore,Small Business
CUST7435,Delhi,Student
CUST7436,Madurai,Small Business
CUST7437,Nagpur,Small Business
CUST7438,Bhopal,Student
CUST7439,Chandigarh,Corporate
CUST7440,Jaipur,Corporate
CUST7441,Thane,Student
CUST7442,Nashik,Small Business
CUST7443,Madurai,Consumer
CUST7444,Thane,Consumer
CUST7445,Mysore,Consumer
CUST7446,Indore,Small Business
CUST7447,Rajkot,Student
CUST7448,Indore,Small Business
CUST7449,Mysore,Small Business
CUST7450,Nashik,Small Business
CUST7451,Ahmedabad,Student
CUST7452,Gurgaon,Corporate
CUST7453,Chandigarh,Consumer
CUST7454,Mysore,Small Business
CUST7455,Chandigarh,Corporate
CUST7456,Kolkata,Small Business
CUST7457,Chennai,Consumer
CUST7458,Nagpur,Small Business
CUST7459,Nagpur,Corporate
CUST7460,Kolkata,Small Business
CUST7461,Jodhpur,Consumer
CUST7462,Kochi,Consumer
CUST7463,Ahmedabad,Consumer
CUST7464,Pune,Consumer
CUST7465,Pune,Consumer
CUST7466,Delhi,Student
CUST7467,Thane,Small Business
CUST7468,Kochi,Small Business
CUST7469,Noida,Corporate
CUST7470,Nagpur,Student
CUST7471,Ahmedabad,Consumer
CUST7472,Lucknow,Corporate
CUST7473,Madurai,Student
CUST7474,Chandigarh,Small Business
CUST7475,Noida,Corporate
CUST7476,Indore,Student
CUST7477,Hyderabad,Small Business
CUST7478,Ahmedabad,Consumer
CUST7479,Kanpur,Consumer
CUST7480,Rajkot,Student
CUST7481,Nagpur,Student
CUST7482,Lucknow,Corporate
CUST7483,Bhopal,Consumer
CUST7484,Bangalore,Corporate
CUST7485,Kanpur,Student
CUST7486,Ahmedabad,Consumer
CUST7487,Kanpur,Consumer
CUST7488,Nagpur,Consumer
CUST7489,Kochi,Student
CUST7490,Kolkata,Corporate
CUST7491,Bangalore,Corporate
CUST7492,Chandigarh,Corporate
CUST7493,Rajkot,Student
CUST7494,Trivandrum,Small Business
CUST7495,Hyderabad,Small Business
CUST7496,Nashik,Consumer
CUST7497,Jaipur,Corporate
CUST7498,Kochi,Consumer
CUST7499,Vadodara,Consumer
CUST7500,Mysore,Corporate
CUST7501,Bhopal,Corporate
CUST7502,Jaipur,Corporate
CUST7503,Kanpur,Corporate
CUST7504,Noida,Student
CUST7505,Bangalore,Corporate
CUST7506,Kochi,Corporate
CUST7507,Kolkata,Small Business
CUST7508,Madurai,Consumer
CUST7509,Noida,Corporate
CUST7510,Bangalore,Student
CUST7511,Mysore,Small Business
CUST7512,Delhi,Student
CUST7513,Chennai,Corporate
CUST7514,Delhi,Student
CUST7515,Trivandrum,Corporate
CUST7516,Bhopal,Corporate
CUST7517,Thane,Corporate
CUST7518,Delhi,Corporate
CUST7519,Nagpur,Consumer
CUST7520,Nagpur,Small Business
CUST7521,Nagpur,Student
CUST7522,Lucknow,Consumer
CUST7523,Delhi,Consumer
CUST7524,Indore,Small Business
CUST7525,Pune,Small Business
CUST7526,Noida,Consumer
CUST7527,Noida,Small Business
CUST7528,Surat,Consumer
CUST7529,Noida,Consumer
CUST7530,Mumbai,Corporate
CUST7531,Nashik,Small Business
CUST7532,Nagpur,Corporate
CUST7533,Bhopal,Corporate
CUST7534,Kanpur,Student
CUST7535,Indore,Student
CUST7536,Kochi,Corporate
CUST7537,Chandigarh,Small Business
CUST7538,Jodhpur,Student
CUST7539,Patna,Consumer
CUST7540,Trivandrum,Consumer
CUST7541,Hyderabad,Corporate
CUST7542,Indore,Consumer
CUST7543,Delhi,Consumer
CUST7544,Hyderabad,Consumer
CUST7545,Coimbatore,Student
CUST7546,Visakhapatnam,Small Business
CUST7547,Surat,Consumer
CUST7548,Trivandrum,Small Business
CUST7549,Coimbatore,Corporate
CUST7550,Kanpur,Consumer
CUST7551,Rajkot,Consumer
CUST7552,Kolkata,Consumer
CUST7553,Visakhapatnam,Student
CUST7554,Bhopal,Small Business
CUST7555,Kochi,Consumer
CUST7556,Kanpur,Consumer
CUST7557,Kochi,Corporate
CUST7558,Ahmedabad,Consumer
CUST7559,Bangalore,Corporate
CUST7560,Surat,Student
CUST7561,Noida,Small Business
CUST7562,Chandigarh,Consumer
CUST7563,Vadodara,Small Business
CUST7564,Delhi,Corporate
CUST7565,Jaipur,Small Business
CUST7566,Pune,Consumer
CUST7567,Thane,Consumer
CUST7568,Jaipur,Student
CUST7569,Indore,Student
CUST7570,Jaipur,Consumer
CUST7571,Vadodara,Student
CUST7572,Mumbai,Small Business
CUST7573,Noida,Student
CUST7574,Rajkot,Small Business
CUST7575,Chandigarh,Consumer
CUST7576,Lucknow,Student
CUST7577,Thane,Consumer
CUST7578,Nashik,Consumer
CUST7579,Indore,Consumer
CUST7580,Vadodara,Student
CUST7581,Nashik,Student
CUST7582,Jodhpur,Corporate
CUST7583,Ahmedabad,Student
CUST7584,Jodhpur,Student
CUST7585,Delhi,Small Business
CUST7586,Kochi,Corporate
CUST7587,Visakhapatnam,Consumer
CUST7588,Nagpur,Student
CUST7589,Hyderabad,Corporate
CUST7590,Madurai,Consumer
CUST7591,Chennai,Small Business
CUST7592,Chandigarh,Small Business
CUST7593,Coimbatore,Small Business
CUST7594,Pune,Consumer
CUST7595,Nashik,Consumer
CUST7596,Chennai,Small Business
CUST7597,Hyderabad,Consumer
CUST7598,Trivandrum,Consumer
CUST7599,Mumbai,Student
CUST7600,Hyderabad,Corporate
CUST7601,Kanpur,Small Business
CUST7602,Nagpur,Student
CUST7603,Chennai,Student
CUST7604,Thane,Student
CUST7605,Chandigarh,Student
CUST7606,Jodhpur,Consumer
CUST7607,Mysore,Student
CUST7608,Trivandrum,Student
CUST7609,Kolkata,Small Business
CUST7610,Hyderabad,Student
CUST7611,Rajkot,Student
CUST7612,Rajkot,Student
CUST7613,Mumbai,Small Business
CUST7614,Bhopal,Consumer
CUST7615,Madurai,Small Business
CUST7616,Thane,Student
CUST7617,Lucknow,Small Business
CUST7618,Bangalore,Student
CUST7619,Delhi,Consumer
CUST7620,Kolkata,Consumer
CUST7621,Pune,Student
CUST7622,Bangalore,Consumer
CUST7623,Gurgaon,Small Business
CUST7624,Mysore,Corporate
CUST7625,Indore,Student
CUST7626,Kochi,Student
CUST7627,Bhopal,Consumer
CUST7628,Trivandrum,Small Business
CUST7629,Indore,Student
CUST7630,Kolkata,Small Business
CUST7631,Patna,Corporate
CUST7632,Mysore,Consumer
CUST7633,Bangalore,Small Business
CUST7634,Noida,Corporate
CUST7635,Bhopal,Student
CUST7636,Lucknow,Student
CUST7637,Hyderabad,Corporate
CUST7638,Noida,Corporate
CUST7639,Mumbai,Student
CUST7640,Delhi,Small Business
CUST7641,Pune,Small Business
CUST7642,Noida,Corporate
CUST7643,Nagpur,Consumer
CUST7644,Kochi,Corporate
CUST7645,Bangalore,Corporate
CUST7646,Noida,Corporate
CUST7647,Delhi,Corporate
CUST7648,Pune,Corporate
CUST7649,Chandigarh,Consumer
CUST7650,Coimbatore,Student
CUST7651,Mumbai,Student
CUST7652,Pune,Small Business
CUST7653,Gurgaon,Corporate
CUST7654,Coimbatore,Small Business
CUST7655,Chandigarh,Consumer
CUST7656,Kolkata,Corporate
CUST7657,Kochi,Student
CUST7658,Kolkata,Consumer
CUST7659,Jodhpur,Small Business
CUST7660,Hyderabad,Corporate
CUST7661,Chandigarh,Student
CUST7662,Bangalore,Corporate
CUST7663,Delhi,Consumer
CUST7664,Chandigarh,Consumer
CUST7665,Hyderabad,Consumer
CUST7666,Lucknow,Consumer
CUST7667,Jaipur,Student
CUST7668,Coimbatore,Consumer
CUST7669,Ahmedabad,Small Business
CUST7670,Bangalore,Small Business
CUST7671,Vadodara,Small Business
CUST7672,Coimbatore,Student
CUST7673,Noida,Student
CUST7674,Jodhpur,Consumer
CUST7675,Visakhapatnam,Corporate
CUST7676,Kanpur,Student
CUST7677,Ahmedabad,Corporate
CUST7678,Surat,Student
CUST7679,Kanpur,Consumer
CUST7680,Trivandrum,Small Business
CUST7681,Vadodara,Consumer
CUST7682,Madurai,Corporate
CUST7683,Jaipur,Corporate
CUST7684,Delhi,Corporate
CUST7685,Ahmedabad,Small Business
CUST7686,Bhopal,Student
CUST7687,Chandigarh,Corporate
CUST7688,Hyderabad,Corporate
CUST7689,Madurai,Student
CUST7690,Ahmedabad,Corporate
CUST7691,Thane,Student
CUST7692,Chennai,Small Business
CUST7693,Chennai,Corporate
CUST7694,Ahmedabad,Student
CUST7695,Rajkot,Consumer
CUST7696,Rajkot,Small Business
CUST7697,Thane,Student
CUST7698,Pune,Student
CUST7699,Kochi,Corporate
CUST7700,Ahmedabad,Student
CUST7701,Vadodara,Consumer
CUST7702,Coimbatore,Student
CUST7703,Patna,Corporate
CUST7704,Nagpur,Corporate
CUST7705,Pune,Corporate
CUST7706,Nashik,Small Business
CUST7707,Kochi,Corporate
CUST7708,Trivandrum,Small Business
CUST7709,Surat,Small Business
CUST7710,Indore,Corporate
CUST7711,Lucknow,Corporate
CUST7712,Patna,Small Business
CUST7713,Noida,Small Business
CUST7714,Indore,Student
CUST7715,Kolkata,Student
CUST7716,Chennai,Corporate
CUST7717,Hyderabad,Consumer
CUST7718,Gurgaon,Student
CUST7719,Ahmedabad,Small Business
CUST7720,Chandigarh,Consumer
CUST7721,Pune,Corporate
CUST7722,Jaipur,Small Business
CUST7723,Indore,Small Business
CUST7724,Delhi,Small Business
CUST7725,Kolkata,Small Business
CUST7726,Hyderabad,Corporate
CUST7727,Kanpur,Student
CUST7728,Madurai,Consumer
CUST7729,Madurai,Student
CUST7730,Lucknow,Consumer
CUST7731,Lucknow,Student
CUST7732,Gurgaon,Student
CUST7733,Mysore,Corporate
CUST7734,Bhopal,Corporate
CUST7735,Bangalore,Small Business
CUST7736,Nashik,Consumer
CUST7737,Madurai,Small Business
CUST7738,Bangalore,Corporate
CUST7739,Chennai,Small Business
CUST7740,Jaipur,Consumer
CUST7741,Mumbai,Corporate
CUST7742,Coimbatore,Student
CUST7743,Vadodara,Corporate
CUST7744,Hyderabad,Small Business
CUST7745,Hyderabad,Student
CUST7746,Ahmedabad,Corporate
CUST7747,Mysore,Corporate
CUST7748,Chandigarh,Small Business
CUST7749,Thane,Small Business
CUST7750,Gurgaon,Corporate
CUST7751,Madurai,Student
CUST7752,Kolkata,Consumer
CUST7753,Kochi,Consumer
CUST7754,Ahmedabad,Small Business
CUST7755,Jodhpur,Corporate
CUST7756,Bangalore,Small Business
CUST7757,Lucknow,Student
CUST7758,Thane,Corporate
CUST7759,Ahmedabad,Consumer
CUST7760,Kanpur,Small Business
CUST7761,Bhopal,Student
CUST7762,Thane,Small Business
CUST7763,Hyderabad,Corporate
CUST7764,Madurai,Consumer
CUST7765,Bangalore,Student
CUST7766,Kochi,Small Business
CUST7767,Mysore,Student
CUST7768,Patna,Corporate
CUST7769,Jaipur,Corporate
CUST7770,Delhi,Small Business
CUST7771,Delhi,Consumer
CUST7772,Kolkata,Small Business
CUST7773,Kanpur,Small Business
CUST7774,Delhi,Student
CUST7775,Gurgaon,Small Business
CUST7776,Bhopal,Consumer
CUST7777,Lucknow,Student
CUST7778,Rajkot,Small Business
CUST7779,Mysore,Consumer
CUST7780,Patna,Small Business
CUST7781,Pune,Corporate
CUST7782,Coimbatore,Consumer
CUST7783,Delhi,Student
CUST7784,Nashik,Small Business
CUST7785,Chennai,Corporate
CUST7786,Nagpur,Consumer
CUST7787,Kochi,Consumer
CUST7788,Indore,Student
CUST7789,Mysore,Student
CUST7790,Patna,Small Business
CUST7791,Kanpur,Student
CUST7792,Kolkata,Corporate
CUST7793,Ahmedabad,Corporate
CUST7794,Lucknow,Corporate
CUST7795,Lucknow,Small Business
CUST7796,Thane,Small Business
CUST7797,Nashik,Small Business
CUST7798,Thane,Corporate
CUST7799,Lucknow,Consumer
CUST7800,Jaipur,Consumer
CUST7801,Kanpur,Corporate
CUST7802,Chandigarh,Consumer
CUST7803,Visakhapatnam,Small Business
CUST7804,Kolkata,Consumer
CUST7805,Hyderabad,Consumer
CUST7806,Mumbai,Small Business
CUST7807,Surat,Corporate
CUST7808,Nagpur,Small Business
CUST7809,Surat,Corporate
CUST7810,Bangalore,Student
CUST7811,Thane,Student
CUST7812,Surat,Student
CUST7813,Pune,Corporate
CUST7814,Visakhapatnam,Student
CUST7815,Patna,Corporate
CUST7816,Gurgaon,Small Business
CUST7817,Delhi,Student
CUST7818,Vadodara,Corporate
CUST7819,Surat,Student
CUST7820,Thane,Small Business
CUST7821,Indore,Small Business
CUST7822,Coimbatore,Consumer
CUST7823,Trivandrum,Consumer
CUST7824,Indore,Corporate
CUST7825,Jaipur,Corporate
CUST7826,Madurai,Corporate
CUST7827,Indore,Small Business
CUST7828,Kochi,Student
CUST7829,Thane,Small Business
CUST7830,Visakhapatnam,Small Business
CUST7831,Jodhpur,Consumer
CUST7832,Noida,Corporate
CUST7833,Vadodara,Student
CUST7834,Kochi,Small Business
CUST7835,Bangalore,Small Business
CUST7836,Noida,Corporate
CUST7837,Rajkot,Student
CUST7838,Trivandrum,Small Business
CUST7839,Coimbatore,Consumer
CUST7840,Mumbai,Student
CUST7841,Bhopal,Corporate
CUST7842,Visakhapatnam,Consumer
CUST7843,Surat,Consumer
CUST7844,Trivandrum,Consumer
CUST7845,Coimbatore,Student
CUST7846,Hyderabad,Corporate
CUST7847,Indore,Corporate
CUST7848,Ahmedabad,Small Business
CUST7849,Nashik,Corporate
CUST7850,Nashik,Student
CUST7851,Lucknow,Corporate
CUST7852,Coimbatore,Consumer
CUST7853,Indore,Corporate
CUST7854,Mumbai,Student
CUST7855,Jodhpur,Consumer
CUST7856,Pune,Corporate
CUST7857,Indore,Corporate
CUST7858,Trivandrum,Small Business
CUST7859,Pune,Consumer
CUST7860,Jaipur,Small Business
CUST7861,Noida,Student
CUST7862,Bhopal,Corporate
CUST7863,Jodhpur,Small Business
CUST7864,Gurgaon,Student
CUST7865,Trivandrum,Student
CUST7866,Kochi,Student
CUST7867,Surat,Small Business
CUST7868,Pune,Student
CUST7869,Nagpur,Student
CUST7870,Jaipur,Consumer
CUST7871,Trivandrum,Consumer
CUST7872,Surat,Small Business
CUST7873,Mysore,Student
CUST7874,Thane,Student
CUST7875,Kochi,Student
CUST7876,Mumbai,Small Business
CUST7877,Ahmedabad,Corporate
CUST7878,Kochi,Corporate
CUST7879,Chandigarh,Student
CUST7880,Kochi,Student
CUST7881,Coimbatore,Consumer
CUST7882,Lucknow,Corporate
CUST7883,Trivandrum,Corporate
CUST7884,Visakhapatnam,Small Business
CUST7885,Indore,Corporate
CUST7886,Noida,Small Business
CUST7887,Madurai,Student
CUST7888,Chennai,Consumer
CUST7889,Rajkot,Small Business
CUST7890,Chandigarh,Small Business
CUST7891,Kochi,Student
CUST7892,Kochi,Student
CUST7893,Coimbatore,Small Business
CUST7894,Delhi,Consumer
CUST7895,Coimbatore,Consumer
CUST7896,Gurgaon,Consumer
CUST7897,Chandigarh,Corporate
CUST7898,Jodhpur,Consumer
CUST7899,Bhopal,Student
CUST7900,Kolkata,Corporate
CUST7901,Mumbai,Corporate
CUST7902,Indore,Corporate
CUST7903,Mumbai,Corporate
CUST7904,Indore,Student
CUST7905,Kanpur,Student
CUST7906,Nagpur,Student
CUST7907,Surat,Small Business
CUST7908,Chennai,Small Business
CUST7909,Vadodara,Small Business
CUST7910,Bhopal,Corporate
CUST7911,Nagpur,Consumer
CUST7912,Bangalore,Consumer
CUST7913,Gurgaon,Corporate
CUST7914,Vadodara,Corporate
CUST7915,Rajkot,Corporate
CUST7916,Trivandrum,Small Business
CUST7917,Mysore,Corporate
CUST7918,Coimbatore,Corporate
CUST7919,Ahmedabad,Corporate
CUST7920,Patna,Consumer
CUST7921,Kanpur,Consumer
CUST7922,Trivandrum,Student
CUST7923,Coimbatore,Student
CUST7924,Jodhpur,Consumer
CUST7925,Ahmedabad,Consumer
CUST7926,Hyderabad,Student
CUST7927,Chandigarh,Consumer
CUST7928,Vadodara,Student
CUST7929,Rajkot,Student
CUST7930,Chennai,Student
CUST7931,Kanpur,Small Business
CUST7932,Kochi,Student
CUST7933,Surat,Consumer
CUST7934,Patna,Consumer
CUST7935,Ahmedabad,Student
CUST7936,Surat,Corporate
CUST7937,Surat,Small Business
CUST7938,Bhopal,Student
CUST7939,Chandigarh,Corporate
CUST7940,Patna,Small Business
CUST7941,Rajkot,Corporate
CUST7942,Rajkot,Corporate
CUST7943,Patna,Small Business
CUST7944,Jodhpur,Corporate
CUST7945,Indore,Corporate
CUST7946,Nashik,Small Business
CUST7947,Patna,Corporate
CUST7948,Chandigarh,Student
CUST7949,Indore,Small Business
CUST7950,Kochi,Small Business
CUST7951,Nashik,Consumer
CUST7952,Noida,Corporate
CUST7953,Mumbai,Consumer
CUST7954,Coimbatore,Small Business
CUST7955,Hyderabad,Small Business
CUST7956,Kolkata,Consumer
CUST7957,Mysore,Consumer
CUST7958,Noida,Consumer
CUST7959,Indore,Student
CUST7960,Mumbai,Student
CUST7961,Bangalore,Small Business
CUST7962,Ahmedabad,Consumer
CUST7963,Mysore,Consumer
CUST7964,Mumbai,Consumer
CUST7965,Hyderabad,Corporate
CUST7966,Coimbatore,Consumer
CUST7967,Chennai,Consumer
CUST7968,Noida,Consumer
CUST7969,Bhopal,Corporate
CUST7970,Pune,Consumer
CUST7971,Madurai,Consumer
CUST7972,Vadodara,Student
CUST7973,Chandigarh,Student
CUST7974,Kanpur,Corporate
CUST7975,Patna,Student
CUST7976,Kanpur,Consumer
CUST7977,Coimbatore,Student
CUST7978,Ahmedabad,Corporate
CUST7979,Rajkot,Student
CUST7980,Trivandrum,Corporate
CUST7981,Indore,Consumer
CUST7982,Vadodara,Corporate
CUST7983,Vadodara,Corporate
CUST7984,Bangalore,Corporate
CUST7985,Ahmedabad,Consumer
CUST7986,Hyderabad,Small Business
CUST7987,Kanpur,Small Business
CUST7988,Madurai,Consumer
CUST7989,Pune,Small Business
CUST7990,Indore,Student
CUST7991,Madurai,Small Business
CUST7992,Jaipur,Corporate
CUST7993,Mysore,Small Business
CUST7994,Chennai,Student
CUST7995,Hyderabad,Corporate
CUST7996,Pune,Small Business
CUST7997,Hyderabad,Student
CUST7998,Pune,Student
CUST7999,Kolkata,Student
CUST8000,Mumbai,Small Business
CUST8001,Indore,Student
CUST8002,Hyderabad,Corporate
CUST8003,Surat,Consumer
CUST8004,Visakhapatnam,Consumer
CUST8005,Nagpur,Small Business
CUST8006,Hyderabad,Student
CUST8007,Vadodara,Small Business
CUST8008,Jaipur,Student
CUST8009,Trivandrum,Student
CUST8010,Trivandrum,Small Business
CUST8011,Surat,Student
CUST8012,Indore,Student
CUST8013,Trivandrum,Corporate
CUST8014,Coimbatore,Corporate
CUST8015,Patna,Consumer
CUST8016,Delhi,Student
CUST8017,Mysore,Consumer
CUST8018,Chennai,Small Business
CUST8019,Nashik,Small Business
CUST8020,Jodhpur,Consumer
CUST8021,Visakhapatnam,Consumer
CUST8022,Bhopal,Small Business
CUST8023,Kochi,Corporate
CUST8024,Jodhpur,Student
CUST8025,Hyderabad,Student
CUST8026,Trivandrum,Student
CUST8027,Kochi,Consumer
CUST8028,Indore,Consumer
CUST8029,Nagpur,Corporate
CUST8030,Noida,Small Business
CUST8031,Ahmedabad,Consumer
CUST8032,Indore,Consumer
CUST8033,Thane,Corporate
CUST8034,Mumbai,Consumer
CUST8035,Ahmedabad,Consumer
CUST8036,Mysore,Student
CUST8037,Lucknow,Corporate
CUST8038,Thane,Corporate
CUST8039,Ahmedabad,Consumer
CUST8040,Madurai,Student
CUST8041,Rajkot,Consumer
CUST8042,Vadodara,Student
CUST8043,Gurgaon,Corporate
CUST8044,Patna,Student
CUST8045,Bhopal,Corporate
CUST8046,Chandigarh,Corporate
CUST8047,Madurai,Student
CUST8048,Patna,Student
CUST8049,Gurgaon,Student
CUST8050,Hyderabad,Student
CUST8051,Trivandrum,Consumer
CUST8052,Pune,Student
CUST8053,Rajkot,Consumer
CUST8054,Kanpur,Consumer
CUST8055,Bangalore,Small Business
CUST8056,Trivandrum,Consumer
CUST8057,Mumbai,Consumer
CUST8058,Visakhapatnam,Small Business
CUST8059,Indore,Corporate
CUST8060,Bangalore,Consumer
CUST8061,Coimbatore,Student
CUST8062,Mumbai,Corporate
CUST8063,Rajkot,Corporate
CUST8064,Indore,Corporate
CUST8065,Noida,Student
CUST8066,Nashik,Consumer
CUST8067,Noida,Student
CUST8068,Lucknow,Consumer
CUST8069,Chandigarh,Small Business
CUST8070,Mysore,Corporate
CUST8071,Visakhapatnam,Small Business
CUST8072,Bangalore,Small Business
CUST8073,Gurgaon,Small Business
CUST8074,Trivandrum,Small Business
CUST8075,Rajkot,Consumer
CUST8076,Delhi,Corporate
CUST8077,Bangalore,Student
CUST8078,Hyderabad,Student
CUST8079,Vadodara,Corporate
CUST8080,Bhopal,Consumer
CUST8081,Madurai,Student
CUST8082,Rajkot,Consumer
CUST8083,Surat,Corporate
CUST8084,Bangalore,Corporate
CUST8085,Nagpur,Corporate
CUST8086,Bhopal,Consumer
CUST8087,Surat,Small Business
CUST8088,Jodhpur,Student
CUST8089,Hyderabad,Small Business
CUST8090,Bhopal,Corporate
CUST8091,Vadodara,Small Business
CUST8092,Noida,Small Business
CUST8093,Thane,Consumer
CUST8094,Hyderabad,Small Business
CUST8095,Chennai,Corporate
CUST8096,Rajkot,Corporate
CUST8097,Patna,Consumer
CUST8098,Rajkot,Small Business
CUST8099,Thane,Student
CUST8100,Chennai,Corporate
CUST8101,Thane,Small Business
CUST8102,Mumbai,Corporate
CUST8103,Thane,Small Business
CUST8104,Kanpur,Consumer
CUST8105,Mysore,Small Business
CUST8106,Bhopal,Corporate
CUST8107,Ahmedabad,Small Business
CUST8108,Lucknow,Small Business
CUST8109,Jodhpur,Consumer
CUST8110,Thane,Small Business
CUST8111,Lucknow,Corporate
CUST8112,Patna,Student
CUST8113,Indore,Consumer
CUST8114,Ahmedabad,Consumer
CUST8115,Noida,Corporate
CUST8116,Delhi,Consumer
CUST8117,Delhi,Consumer
CUST8118,Visakhapatnam,Consumer
CUST8119,Kanpur,Small Business
CUST8120,Pune,Corporate
CUST8121,Nagpur,Small Business
CUST8122,Pune,Consumer
CUST8123,Mumbai,Small Business
CUST8124,Hyderabad,Student
CUST8125,Rajkot,Corporate
CUST8126,Ahmedabad,Consumer
CUST8127,Nagpur,Consumer
CUST8128,Mumbai,Small Business
CUST8129,Delhi,Consumer
CUST8130,Indore,Consumer
CUST8131,Indore,Consumer
CUST8132,Vadodara,Corporate
CUST8133,Kochi,Consumer
CUST8134,Mysore,Small Business
CUST8135,Nashik,Small Business
CUST8136,Mysore,Student
CUST8137,Nagpur,Small Business
CUST8138,Visakhapatnam,Corporate
CUST8139,Mysore,Student
CUST8140,Coimbatore,Small Business
CUST8141,Rajkot,Student
CUST8142,Coimbatore,Small Business
CUST8143,Visakhapatnam,Corporate
CUST8144,Coimbatore,Consumer
CUST8145,Lucknow,Consumer
CUST8146,Kanpur,Consumer
CUST8147,Rajkot,Student
CUST8148,Indore,Consumer
CUST8149,Surat,Consumer
CUST8150,Mysore,Consumer
CUST8151,Trivandrum,Student
CUST8152,Nagpur,Corporate
CUST8153,Indore,Corporate
CUST8154,Trivandrum,Small Business
CUST8155,Chennai,Small Business
CUST8156,Trivandrum,Consumer
CUST8157,Patna,Consumer
CUST8158,Nashik,Student
CUST8159,Thane,Consumer
CUST8160,Madurai,Corporate
CUST8161,Nagpur,Student
CUST8162,Delhi,Small Business
CUST8163,Nagpur,Consumer
CUST8164,Chandigarh,Corporate
CUST8165,Kanpur,Student
CUST8166,Mumbai,Small Business
CUST8167,Pune,Consumer
CUST8168,Noida,Corporate
CUST8169,Chennai,Consumer
CUST8170,Delhi,Student
CUST8171,Madurai,Student
CUST8172,Surat,Student
CUST8173,Madurai,Consumer
CUST8174,Mysore,Corporate
CUST8175,Nagpur,Student
CUST8176,Jodhpur,Corporate
CUST8177,Chandigarh,Student
CUST8178,Lucknow,Small Business
CUST8179,Ahmedabad,Consumer
CUST8180,Mysore,Student
CUST8181,Jodhpur,Corporate
CUST8182,Pune,Student
CUST8183,Gurgaon,Small Business
CUST8184,Ahmedabad,Corporate
CUST8185,Jaipur,Consumer
CUST8186,Bangalore,Consumer
CUST8187,Noida,Student
CUST8188,Ahmedabad,Student
CUST8189,Noida,Consumer
CUST8190,Nashik,Small Business
CUST8191,Bhopal,Consumer
CUST8192,Chennai,Small Business
CUST8193,Mumbai,Student
CUST8194,Thane,Consumer
CUST8195,Kanpur,Student
CUST8196,Jaipur,Consumer
CUST8197,Bhopal,Small Business
CUST8198,Indore,Small Business
CUST8199,Bangalore,Small Business
CUST8200,Ahmedabad,Consumer
CUST8201,Ahmedabad,Corporate
CUST8202,Rajkot,Corporate
CUST8203,Bhopal,Corporate
CUST8204,Bangalore,Student
CUST8205,Indore,Consumer
CUST8206,Bangalore,Corporate
CUST8207,Patna,Small Business
CUST8208,Bhopal,Student
CUST8209,Kochi,Student
CUST8210,Patna,Student
CUST8211,Delhi,Corporate
CUST8212,Bangalore,Student
CUST8213,Patna,Consumer
CUST8214,Jodhpur,Student
CUST8215,Vadodara,Small Business
CUST8216,Madurai,Consumer
CUST8217,Kochi,Corporate
CUST8218,Madurai,Small Business
CUST8219,Hyderabad,Corporate
CUST8220,Pune,Consumer
CUST8221,Ahmedabad,Consumer
CUST8222,Trivandrum,Corporate
CUST8223,Nagpur,Student
CUST8224,Jaipur,Consumer
CUST8225,Lucknow,Student
CUST8226,Coimbatore,Student
CUST8227,Nagpur,Small Business
CUST8228,Chennai,Consumer
CUST8229,Nashik,Small Business
CUST8230,Visakhapatnam,Small Business
CUST8231,Visakhapatnam,Corporate
CUST8232,Surat,Small Business
CUST8233,Indore,Small Business
CUST8234,Lucknow,Student
CUST8235,Madurai,Consumer
CUST8236,Jaipur,Small Business
CUST8237,Trivandrum,Corporate
CUST8238,Delhi,Small Business
CUST8239,Visakhapatnam,Corporate
CUST8240,Chennai,Corporate
CUST8241,Madurai,Consumer
CUST8242,Kolkata,Corporate
CUST8243,Delhi,Corporate
CUST8244,Bhopal,Student
CUST8245,Vadodara,Consumer
CUST8246,Nashik,Corporate
CUST8247,Bhopal,Consumer
CUST8248,Nashik,Consumer
CUST8249,Delhi,Small Business
CUST8250,Jodhpur,Small Business
CUST8251,Lucknow,Consumer
CUST8252,Pune,Small Business
CUST8253,Delhi,Corporate
CUST8254,Bangalore,Small Business
CUST8255,Jodhpur,Student
CUST8256,Indore,Consumer
CUST8257,Patna,Student
CUST8258,Bhopal,Student
CUST8259,Chandigarh,Corporate
CUST8260,Kolkata,Student
CUST8261,Chandigarh,Corporate
CUST8262,Thane,Student
CUST8263,Nagpur,Corporate
CUST8264,Bangalore,Consumer
CUST8265,Chandigarh,Student
CUST8266,Surat,Small Business
CUST8267,Pune,Small Business
CUST8268,Chandigarh,Consumer
CUST8269,Rajkot,Small Business
CUST8270,Indore,Corporate
CUST8271,Nashik,Corporate
CUST8272,Mysore,Student
CUST8273,Bhopal,Small Business
CUST8274,Chennai,Small Business
CUST8275,Coimbatore,Small Business
CUST8276,Trivandrum,Small Business
CUST8277,Surat,Corporate
CUST8278,Patna,Consumer
CUST8279,Visakhapatnam,Student
CUST8280,Bangalore,Student
CUST8281,Mumbai,Small Business
CUST8282,Mysore,Corporate
CUST8283,Delhi,Corporate
CUST8284,Visakhapatnam,Small Business
CUST8285,Visakhapatnam,Consumer
CUST8286,Kolkata,Small Business
CUST8287,Kolkata,Small Business
CUST8288,Kochi,Corporate
CUST8289,Mumbai,Consumer
CUST8290,Nagpur,Consumer
CUST8291,Kanpur,Student
CUST8292,Vadodara,Student
CUST8293,Delhi,Consumer
CUST8294,Delhi,Small Business
CUST8295,Lucknow,Corporate
CUST8296,Chandigarh,Consumer
CUST8297,Surat,Consumer
CUST8298,Trivandrum,Consumer
CUST8299,Visakhapatnam,Small Business
CUST8300,Hyderabad,Consumer
CUST8301,Chennai,Consumer
CUST8302,Thane,Small Business
CUST8303,Jodhpur,Small Business
CUST8304,Delhi,Student
CUST8305,Thane,Student
CUST8306,Nagpur,Small Business
CUST8307,Madurai,Corporate
CUST8308,Bhopal,Small Business
CUST8309,Chandigarh,Student
CUST8310,Lucknow,Student
CUST8311,Kolkata,Student
CUST8312,Pune,Small Business
CUST8313,Mysore,Student
CUST8314,Chandigarh,Corporate
CUST8315,Mysore,Corporate
CUST8316,Ahmedabad,Student
CUST8317,Chandigarh,Corporate
CUST8318,Ahmedabad,Small Business
CUST8319,Coimbatore,Small Business
CUST8320,Madurai,Student
CUST8321,Nashik,Corporate
CUST8322,Lucknow,Consumer
CUST8323,Bhopal,Consumer
CUST8324,Surat,Small Business
CUST8325,Jodhpur,Consumer
CUST8326,Vadodara,Consumer
CUST8327,Jaipur,Student
CUST8328,Chennai,Corporate
CUST8329,Madurai,Consumer
CUST8330,Jaipur,Student
CUST8331,Surat,Small Business
CUST8332,Trivandrum,Small Business
CUST8333,Visakhapatnam,Consumer
CUST8334,Chennai,Student
CUST8335,Delhi,Corporate
CUST8336,Indore,Consumer
CUST8337,Mysore,Consumer
CUST8338,Nagpur,Student
CUST8339,Gurgaon,Student
CUST8340,Rajkot,Small Business
CUST8341,Nagpur,Consumer
CUST8342,Thane,Corporate
CUST8343,Kolkata,Corporate
CUST8344,Delhi,Consumer
CUST8345,Mysore,Student
CUST8346,Surat,Small Business
CUST8347,Jaipur,Corporate
CUST8348,Trivandrum,Student
CUST8349,Mumbai,Consumer
CUST8350,Madurai,Corporate
CUST8351,Madurai,Corporate
CUST8352,Kolkata,Small Business
CUST8353,Kanpur,Consumer
CUST8354,Mumbai,Small Business
CUST8355,Ahmedabad,Student
CUST8356,Jaipur,Corporate
CUST8357,Kanpur,Consumer
CUST8358,Chennai,Corporate
CUST8359,Patna,Corporate
CUST8360,Kanpur,Small Business
CUST8361,Surat,Small Business
CUST8362,Nagpur,Student
CUST8363,Thane,Small Business
CUST8364,Jodhpur,Student
CUST8365,Bhopal,Student
CUST8366,Lucknow,Corporate
CUST8367,Noida,Student
CUST8368,Nagpur,Corporate
CUST8369,Thane,Small Business
CUST8370,Mumbai,Corporate
CUST8371,Visakhapatnam,Small Business
CUST8372,Delhi,Consumer
CUST8373,Lucknow,Corporate
CUST8374,Gurgaon,Small Business
CUST8375,Surat,Small Business
CUST8376,Jaipur,Student
CUST8377,Mysore,Corporate
CUST8378,Jodhpur,Student
CUST8379,Nagpur,Student
CUST8380,Delhi,Corporate
CUST8381,Noida,Corporate
CUST8382,Bangalore,Small Business
CUST8383,Visakhapatnam,Consumer
CUST8384,Chennai,Small Business
CUST8385,Coimbatore,Consumer
CUST8386,Gurgaon,Small Business
CUST8387,Nagpur,Corporate
CUST8388,Delhi,Consumer
CUST8389,Nagpur,Small Business
CUST8390,Mysore,Student
CUST8391,Kolkata,Corporate
CUST8392,Nagpur,Student
CUST8393,Ahmedabad,Student
CUST8394,Mumbai,Consumer
CUST8395,Indore,Consumer
CUST8396,Indore,Consumer
CUST8397,Lucknow,Small Business
CUST8398,Gurgaon,Consumer
CUST8399,Surat,Consumer
CUST8400,Nagpur,Corporate
CUST8401,Coimbatore,Student
CUST8402,Indore,Corporate
CUST8403,Noida,Consumer
CUST8404,Vadodara,Small Business
CUST8405,Mysore,Small Business
CUST8406,Ahmedabad,Consumer
CUST8407,Vadodara,Student
CUST8408,Ahmedabad,Small Business
CUST8409,Vadodara,Student
CUST8410,Vadodara,Student
CUST8411,Surat,Small Business
CUST8412,Patna,Student
CUST8413,Nagpur,Small Business
CUST8414,Rajkot,Small Business
CUST8415,Patna,Consumer
CUST8416,Hyderabad,Student
CUST8417,Chennai,Small Business
CUST8418,Coimbatore,Consumer
CUST8419,Coimbatore,Corporate
CUST8420,Kanpur,Corporate
CUST8421,Delhi,Small Business
CUST8422,Madurai,Small Business
CUST8423,Gurgaon,Small Business
CUST8424,Bhopal,Consumer
CUST8425,Patna,Corporate
CUST8426,Jaipur,Consumer
CUST8427,Jodhpur,Small Business
CUST8428,Nashik,Small Business
CUST8429,Ahmedabad,Student
CUST8430,Trivandrum,Student
CUST8431,Madurai,Consumer
CUST8432,Kolkata,Small Business
CUST8433,Mumbai,Corporate
CUST8434,Nashik,Small Business
CUST8435,Bhopal,Student
CUST8436,Hyderabad,Student
CUST8437,Jaipur,Small Business
CUST8438,Bangalore,Small Business
CUST8439,Kolkata,Small Business
CUST8440,Bhopal,Consumer
CUST8441,Kanpur,Consumer
CUST8442,Coimbatore,Corporate
CUST8443,Mumbai,Small Business
CUST8444,Nagpur,Corporate
CUST8445,Bhopal,Small Business
CUST8446,Patna,Small Business
CUST8447,Surat,Consumer
CUST8448,Surat,Consumer
CUST8449,Mumbai,Corporate
CUST8450,Surat,Student
CUST8451,Indore,Consumer
CUST8452,Surat,Consumer
CUST8453,Noida,Student
CUST8454,Bhopal,Consumer
CUST8455,Jodhpur,Small Business
CUST8456,Ahmedabad,Consumer
CUST8457,Noida,Corporate
CUST8458,Nashik,Corporate
CUST8459,Thane,Student
CUST8460,Rajkot,Consumer
CUST8461,Patna,Student
CUST8462,Nagpur,Consumer
CUST8463,Vadodara,Corporate
CUST8464,Coimbatore,Corporate
CUST8465,Hyderabad,Consumer
CUST8466,Ahmedabad,Student
CUST8467,Ahmedabad,Small Business
CUST8468,Nashik,Small Business
CUST8469,Noida,Consumer
CUST8470,Noida,Consumer
CUST8471,Pune,Consumer
CUST8472,Noida,Small Business
CUST8473,Pune,Small Business
CUST8474,Lucknow,Corporate
CUST8475,Nagpur,Small Business
CUST8476,Mysore,Small Business
CUST8477,Madurai,Small Business
CUST8478,Gurgaon,Small Business
CUST8479,Jaipur,Corporate
CUST8480,Chandigarh,Student
CUST8481,Noida,Student
CUST8482,Hyderabad,Corporate
CUST8483,Gurgaon,Consumer
CUST8484,Vadodara,Student
CUST8485,Kochi,Corporate
CUST8486,Surat,Consumer
CUST8487,Bhopal,Student
CUST8488,Patna,Small Business
CUST8489,Nashik,Small Business
CUST8490,Kochi,Consumer
CUST8491,Thane,Student
CUST8492,Noida,Small Business
CUST8493,Noida,Small Business
CUST8494,Hyderabad,Student
CUST8495,Kanpur,Small Business
CUST8496,Lucknow,Consumer
CUST8497,Patna,Small Business
CUST8498,Hyderabad,Corporate
CUST8499,Mumbai,Consumer
CUST8500,Nashik,Small Business
CUST8501,Jaipur,Corporate
CUST8502,Delhi,Consumer
CUST8503,Hyderabad,Small Business
CUST8504,Ahmedabad,Small Business
CUST8505,Kolkata,Student
CUST8506,Chandigarh,Student
CUST8507,Visakhapatnam,Student
CUST8508,Hyderabad,Small Business
CUST8509,Surat,Consumer
CUST8510,Patna,Student
CUST8511,Hyderabad,Small Business
CUST8512,Jodhpur,Small Business
CUST8513,Bangalore,Student
CUST8514,Mumbai,Student
CUST8515,Vadodara,Consumer
CUST8516,Delhi,Small Business
CUST8517,Coimbatore,Consumer
CUST8518,Nagpur,Student
CUST8519,Madurai,Small Business
CUST8520,Nagpur,Student
CUST8521,Chandigarh,Small Business
CUST8522,Vadodara,Corporate
CUST8523,Jodhpur,Small Business
CUST8524,Thane,Student
CUST8525,Coimbatore,Corporate
CUST8526,Delhi,Student
CUST8527,Trivandrum,Corporate
CUST8528,Delhi,Corporate
CUST8529,Indore,Corporate
CUST8530,Noida,Corporate
CUST8531,Kolkata,Student
CUST8532,Bangalore,Corporate
CUST8533,Nashik,Corporate
CUST8534,Kanpur,Corporate
CUST8535,Madurai,Corporate
CUST8536,Indore,Student
CUST8537,Gurgaon,Consumer
CUST8538,Visakhapatnam,Corporate
CUST8539,Bhopal,Small Business
CUST8540,Patna,Consumer
CUST8541,Vadodara,Small Business
CUST8542,Bangalore,Corporate
CUST8543,Chandigarh,Small Business
CUST8544,Ahmedabad,Student
CUST8545,Rajkot,Corporate
CUST8546,Kochi,Small Business
CUST8547,Ahmedabad,Corporate
CUST8548,Coimbatore,Consumer
CUST8549,Noida,Corporate
CUST8550,Chennai,Consumer
CUST8551,Noida,Corporate
CUST8552,Bangalore,Small Business
CUST8553,Chandigarh,Corporate
CUST8554,Visakhapatnam,Small Business
CUST8555,Patna,Corporate
CUST8556,Nashik,Consumer
CUST8557,Pune,Small Business
CUST8558,Hyderabad,Consumer
CUST8559,Chennai,Small Business
CUST8560,Vadodara,Corporate
CUST8561,Kochi,Consumer
CUST8562,Nagpur,Small Business
CUST8563,Patna,Consumer
CUST8564,Jaipur,Small Business
CUST8565,Bhopal,Consumer
CUST8566,Ahmedabad,Student
CUST8567,Nashik,Consumer
CUST8568,Bangalore,Corporate
CUST8569,Kochi,Consumer
CUST8570,Delhi,Student
CUST8571,Kanpur,Small Business
CUST8572,Vadodara,Small Business
CUST8573,Mumbai,Corporate
CUST8574,Patna,Small Business
CUST8575,Indore,Small Business
CUST8576,Mysore,Corporate
CUST8577,Delhi,Corporate
CUST8578,Bangalore,Small Business
CUST8579,Surat,Corporate
CUST8580,Mysore,Corporate
CUST8581,Patna,Small Business
CUST8582,Delhi,Consumer
CUST8583,Trivandrum,Corporate
CUST8584,Kolkata,Consumer
CUST8585,Patna,Student
CUST8586,Jodhpur,Consumer
CUST8587,Vadodara,Corporate
CUST8588,Lucknow,Corporate
CUST8589,Bangalore,Corporate
CUST8590,Jodhpur,Consumer
CUST8591,Kochi,Student
CUST8592,Madurai,Small Business
CUST8593,Bhopal,Consumer
CUST8594,Coimbatore,Consumer
CUST8595,Trivandrum,Student
CUST8596,Patna,Corporate
CUST8597,Vadodara,Student
CUST8598,Vadodara,Small Business
CUST8599,Indore,Student
CUST8600,Kochi,Student
CUST8601,Indore,Small Business
CUST8602,Mysore,Small Business
CUST8603,Hyderabad,Small Business
CUST8604,Lucknow,Small Business
CUST8605,Visakhapatnam,Corporate
CUST8606,Indore,Student
CUST8607,Vadodara,Small Business
CUST8608,Ahmedabad,Small Business
CUST8609,Vadodara,Small Business
CUST8610,Delhi,Consumer
CUST8611,Trivandrum,Small Business
CUST8612,Nagpur,Corporate
CUST8613,Jodhpur,Corporate
CUST8614,Ahmedabad,Consumer
CUST8615,Thane,Consumer
CUST8616,Surat,Consumer
CUST8617,Visakhapatnam,Small Business
CUST8618,Noida,Student
CUST8619,Kanpur,Student
CUST8620,Coimbatore,Small Business
CUST8621,Patna,Small Business
CUST8622,Hyderabad,Student
CUST8623,Trivandrum,Consumer
CUST8624,Ahmedabad,Consumer
CUST8625,Chennai,Consumer
CUST8626,Nagpur,Corporate
CUST8627,Kochi,Student
CUST8628,Trivandrum,Consumer
CUST8629,Gurgaon,Small Business
CUST8630,Thane,Small Business
CUST8631,Surat,Corporate
CUST8632,Patna,Consumer
CUST8633,Coimbatore,Corporate
CUST8634,Patna,Corporate
CUST8635,Kanpur,Corporate
CUST8636,Bhopal,Corporate
CUST8637,Vadodara,Small Business
CUST8638,Ahmedabad,Small Business
CUST8639,Delhi,Small Business
CUST8640,Kolkata,Consumer
CUST8641,Chennai,Corporate
CUST8642,Gurgaon,Corporate
CUST8643,Surat,Student
CUST8644,Chennai,Consumer
CUST8645,Visakhapatnam,Small Business
CUST8646,Coimbatore,Small Business
CUST8647,Nashik,Corporate
CUST8648,Madurai,Corporate
CUST8649,Bangalore,Student
CUST8650,Bangalore,Student
CUST8651,Gurgaon,Small Business
CUST8652,Madurai,Student
CUST8653,Thane,Consumer
CUST8654,Bangalore,Student
CUST8655,Lucknow,Corporate
CUST8656,Bhopal,Consumer
CUST8657,Patna,Consumer
CUST8658,Rajkot,Student
CUST8659,Coimbatore,Corporate
CUST8660,Nagpur,Consumer
CUST8661,Hyderabad,Corporate
CUST8662,Ahmedabad,Consumer
CUST8663,Bhopal,Consumer
CUST8664,Bhopal,Corporate
CUST8665,Chennai,Small Business
CUST8666,Kochi,Small Business
CUST8667,Trivandrum,Student
CUST8668,Chennai,Consumer
CUST8669,Chandigarh,Student
CUST8670,Mumbai,Corporate
CUST8671,Madurai,Consumer
CUST8672,Indore,Small Business
CUST8673,Ahmedabad,Consumer
CUST8674,Chandigarh,Small Business
CUST8675,Hyderabad,Consumer
CUST8676,Visakhapatnam,Corporate
CUST8677,Nashik,Corporate
CUST8678,Mysore,Consumer
CUST8679,Bangalore,Corporate
CUST8680,Visakhapatnam,Student
CUST8681,Kanpur,Small Business
CUST8682,Mysore,Consumer
CUST8683,Hyderabad,Corporate
CUST8684,Jodhpur,Small Business
CUST8685,Gurgaon,Consumer
CUST8686,Kochi,Small Business
CUST8687,Visakhapatnam,Consumer
CUST8688,Ahmedabad,Corporate
CUST8689,Chennai,Student
CUST8690,Hyderabad,Student
CUST8691,Kanpur,Corporate
CUST8692,Pune,Corporate
CUST8693,Kochi,Corporate
CUST8694,Hyderabad,Student
CUST8695,Surat,Student
CUST8696,Rajkot,Corporate
CUST8697,Rajkot,Consumer
CUST8698,Hyderabad,Student
CUST8699,Jodhpur,Student
CUST8700,Jodhpur,Consumer
CUST8701,Jaipur,Small Business
CUST8702,Bhopal,Small Business
CUST8703,Indore,Corporate
CUST8704,Hyderabad,Corporate
CUST8705,Vadodara,Student
CUST8706,Patna,Student
CUST8707,Bhopal,Student
CUST8708,Coimbatore,Consumer
CUST8709,Mysore,Consumer
CUST8710,Hyderabad,Student
CUST8711,Indore,Small Business
CUST8712,Visakhapatnam,Small Business
CUST8713,Chennai,Small Business
CUST8714,Surat,Consumer
CUST8715,Indore,Small Business
CUST8716,Madurai,Student
CUST8717,Thane,Student
CUST8718,Jaipur,Small Business
CUST8719,Thane,Consumer
CUST8720,Rajkot,Student
CUST8721,Trivandrum,Consumer
CUST8722,Thane,Consumer
CUST8723,Bangalore,Corporate
CUST8724,Indore,Student
CUST8725,Kochi,Small Business
CUST8726,Jodhpur,Small Business
CUST8727,Bhopal,Student
CUST8728,Patna,Consumer
CUST8729,Gurgaon,Small Business
CUST8730,Gurgaon,Small Business
CUST8731,Mysore,Corporate
CUST8732,Thane,Consumer
CUST8733,Indore,Small Business
CUST8734,Coimbatore,Student
CUST8735,Ahmedabad,Small Business
CUST8736,Jaipur,Corporate
CUST8737,Bhopal,Corporate
CUST8738,Jaipur,Small Business
CUST8739,Mumbai,Consumer
CUST8740,Gurgaon,Student
CUST8741,Delhi,Consumer
CUST8742,Bangalore,Small Business
CUST8743,Mumbai,Corporate
CUST8744,Indore,Consumer
CUST8745,Pune,Small Business
CUST8746,Mysore,Student
CUST8747,Thane,Small Business
CUST8748,Lucknow,Student
CUST8749,Chandigarh,Student
CUST8750,Vadodara,Consumer
CUST8751,Ahmedabad,Corporate
CUST8752,Hyderabad,Corporate
CUST8753,Lucknow,Small Business
CUST8754,Thane,Small Business
CUST8755,Kanpur,Student
CUST8756,Kolkata,Small Business
CUST8757,Hyderabad,Small Business
CUST8758,Ahmedabad,Corporate
CUST8759,Chandigarh,Student
CUST8760,Trivandrum,Consumer
CUST8761,Pune,Student
CUST8762,Noida,Consumer
CUST8763,Vadodara,Student
CUST8764,Mumbai,Small Business
CUST8765,Gurgaon,Student
CUST8766,Bangalore,Consumer
CUST8767,Vadodara,Student
CUST8768,Nashik,Student
CUST8769,Gurgaon,Small Business
CUST8770,Gurgaon,Small Business
CUST8771,Patna,Corporate
CUST8772,Gurgaon,Student
CUST8773,Kanpur,Student
CUST8774,Gurgaon,Student
CUST8775,Trivandrum,Small Business
CUST8776,Gurgaon,Student
CUST8777,Gurgaon,Corporate
CUST8778,Nagpur,Small Business
CUST8779,Pune,Small Business
CUST8780,Chennai,Student
CUST8781,Coimbatore,Corporate
CUST8782,Patna,Student
CUST8783,Jodhpur,Corporate
CUST8784,Bhopal,Small Business
CUST8785,Chennai,Consumer
CUST8786,Madurai,Corporate
CUST8787,Surat,Corporate
CUST8788,Jodhpur,Student
CUST8789,Chennai,Consumer
CUST8790,Indore,Consumer
CUST8791,Kolkata,Student
CUST8792,Pune,Consumer
CUST8793,Mumbai,Corporate
CUST8794,Delhi,Student
CUST8795,Mumbai,Consumer
CUST8796,Patna,Consumer
CUST8797,Patna,Small Business
CUST8798,Surat,Small Business
CUST8799,Mumbai,Consumer
CUST8800,Chandigarh,Corporate
CUST8801,Rajkot,Consumer
CUST8802,Jaipur,Consumer
CUST8803,Bangalore,Consumer
CUST8804,Rajkot,Corporate
CUST8805,Bangalore,Small Business
CUST8806,Mumbai,Student
CUST8807,Chennai,Corporate
CUST8808,Madurai,Small Business
CUST8809,Pune,Consumer
CUST8810,Nagpur,Corporate
CUST8811,Hyderabad,Corporate
CUST8812,Rajkot,Small Business
CUST8813,Hyderabad,Student
CUST8814,Gurgaon,Student
CUST8815,Noida,Corporate
CUST8816,Trivandrum,Small Business
CUST8817,Vadodara,Consumer
CUST8818,Delhi,Student
CUST8819,Surat,Student
CUST8820,Kolkata,Student
CUST8821,Thane,Small Business
CUST8822,Chandigarh,Small Business
CUST8823,Noida,Student
CUST8824,Gurgaon,Student
CUST8825,Ahmedabad,Consumer
CUST8826,Vadodara,Student
CUST8827,Kochi,Consumer
CUST8828,Visakhapatnam,Student
CUST8829,Kanpur,Small Business
CUST8830,Delhi,Student
CUST8831,Gurgaon,Small Business
CUST8832,Indore,Student
CUST8833,Delhi,Corporate
CUST8834,Trivandrum,Student
CUST8835,Vadodara,Consumer
CUST8836,Lucknow,Student
CUST8837,Nagpur,Student
CUST8838,Visakhapatnam,Small Business
CUST8839,Visakhapatnam,Corporate
CUST8840,Chandigarh,Small Business
CUST8841,Jaipur,Corporate
CUST8842,Trivandrum,Small Business
CUST8843,Thane,Corporate
CUST8844,Bhopal,Corporate
CUST8845,Gurgaon,Small Business
CUST8846,Chandigarh,Corporate
CUST8847,Nashik,Small Business
CUST8848,Madurai,Consumer
CUST8849,Mumbai,Student
CUST8850,Mumbai,Small Business
CUST8851,Hyderabad,Corporate
CUST8852,Trivandrum,Consumer
CUST8853,Madurai,Small Business
CUST8854,Delhi,Small Business
CUST8855,Indore,Student
CUST8856,Jodhpur,Small Business
CUST8857,Bhopal,Corporate
CUST8858,Delhi,Small Business
CUST8859,Kolkata,Consumer
CUST8860,Coimbatore,Student
CUST8861,Madurai,Small Business
CUST8862,Thane,Consumer
CUST8863,Noida,Corporate
CUST8864,Kolkata,Corporate
CUST8865,Lucknow,Consumer
CUST8866,Rajkot,Small Business
CUST8867,Chennai,Small Business
CUST8868,Nagpur,Student
CUST8869,Kochi,Corporate
CUST8870,Indore,Consumer
CUST8871,Vadodara,Consumer
CUST8872,Indore,Student
CUST8873,Gurgaon,Student
CUST8874,Visakhapatnam,Small Business
CUST8875,Kolkata,Corporate
CUST8876,Delhi,Corporate
CUST8877,Bangalore,Consumer
CUST8878,Mysore,Corporate
CUST8879,Pune,Consumer
CUST8880,Rajkot,Consumer
CUST8881,Jaipur,Corporate
CUST8882,Hyderabad,Corporate
CUST8883,Rajkot,Consumer
CUST8884,Kolkata,Consumer
CUST8885,Nagpur,Corporate
CUST8886,Kanpur,Consumer
CUST8887,Bangalore,Small Business
CUST8888,Pune,Small Business
CUST8889,Patna,Small Business
CUST8890,Jaipur,Small Business
CUST8891,Hyderabad,Consumer
CUST8892,Gurgaon,Small Business
CUST8893,Surat,Student
CUST8894,Surat,Student
CUST8895,Chandigarh,Small Business
CUST8896,Bhopal,Corporate
CUST8897,Kolkata,Consumer
CUST8898,Kolkata,Student
CUST8899,Kanpur,Small Business
CUST8900,Surat,Corporate
CUST8901,Madurai,Student
CUST8902,Lucknow,Student
CUST8903,Surat,Corporate
CUST8904,Kolkata,Small Business
CUST8905,Indore,Small Business
CUST8906,Ahmedabad,Small Business
CUST8907,Mumbai,Student
CUST8908,Gurgaon,Corporate
CUST8909,Pune,Student
CUST8910,Surat,Student
CUST8911,Trivandrum,Consumer
CUST8912,Visakhapatnam,Corporate
CUST8913,Surat,Small Business
CUST8914,Rajkot,Student
CUST8915,Chennai,Corporate
CUST8916,Trivandrum,Corporate
CUST8917,Ahmedabad,Corporate
CUST8918,Patna,Corporate
CUST8919,Ahmedabad,Corporate
CUST8920,Lucknow,Consumer
CUST8921,Jodhpur,Small Business
CUST8922,Indore,Consumer
CUST8923,Delhi,Corporate
CUST8924,Jodhpur,Student
CUST8925,Noida,Consumer
CUST8926,Jodhpur,Small Business
CUST8927,Noida,Corporate
CUST8928,Madurai,Small Business
CUST8929,Bhopal,Small Business
CUST8930,Lucknow,Consumer
CUST8931,Coimbatore,Corporate
CUST8932,Noida,Student
CUST8933,Delhi,Student
CUST8934,Madurai,Corporate
CUST8935,Surat,Student
CUST8936,Rajkot,Corporate
CUST8937,Nagpur,Student
CUST8938,Visakhapatnam,Corporate
CUST8939,Thane,Corporate
CUST8940,Nagpur,Consumer
CUST8941,Kanpur,Small Business
CUST8942,Kanpur,Small Business
CUST8943,Kanpur,Corporate
CUST8944,Kanpur,Small Business
CUST8945,Bhopal,Corporate
CUST8946,Visakhapatnam,Small Business
CUST8947,Pune,Student
CUST8948,Nagpur,Small Business
CUST8949,Vadodara,Consumer
CUST8950,Lucknow,Consumer
CUST8951,Madurai,Student
CUST8952,Bhopal,Small Business
CUST8953,Coimbatore,Corporate
CUST8954,Patna,Student
CUST8955,Visakhapatnam,Corporate
CUST8956,Rajkot,Small Business
CUST8957,Rajkot,Student
CUST8958,Pune,Corporate
CUST8959,Gurgaon,Student
CUST8960,Mumbai,Small Business
CUST8961,Nagpur,Small Business
CUST8962,Nagpur,Corporate
CUST8963,Lucknow,Small Business
CUST8964,Lucknow,Student
CUST8965,Indore,Consumer
CUST8966,Kochi,Small Business
CUST8967,Thane,Consumer
CUST8968,Nagpur,Student
CUST8969,Vadodara,Student
CUST8970,Indore,Small Business
CUST8971,Mumbai,Consumer
CUST8972,Vadodara,Corporate
CUST8973,Noida,Small Business
CUST8974,Kolkata,Corporate
CUST8975,Pune,Corporate
CUST8976,Pune,Small Business
CUST8977,Madurai,Corporate
CUST8978,Kochi,Corporate
CUST8979,Surat,Consumer
CUST8980,Chennai,Consumer
CUST8981,Mumbai,Corporate
CUST8982,Nashik,Consumer
CUST8983,Visakhapatnam,Consumer
CUST8984,Noida,Student
CUST8985,Trivandrum,Consumer
CUST8986,Lucknow,Consumer
CUST8987,Jaipur,Corporate
CUST8988,Pune,Corporate
CUST8989,Madurai,Consumer
CUST8990,Delhi,Small Business
CUST8991,Jaipur,Consumer
CUST8992,Nagpur,Student
CUST8993,Pune,Small Business
CUST8994,Indore,Small Business
CUST8995,Rajkot,Student
CUST8996,Coimbatore,Consumer
CUST8997,Mysore,Student
CUST8998,Nagpur,Small Business
CUST8999,Hyderabad,Small Business
CUST9000,Visakhapatnam,Small Business
CUST9001,Gurgaon,Consumer
CUST9002,Noida,Corporate
CUST9003,Kanpur,Consumer
CUST9004,Nagpur,Student
CUST9005,Mumbai,Small Business
CUST9006,Mumbai,Corporate
CUST9007,Rajkot,Corporate
CUST9008,Visakhapatnam,Student
CUST9009,Ahmedabad,Corporate
CUST9010,Kochi,Consumer
CUST9011,Thane,Student
CUST9012,Jodhpur,Student
CUST9013,Gurgaon,Small Business
CUST9014,Ahmedabad,Small Business
CUST9015,Jodhpur,Student
CUST9016,Chandigarh,Consumer
CUST9017,Chennai,Consumer
CUST9018,Mumbai,Corporate
CUST9019,Delhi,Corporate
CUST9020,Bangalore,Consumer
CUST9021,Hyderabad,Corporate
CUST9022,Jodhpur,Corporate
CUST9023,Hyderabad,Corporate
CUST9024,Kolkata,Consumer
CUST9025,Chennai,Small Business
CUST9026,Trivandrum,Student
CUST9027,Trivandrum,Corporate
CUST9028,Kanpur,Corporate
CUST9029,Jodhpur,Small Business
CUST9030,Jaipur,Consumer
CUST9031,Nashik,Consumer
CUST9032,Coimbatore,Student
CUST9033,Ahmedabad,Corporate
CUST9034,Bangalore,Consumer
CUST9035,Nagpur,Corporate
CUST9036,Nagpur,Consumer
CUST9037,Pune,Student
CUST9038,Kolkata,Student
CUST9039,Surat,Small Business
CUST9040,Chandigarh,Student
CUST9041,Thane,Consumer
CUST9042,Lucknow,Consumer
CUST9043,Patna,Student
CUST9044,Surat,Small Business
CUST9045,Thane,Small Business
CUST9046,Gurgaon,Student
CUST9047,Kanpur,Consumer
CUST9048,Vadodara,Consumer
CUST9049,Bhopal,Corporate
CUST9050,Nashik,Student
CUST9051,Bhopal,Small Business
CUST9052,Surat,Student
CUST9053,Visakhapatnam,Corporate
CUST9054,Pune,Student
CUST9055,Nagpur,Small Business
CUST9056,Mumbai,Small Business
CUST9057,Ahmedabad,Corporate
CUST9058,Nagpur,Corporate
CUST9059,Pune,Consumer
CUST9060,Kanpur,Corporate
CUST9061,Delhi,Corporate
CUST9062,Patna,Small Business
CUST9063,Chennai,Consumer
CUST9064,Mumbai,Consumer
CUST9065,Chandigarh,Student
CUST9066,Bhopal,Small Business
CUST9067,Chandigarh,Consumer
CUST9068,Indore,Small Business
CUST9069,Kochi,Small Business
CUST9070,Mysore,Small Business
CUST9071,Bhopal,Corporate
CUST9072,Coimbatore,Consumer
CUST9073,Hyderabad,Consumer
CUST9074,Jaipur,Student
CUST9075,Surat,Consumer
CUST9076,Bhopal,Corporate
CUST9077,Rajkot,Corporate
CUST9078,Coimbatore,Consumer
CUST9079,Bhopal,Student
CUST9080,Surat,Corporate
CUST9081,Visakhapatnam,Corporate
CUST9082,Surat,Consumer
CUST9083,Lucknow,Student
CUST9084,Rajkot,Consumer
CUST9085,Delhi,Corporate
CUST9086,Kolkata,Student
CUST9087,Kochi,Corporate
CUST9088,Bhopal,Small Business
CUST9089,Visakhapatnam,Small Business
CUST9090,Nashik,Small Business
CUST9091,Jodhpur,Student
CUST9092,Bhopal,Consumer
CUST9093,Vadodara,Small Business
CUST9094,Gurgaon,Corporate
CUST9095,Bangalore,Corporate
CUST9096,Noida,Small Business
CUST9097,Coimbatore,Small Business
CUST9098,Trivandrum,Student
CUST9099,Hyderabad,Student
CUST9100,Hyderabad,Student
CUST9101,Madurai,Corporate
CUST9102,Hyderabad,Consumer
CUST9103,Coimbatore,Corporate
CUST9104,Hyderabad,Student
CUST9105,Gurgaon,Small Business
CUST9106,Kanpur,Student
CUST9107,Nagpur,Student
CUST9108,Kochi,Student
CUST9109,Kanpur,Corporate
CUST9110,Mumbai,Small Business
CUST9111,Ahmedabad,Corporate
CUST9112,Kolkata,Student
CUST9113,Hyderabad,Consumer
CUST9114,Mysore,Student
CUST9115,Jodhpur,Consumer
CUST9116,Bhopal,Student
CUST9117,Chennai,Consumer
CUST9118,Nashik,Student
CUST9119,Pune,Corporate
CUST9120,Bangalore,Corporate
CUST9121,Bangalore,Student
CUST9122,Gurgaon,Small Business
CUST9123,Jodhpur,Small Business
CUST9124,Indore,Student
CUST9125,Madurai,Consumer
CUST9126,Chennai,Corporate
CUST9127,Ahmedabad,Student
CUST9128,Kanpur,Student
CUST9129,Jaipur,Corporate
CUST9130,Mysore,Corporate
CUST9131,Indore,Small Business
CUST9132,Pune,Corporate
CUST9133,Kochi,Consumer
CUST9134,Visakhapatnam,Consumer
CUST9135,Surat,Student
CUST9136,Delhi,Corporate
CUST9137,Indore,Small Business
CUST9138,Vadodara,Consumer
CUST9139,Visakhapatnam,Small Business
CUST9140,Bhopal,Corporate
CUST9141,Vadodara,Student
CUST9142,Visakhapatnam,Student
CUST9143,Rajkot,Consumer
CUST9144,Noida,Consumer
CUST9145,Nagpur,Small Business
CUST9146,Trivandrum,Corporate
CUST9147,Indore,Corporate
CUST9148,Rajkot,Student
CUST9149,Mysore,Small Business
CUST9150,Jaipur,Consumer
CUST9151,Rajkot,Consumer
CUST9152,Indore,Consumer
CUST9153,Jodhpur,Corporate
CUST9154,Vadodara,Student
CUST9155,Madurai,Consumer
CUST9156,Chennai,Consumer
CUST9157,Trivandrum,Small Business
CUST9158,Chandigarh,Consumer
CUST9159,Bangalore,Small Business
CUST9160,Chandigarh,Corporate
CUST9161,Hyderabad,Student
CUST9162,Kochi,Consumer
CUST9163,Bhopal,Small Business
CUST9164,Vadodara,Small Business
CUST9165,Madurai,Student
CUST9166,Mysore,Student
CUST9167,Kolkata,Consumer
CUST9168,Bangalore,Consumer
CUST9169,Ahmedabad,Corporate
CUST9170,Kanpur,Consumer
CUST9171,Nashik,Consumer
CUST9172,Coimbatore,Student
CUST9173,Vadodara,Consumer
CUST9174,Ahmedabad,Student
CUST9175,Chennai,Consumer
CUST9176,Gurgaon,Small Business
CUST9177,Nashik,Consumer
CUST9178,Noida,Corporate
CUST9179,Madurai,Student
CUST9180,Nashik,Small Business
CUST9181,Mysore,Consumer
CUST9182,Madurai,Student
CUST9183,Jodhpur,Consumer
CUST9184,Mysore,Student
CUST9185,Delhi,Consumer
CUST9186,Bhopal,Small Business
CUST9187,Indore,Consumer
CUST9188,Nashik,Consumer
CUST9189,Gurgaon,Corporate
CUST9190,Bhopal,Student
CUST9191,Vadodara,Corporate
CUST9192,Vadodara,Small Business
CUST9193,Noida,Corporate
CUST9194,Thane,Consumer
CUST9195,Kochi,Consumer
CUST9196,Kanpur,Student
CUST9197,Chandigarh,Consumer
CUST9198,Kolkata,Student
CUST9199,Kolkata,Small Business
CUST9200,Patna,Corporate
CUST9201,Chandigarh,Consumer
CUST9202,Pune,Corporate
CUST9203,Jodhpur,Consumer
CUST9204,Gurgaon,Consumer
CUST9205,Mumbai,Consumer
CUST9206,Lucknow,Corporate
CUST9207,Chennai,Corporate
CUST9208,Kochi,Consumer
CUST9209,Bhopal,Consumer
CUST9210,Delhi,Student
CUST9211,Surat,Consumer
CUST9212,Jaipur,Consumer
CUST9213,Coimbatore,Consumer
CUST9214,Jaipur,Consumer
CUST9215,Jaipur,Corporate
CUST9216,Mumbai,Small Business
CUST9217,Surat,Student
CUST9218,Gurgaon,Corporate
CUST9219,Indore,Small Business
CUST9220,Gurgaon,Consumer
CUST9221,Jodhpur,Corporate
CUST9222,Delhi,Student
CUST9223,Nagpur,Consumer
CUST9224,Nashik,Student
CUST9225,Kolkata,Student
CUST9226,Nashik,Student
CUST9227,Kochi,Corporate
CUST9228,Thane,Small Business
CUST9229,Kochi,Student
CUST9230,Trivandrum,Small Business
CUST9231,Mumbai,Small Business
CUST9232,Delhi,Corporate
CUST9233,Trivandrum,Consumer
CUST9234,Noida,Corporate
CUST9235,Noida,Corporate
CUST9236,Ahmedabad,Consumer
CUST9237,Nagpur,Corporate
CUST9238,Chennai,Consumer
CUST9239,Jaipur,Small Business
CUST9240,Gurgaon,Small Business
CUST9241,Visakhapatnam,Small Business
CUST9242,Kanpur,Student
CUST9243,Pune,Corporate
CUST9244,Kolkata,Corporate
CUST9245,Indore,Corporate
CUST9246,Jodhpur,Student
CUST9247,Hyderabad,Corporate
CUST9248,Mysore,Small Business
CUST9249,Chennai,Consumer
CUST9250,Nashik,Student
CUST9251,Noida,Student
CUST9252,Patna,Small Business
CUST9253,Ahmedabad,Student
CUST9254,Indore,Corporate
CUST9255,Pune,Corporate
CUST9256,Visakhapatnam,Consumer
CUST9257,Coimbatore,Small Business
CUST9258,Kolkata,Corporate
CUST9259,Bangalore,Small Business
CUST9260,Bhopal,Student
CUST9261,Chandigarh,Corporate
CUST9262,Ahmedabad,Consumer
CUST9263,Nashik,Corporate
CUST9264,Patna,Corporate
CUST9265,Gurgaon,Small Business
CUST9266,Lucknow,Corporate
CUST9267,Delhi,Corporate
CUST9268,Gurgaon,Small Business
CUST9269,Rajkot,Small Business
CUST9270,Patna,Consumer
CUST9271,Delhi,Corporate
CUST9272,Jodhpur,Student
CUST9273,Noida,Consumer
CUST9274,Surat,Corporate
CUST9275,Mysore,Corporate
CUST9276,Trivandrum,Small Business
CUST9277,Hyderabad,Student
CUST9278,Pune,Student
CUST9279,Chandigarh,Corporate
CUST9280,Nagpur,Corporate
CUST9281,Nashik,Small Business
CUST9282,Rajkot,Corporate
CUST9283,Madurai,Corporate
CUST9284,Mumbai,Student
CUST9285,Gurgaon,Corporate
CUST9286,Lucknow,Corporate
CUST9287,Chennai,Student
CUST9288,Thane,Small Business
CUST9289,Chandigarh,Consumer
CUST9290,Kolkata,Corporate
CUST9291,Vadodara,Corporate
CUST9292,Jodhpur,Student
CUST9293,Chandigarh,Small Business
CUST9294,Hyderabad,Student
CUST9295,Kochi,Student
CUST9296,Hyderabad,Student
CUST9297,Lucknow,Student
CUST9298,Jaipur,Consumer
CUST9299,Nagpur,Small Business
CUST9300,Nagpur,Corporate
CUST9301,Visakhapatnam,Consumer
CUST9302,Jodhpur,Small Business
CUST9303,Trivandrum,Student
CUST9304,Lucknow,Student
CUST9305,Delhi,Corporate
CUST9306,Surat,Small Business
CUST9307,Delhi,Corporate
CUST9308,Visakhapatnam,Student
CUST9309,Madurai,Small Business
CUST9310,Kanpur,Corporate
CUST9311,Chennai,Corporate
CUST9312,Nashik,Corporate
CUST9313,Kochi,Corporate
CUST9314,Jaipur,Small Business
CUST9315,Kochi,Corporate
CUST9316,Visakhapatnam,Student
CUST9317,Noida,Student
CUST9318,Ahmedabad,Student
CUST9319,Mysore,Consumer
CUST9320,Noida,Small Business
CUST9321,Nagpur,Student
CUST9322,Gurgaon,Corporate
CUST9323,Nagpur,Student
CUST9324,Gurgaon,Consumer
CUST9325,Rajkot,Consumer
CUST9326,Mumbai,Student
CUST9327,Trivandrum,Student
CUST9328,Rajkot,Consumer
CUST9329,Pune,Consumer
CUST9330,Mumbai,Consumer
CUST9331,Visakhapatnam,Small Business
CUST9332,Jaipur,Corporate
CUST9333,Jodhpur,Corporate
CUST9334,Delhi,Small Business
CUST9335,Gurgaon,Corporate
CUST9336,Noida,Consumer
CUST9337,Madurai,Consumer
CUST9338,Mumbai,Consumer
CUST9339,Lucknow,Corporate
CUST9340,Kanpur,Student
CUST9341,Delhi,Corporate
CUST9342,Kochi,Small Business
CUST9343,Pune,Small Business
CUST9344,Ahmedabad,Corporate
CUST9345,Ahmedabad,Student
CUST9346,Pune,Small Business
CUST9347,Coimbatore,Student
CUST9348,Visakhapatnam,Consumer
CUST9349,Madurai,Consumer
CUST9350,Coimbatore,Student
CUST9351,Delhi,Student
CUST9352,Madurai,Consumer
CUST9353,Kochi,Consumer
CUST9354,Mumbai,Consumer
CUST9355,Gurgaon,Consumer
CUST9356,Thane,Student
CUST9357,Jaipur,Small Business
CUST9358,Chennai,Consumer
CUST9359,Lucknow,Consumer
CUST9360,Delhi,Corporate
CUST9361,Mumbai,Small Business
CUST9362,Delhi,Student
CUST9363,Chennai,Consumer
CUST9364,Coimbatore,Consumer
CUST9365,Lucknow,Consumer
CUST9366,Bhopal,Small Business
CUST9367,Jaipur,Student
CUST9368,Surat,Corporate
CUST9369,Thane,Consumer
CUST9370,Rajkot,Student
CUST9371,Rajkot,Small Business
CUST9372,Kanpur,Small Business
CUST9373,Rajkot,Corporate
CUST9374,Hyderabad,Corporate
CUST9375,Jodhpur,Small Business
CUST9376,Jaipur,Small Business
CUST9377,Delhi,Small Business
CUST9378,Chandigarh,Student
CUST9379,Indore,Corporate
CUST9380,Gurgaon,Corporate
CUST9381,Madurai,Corporate
CUST9382,Noida,Student
CUST9383,Trivandrum,Student
CUST9384,Thane,Small Business
CUST9385,Bhopal,Consumer
CUST9386,Indore,Student
CUST9387,Ahmedabad,Consumer
CUST9388,Pune,Student
CUST9389,Lucknow,Student
CUST9390,Noida,Student
CUST9391,Kochi,Small Business
CUST9392,Gurgaon,Small Business
CUST9393,Kanpur,Corporate
CUST9394,Jaipur,Consumer
CUST9395,Trivandrum,Small Business
CUST9396,Thane,Small Business
CUST9397,Rajkot,Corporate
CUST9398,Chennai,Student
CUST9399,Kochi,Corporate
CUST9400,Gurgaon,Corporate
CUST9401,Kanpur,Corporate
CUST9402,Vadodara,Corporate
CUST9403,Patna,Small Business
CUST9404,Visakhapatnam,Consumer
CUST9405,Chandigarh,Corporate
CUST9406,Thane,Corporate
CUST9407,Nagpur,Corporate
CUST9408,Kanpur,Consumer
CUST9409,Hyderabad,Student
CUST9410,Patna,Corporate
CUST9411,Jaipur,Student
CUST9412,Bhopal,Consumer
CUST9413,Madurai,Corporate
CUST9414,Vadodara,Student
CUST9415,Kochi,Small Business
CUST9416,Delhi,Corporate
CUST9417,Mysore,Student
CUST9418,Coimbatore,Small Business
CUST9419,Nagpur,Consumer
CUST9420,Ahmedabad,Student
CUST9421,Visakhapatnam,Small Business
CUST9422,Pune,Small Business
CUST9423,Chandigarh,Corporate
CUST9424,Ahmedabad,Small Business
CUST9425,Bhopal,Corporate
CUST9426,Thane,Small Business
CUST9427,Mumbai,Small Business
CUST9428,Jodhpur,Corporate
CUST9429,Visakhapatnam,Consumer
CUST9430,Vadodara,Consumer
CUST9431,Indore,Corporate
CUST9432,Surat,Consumer
CUST9433,Kochi,Student
CUST9434,Mumbai,Consumer
CUST9435,Mumbai,Consumer
CUST9436,Lucknow,Consumer
CUST9437,Madurai,Corporate
CUST9438,Vadodara,Student
CUST9439,Bhopal,Small Business
CUST9440,Bangalore,Small Business
CUST9441,Madurai,Small Business
CUST9442,Chennai,Consumer
CUST9443,Rajkot,Consumer
CUST9444,Gurgaon,Small Business
CUST9445,Chandigarh,Consumer
CUST9446,Mysore,Student
CUST9447,Jodhpur,Small Business
CUST9448,Kanpur,Small Business
CUST9449,Kanpur,Small Business
CUST9450,Nashik,Corporate
CUST9451,Visakhapatnam,Corporate
CUST9452,Bangalore,Consumer
CUST9453,Bangalore,Corporate
CUST9454,Jaipur,Student
CUST9455,Trivandrum,Student
CUST9456,Kanpur,Small Business
CUST9457,Rajkot,Small Business
CUST9458,Kanpur,Small Business
CUST9459,Nagpur,Student
CUST9460,Coimbatore,Consumer
CUST9461,Nagpur,Student
CUST9462,Ahmedabad,Small Business
CUST9463,Noida,Consumer
CUST9464,Kolkata,Small Business
CUST9465,Nagpur,Consumer
CUST9466,Nagpur,Student
CUST9467,Pune,Consumer
CUST9468,Nashik,Corporate
CUST9469,Rajkot,Corporate
CUST9470,Hyderabad,Small Business
CUST9471,Chennai,Student
CUST9472,Vadodara,Corporate
CUST9473,Bhopal,Consumer
CUST9474,Vadodara,Corporate
CUST9475,Pune,Small Business
CUST9476,Thane,Student
CUST9477,Jaipur,Small Business
CUST9478,Mysore,Consumer
CUST9479,Nagpur,Consumer
CUST9480,Kochi,Corporate
CUST9481,Chennai,Student
CUST9482,Nagpur,Student
CUST9483,Bangalore,Corporate
CUST9484,Thane,Small Business
CUST9485,Bhopal,Student
CUST9486,Vadodara,Small Business
CUST9487,Noida,Consumer
CUST9488,Hyderabad,Consumer
CUST9489,Ahmedabad,Small Business
CUST9490,Rajkot,Consumer
CUST9491,Trivandrum,Small Business
CUST9492,Madurai,Consumer
CUST9493,Bhopal,Consumer
CUST9494,Delhi,Consumer
CUST9495,Rajkot,Consumer
CUST9496,Bhopal,Consumer
CUST9497,Mysore,Small Business
CUST9498,Lucknow,Student
CUST9499,Kanpur,Small Business
CUST9500,Ahmedabad,Corporate
CUST9501,Chennai,Consumer
CUST9502,Bhopal,Small Business
CUST9503,Bhopal,Small Business
CUST9504,Vadodara,Student
CUST9505,Chandigarh,Student
CUST9506,Nagpur,Small Business
CUST9507,Visakhapatnam,Small Business
CUST9508,Mumbai,Student
CUST9509,Mumbai,Corporate
CUST9510,Chandigarh,Consumer
CUST9511,Nashik,Small Business
CUST9512,Lucknow,Student
CUST9513,Coimbatore,Corporate
CUST9514,Bhopal,Small Business
CUST9515,Nagpur,Corporate
CUST9516,Kolkata,Corporate
CUST9517,Kolkata,Small Business
CUST9518,Kolkata,Small Business
CUST9519,Chandigarh,Student
CUST9520,Nashik,Corporate
CUST9521,Vadodara,Corporate
CUST9522,Kolkata,Student
CUST9523,Ahmedabad,Corporate
CUST9524,Noida,Student
CUST9525,Thane,Corporate
CUST9526,Patna,Corporate
CUST9527,Vadodara,Consumer
CUST9528,Kolkata,Corporate
CUST9529,Mysore,Student
CUST9530,Trivandrum,Consumer
CUST9531,Jaipur,Corporate
CUST9532,Kolkata,Corporate
CUST9533,Kolkata,Student
CUST9534,Jaipur,Corporate
CUST9535,Rajkot,Consumer
CUST9536,Coimbatore,Student
CUST9537,Kanpur,Small Business
CUST9538,Noida,Student
CUST9539,Noida,Consumer
CUST9540,Mumbai,Corporate
CUST9541,Jodhpur,Corporate
CUST9542,Pune,Corporate
CUST9543,Kolkata,Corporate
CUST9544,Kanpur,Student
CUST9545,Indore,Consumer
CUST9546,Pune,Consumer
CUST9547,Vadodara,Consumer
CUST9548,Jodhpur,Small Business
CUST9549,Nashik,Corporate
CUST9550,Chennai,Consumer
CUST9551,Ahmedabad,Student
CUST9552,Visakhapatnam,Corporate
CUST9553,Hyderabad,Student
CUST9554,Delhi,Consumer
CUST9555,Lucknow,Corporate
CUST9556,Chennai,Student
CUST9557,Chennai,Small Business
CUST9558,Coimbatore,Consumer
CUST9559,Jodhpur,Corporate
CUST9560,Jaipur,Corporate
CUST9561,Bangalore,Student
CUST9562,Madurai,Student
CUST9563,Kochi,Corporate
CUST9564,Lucknow,Corporate
CUST9565,Bhopal,Student
CUST9566,Chandigarh,Student
CUST9567,Trivandrum,Student
CUST9568,Chennai,Consumer
CUST9569,Hyderabad,Corporate
CUST9570,Indore,Student
CUST9571,Chennai,Consumer
CUST9572,Thane,Consumer
CUST9573,Chandigarh,Corporate
CUST9574,Mysore,Corporate
CUST9575,Bhopal,Corporate
CUST9576,Trivandrum,Consumer
CUST9577,Vadodara,Corporate
CUST9578,Lucknow,Student
CUST9579,Kochi,Small Business
CUST9580,Coimbatore,Consumer
CUST9581,Visakhapatnam,Small Business
CUST9582,Kanpur,Consumer
CUST9583,Kolkata,Small Business
CUST9584,Thane,Small Business
CUST9585,Gurgaon,Consumer
CUST9586,Coimbatore,Consumer
CUST9587,Ahmedabad,Student
CUST9588,Visakhapatnam,Student
CUST9589,Jaipur,Corporate
CUST9590,Mysore,Small Business
CUST9591,Surat,Student
CUST9592,Mumbai,Consumer
CUST9593,Vadodara,Small Business
CUST9594,Bhopal,Student
CUST9595,Coimbatore,Small Business
CUST9596,Madurai,Corporate
CUST9597,Ahmedabad,Student
CUST9598,Madurai,Student
CUST9599,Lucknow,Small Business
CUST9600,Coimbatore,Student
CUST9601,Gurgaon,Consumer
CUST9602,Lucknow,Consumer
CUST9603,Visakhapatnam,Corporate
CUST9604,Patna,Small Business
CUST9605,Coimbatore,Student
CUST9606,Vadodara,Small Business
CUST9607,Lucknow,Consumer
CUST9608,Ahmedabad,Student
CUST9609,Trivandrum,Corporate
CUST9610,Ahmedabad,Small Business
CUST9611,Lucknow,Consumer
CUST9612,Hyderabad,Corporate
CUST9613,Nashik,Small Business
CUST9614,Visakhapatnam,Small Business
CUST9615,Visakhapatnam,Consumer
CUST9616,Delhi,Corporate
CUST9617,Jaipur,Small Business
CUST9618,Trivandrum,Student
CUST9619,Chennai,Small Business
CUST9620,Rajkot,Student
CUST9621,Rajkot,Corporate
CUST9622,Nagpur,Corporate
CUST9623,Surat,Small Business
CUST9624,Jodhpur,Small Business
CUST9625,Lucknow,Corporate
CUST9626,Surat,Consumer
CUST9627,Bhopal,Corporate
CUST9628,Visakhapatnam,Consumer
CUST9629,Coimbatore,Corporate
CUST9630,Jaipur,Consumer
CUST9631,Lucknow,Small Business
CUST9632,Nagpur,Consumer
CUST9633,Jaipur,Student
CUST9634,Surat,Student
CUST9635,Jodhpur,Student
CUST9636,Mumbai,Corporate
CUST9637,Pune,Consumer
CUST9638,Kolkata,Consumer
CUST9639,Ahmedabad,Small Business
CUST9640,Indore,Small Business
CUST9641,Bangalore,Consumer
CUST9642,Mysore,Corporate
CUST9643,Kanpur,Small Business
CUST9644,Jodhpur,Student
CUST9645,Chandigarh,Student
CUST9646,Hyderabad,Consumer
CUST9647,Kanpur,Corporate
CUST9648,Kolkata,Student
CUST9649,Nagpur,Student
CUST9650,Visakhapatnam,Student
CUST9651,Jaipur,Corporate
CUST9652,Hyderabad,Small Business
CUST9653,Visakhapatnam,Consumer
CUST9654,Delhi,Consumer
CUST9655,Nashik,Corporate
CUST9656,Lucknow,Small Business
CUST9657,Coimbatore,Consumer
CUST9658,Kanpur,Small Business
CUST9659,Chandigarh,Corporate
CUST9660,Madurai,Corporate
CUST9661,Chandigarh,Small Business
CUST9662,Jodhpur,Consumer
CUST9663,Hyderabad,Small Business
CUST9664,Kolkata,Student
CUST9665,Madurai,Small Business
CUST9666,Mysore,Student
CUST9667,Kolkata,Small Business
CUST9668,Hyderabad,Corporate
CUST9669,Rajkot,Small Business
CUST9670,Gurgaon,Consumer
CUST9671,Mysore,Corporate
CUST9672,Hyderabad,Student
CUST9673,Vadodara,Small Business
CUST9674,Jodhpur,Consumer
CUST9675,Chandigarh,Small Business
CUST9676,Jaipur,Student
CUST9677,Ahmedabad,Consumer
CUST9678,Vadodara,Corporate
CUST9679,Gurgaon,Small Business
CUST9680,Lucknow,Consumer
CUST9681,Hyderabad,Small Business
CUST9682,Thane,Small Business
CUST9683,Chandigarh,Student
CUST9684,Nashik,Consumer
CUST9685,Thane,Small Business
CUST9686,Kolkata,Corporate
CUST9687,Gurgaon,Consumer
CUST9688,Madurai,Small Business
CUST9689,Visakhapatnam,Corporate
CUST9690,Noida,Corporate
CUST9691,Vadodara,Student
CUST9692,Trivandrum,Corporate
CUST9693,Bhopal,Corporate
CUST9694,Trivandrum,Consumer
CUST9695,Kanpur,Student
CUST9696,Bhopal,Student
CUST9697,Chandigarh,Consumer
CUST9698,Ahmedabad,Student
CUST9699,Coimbatore,Student
CUST9700,Jodhpur,Consumer
CUST9701,Rajkot,Corporate
CUST9702,Rajkot,Consumer
CUST9703,Vadodara,Student
CUST9704,Hyderabad,Consumer
CUST9705,Mumbai,Consumer
CUST9706,Jodhpur,Student
CUST9707,Chennai,Small Business
CUST9708,Bangalore,Small Business
CUST9709,Vadodara,Small Business
CUST9710,Visakhapatnam,Student
CUST9711,Trivandrum,Small Business
CUST9712,Nagpur,Small Business
CUST9713,Mumbai,Corporate
CUST9714,Thane,Small Business
CUST9715,Noida,Consumer
CUST9716,Vadodara,Student
CUST9717,Madurai,Small Business
CUST9718,Chennai,Small Business
CUST9719,Ahmedabad,Student
CUST9720,Mumbai,Corporate
CUST9721,Lucknow,Small Business
CUST9722,Lucknow,Small Business
CUST9723,Kolkata,Corporate
CUST9724,Delhi,Consumer
CUST9725,Delhi,Corporate
CUST9726,Kanpur,Consumer
CUST9727,Gurgaon,Corporate
CUST9728,Vadodara,Student
CUST9729,Coimbatore,Consumer
CUST9730,Ahmedabad,Student
CUST9731,Coimbatore,Corporate
CUST9732,Surat,Student
CUST9733,Noida,Consumer
CUST9734,Bhopal,Corporate
CUST9735,Gurgaon,Corporate
CUST9736,Jodhpur,Corporate
CUST9737,Jaipur,Student
CUST9738,Bhopal,Consumer
CUST9739,Bangalore,Student
CUST9740,Thane,Small Business
CUST9741,Jaipur,Student
CUST9742,Mumbai,Small Business
CUST9743,Vadodara,Small Business
CUST9744,Bangalore,Corporate
CUST9745,Kochi,Corporate
CUST9746,Jaipur,Corporate
CUST9747,Ahmedabad,Corporate
CUST9748,Bangalore,Student
CUST9749,Chennai,Corporate
CUST9750,Kolkata,Small Business
CUST9751,Nashik,Consumer
CUST9752,Mumbai,Student
CUST9753,Pune,Small Business
CUST9754,Gurgaon,Consumer
CUST9755,Pune,Corporate
CUST9756,Jodhpur,Student
CUST9757,Jodhpur,Corporate
CUST9758,Vadodara,Small Business
CUST9759,Kanpur,Consumer
CUST9760,Mumbai,Small Business
CUST9761,Kochi,Corporate
CUST9762,Gurgaon,Corporate
CUST9763,Madurai,Consumer
CUST9764,Bangalore,Corporate
CUST9765,Delhi,Corporate
CUST9766,Thane,Corporate
CUST9767,Bhopal,Consumer
CUST9768,Chennai,Corporate
CUST9769,Rajkot,Consumer
CUST9770,Jodhpur,Consumer
CUST9771,Lucknow,Student
CUST9772,Bangalore,Consumer
CUST9773,Madurai,Small Business
CUST9774,Madurai,Corporate
CUST9775,Jodhpur,Corporate
CUST9776,Pune,Consumer
CUST9777,Surat,Corporate
CUST9778,Coimbatore,Corporate
CUST9779,Indore,Consumer
CUST9780,Rajkot,Small Business
CUST9781,Jodhpur,Consumer
CUST9782,Ahmedabad,Corporate
CUST9783,Nashik,Corporate
CUST9784,Jodhpur,Student
CUST9785,Mysore,Consumer
CUST9786,Kochi,Student
CUST9787,Nashik,Consumer
CUST9788,Nashik,Corporate
CUST9789,Chennai,Consumer
CUST9790,Patna,Consumer
CUST9791,Chennai,Corporate
CUST9792,Kolkata,Small Business
CUST9793,Visakhapatnam,Corporate
CUST9794,Jaipur,Small Business
CUST9795,Mysore,Small Business
CUST9796,Rajkot,Corporate
CUST9797,Noida,Consumer
CUST9798,Indore,Corporate
CUST9799,Jodhpur,Consumer
CUST9800,Surat,Consumer
CUST9801,Ahmedabad,Consumer
CUST9802,Ahmedabad,Consumer
CUST9803,Kanpur,Corporate
CUST9804,Nagpur,Corporate
CUST9805,Lucknow,Small Business
CUST9806,Visakhapatnam,Consumer
CUST9807,Jaipur,Consumer
CUST9808,Madurai,Corporate
CUST9809,Nashik,Corporate
CUST9810,Kanpur,Consumer
CUST9811,Nagpur,Consumer
CUST9812,Pune,Consumer
CUST9813,Ahmedabad,Small Business
CUST9814,Chandigarh,Consumer
CUST9815,Bangalore,Small Business
CUST9816,Rajkot,Consumer
CUST9817,Coimbatore,Corporate
CUST9818,Patna,Consumer
CUST9819,Rajkot,Corporate
CUST9820,Madurai,Consumer
CUST9821,Mumbai,Consumer
CUST9822,Mysore,Consumer
CUST9823,Bhopal,Corporate
CUST9824,Bhopal,Student
CUST9825,Vadodara,Small Business
CUST9826,Kochi,Small Business
CUST9827,Hyderabad,Corporate
CUST9828,Kolkata,Corporate
CUST9829,Patna,Consumer
CUST9830,Kolkata,Small Business
CUST9831,Trivandrum,Small Business
CUST9832,Nagpur,Small Business
CUST9833,Pune,Corporate
CUST9834,Jodhpur,Consumer
CUST9835,Mumbai,Student
CUST9836,Indore,Consumer
CUST9837,Surat,Small Business
CUST9838,Mumbai,Corporate
CUST9839,Chandigarh,Consumer
CUST9840,Coimbatore,Small Business
CUST9841,Chandigarh,Corporate
CUST9842,Kochi,Student
CUST9843,Noida,Consumer
CUST9844,Kochi,Corporate
CUST9845,Gurgaon,Consumer
CUST9846,Jodhpur,Student
CUST9847,Chandigarh,Consumer
CUST9848,Mysore,Small Business
CUST9849,Kanpur,Small Business
CUST9850,Patna,Corporate
CUST9851,Ahmedabad,Student
CUST9852,Kochi,Small Business
CUST9853,Trivandrum,Corporate
CUST9854,Noida,Student
CUST9855,Mysore,Student
CUST9856,Indore,Small Business
CUST9857,Chennai,Small Business
CUST9858,Rajkot,Consumer
CUST9859,Nagpur,Student
CUST9860,Noida,Small Business
CUST9861,Kochi,Student
CUST9862,Bhopal,Consumer
CUST9863,Kochi,Student
CUST9864,Chennai,Corporate
CUST9865,Bhopal,Corporate
CUST9866,Lucknow,Consumer
CUST9867,Mysore,Student
CUST9868,Indore,Student
CUST9869,Nashik,Corporate
CUST9870,Trivandrum,Consumer
CUST9871,Pune,Corporate
CUST9872,Rajkot,Consumer
CUST9873,Bhopal,Corporate
CUST9874,Bhopal,Corporate
CUST9875,Madurai,Small Business
CUST9876,Thane,Consumer
CUST9877,Mumbai,Corporate
CUST9878,Chandigarh,Small Business
CUST9879,Pune,Corporate
CUST9880,Delhi,Corporate
CUST9881,Nagpur,Corporate
CUST9882,Bhopal,Consumer
CUST9883,Hyderabad,Consumer
CUST9884,Kanpur,Small Business
CUST9885,Chennai,Consumer
CUST9886,Kanpur,Small Business
CUST9887,Mysore,Corporate
CUST9888,Surat,Corporate
CUST9889,Patna,Small Business
CUST9890,Bhopal,Small Business
CUST9891,Thane,Consumer
CUST9892,Hyderabad,Consumer
CUST9893,Kanpur,Consumer
CUST9894,Gurgaon,Corporate
CUST9895,Rajkot,Student
CUST9896,Noida,Student
CUST9897,Thane,Consumer
CUST9898,Gurgaon,Corporate
CUST9899,Noida,Small Business
CUST9900,Coimbatore,Small Business
CUST9901,Indore,Consumer
CUST9902,Delhi,Corporate
CUST9903,Noida,Small Business
CUST9904,Vadodara,Student
CUST9905,Coimbatore,Consumer
CUST9906,Chennai,Corporate
CUST9907,Mysore,Consumer
CUST9908,Thane,Corporate
CUST9909,Mysore,Corporate
CUST9910,Kolkata,Small Business
CUST9911,Bhopal,Corporate
CUST9912,Bhopal,Student
CUST9913,Surat,Consumer
CUST9914,Coimbatore,Small Business
CUST9915,Vadodara,Corporate
CUST9916,Kochi,Small Business
CUST9917,Bhopal,Student
CUST9918,Delhi,Corporate
CUST9919,Patna,Corporate
CUST9920,Pune,Student
CUST9921,Kanpur,Student
CUST9922,Thane,Small Business
CUST9923,Pune,Consumer
CUST9924,Trivandrum,Small Business
CUST9925,Surat,Consumer
CUST9926,Nagpur,Small Business
CUST9927,Thane,Corporate
CUST9928,Delhi,Corporate
CUST9929,Bhopal,Corporate
CUST9930,Surat,Corporate
CUST9931,Chennai,Corporate
CUST9932,Madurai,Consumer
CUST9933,Nashik,Small Business
CUST9934,Surat,Small Business
CUST9935,Nagpur,Corporate
CUST9936,Hyderabad,Student
CUST9937,Surat,Corporate
CUST9938,Nagpur,Student
CUST9939,Gurgaon,Corporate
CUST9940,Patna,Small Business
CUST9941,Indore,Consumer
CUST9942,Hyderabad,Small Business
CUST9943,Kolkata,Corporate
CUST9944,Thane,Student
CUST9945,Bhopal,Corporate
CUST9946,Bhopal,Student
CUST9947,Mumbai,Corporate
CUST9948,Ahmedabad,Corporate
CUST9949,Bangalore,Consumer
CUST9950,Mysore,Small Business
CUST9951,Rajkot,Small Business
CUST9952,Chandigarh,Consumer
CUST9953,Hyderabad,Student
CUST9954,Jaipur,Corporate
CUST9955,Mumbai,Consumer
CUST9956,Thane,Student
CUST9957,Visakhapatnam,Small Business
CUST9958,Trivandrum,Student
CUST9959,Mysore,Student
CUST9960,Coimbatore,Small Business
CUST9961,Chandigarh,Consumer
CUST9962,Jaipur,Corporate
CUST9963,Vadodara,Small Business
CUST9964,Nagpur,Student
CUST9965,Kanpur,Small Business
CUST9966,Rajkot,Consumer
CUST9967,Mumbai,Consumer
CUST9968,Lucknow,Corporate
CUST9969,Lucknow,Student
CUST9970,Mysore,Consumer
CUST9971,Mumbai,Corporate
CUST9972,Coimbatore,Corporate
CUST9973,Mumbai,Corporate
CUST9974,Chennai,Student
CUST9975,Thane,Consumer
CUST9976,Bhopal,Corporate
CUST9977,Nashik,Corporate
CUST9978,Vadodara,Corporate
CUST9979,Kochi,Corporate
CUST9980,Jodhpur,Small Business
CUST9981,Kanpur,Small Business
CUST9982,Chennai,Consumer
CUST9983,Nashik,Small Business
CUST9984,Vadodara,Consumer
CUST9985,Gurgaon,Student
CUST9986,Kolkata,Student
CUST9987,Noida,Consumer
CUST9988,Rajkot,Student
CUST9989,Chandigarh,Student
CUST9990,Noida,Consumer
CUST9991,Chandigarh,Student
CUST9992,Coimbatore,Small Business
CUST9993,Bangalore,Consumer
CUST9994,Vadodara,Corporate
CUST9995,Ahmedabad,Corporate
CUST9996,Bangalore,Corporate
CUST9997,Kolkata,Small Business
CUST9998,Madurai,Consumer
CUST9999,Kanpur,Corporate
CUST10000,Kolkata,Consumer
CUST10001,Gurgaon,Corporate
CUST10002,Jodhpur,Student
CUST10003,Lucknow,Small Business
CUST10004,Coimbatore,Small Business
CUST10005,Gurgaon,Corporate
CUST10006,Jaipur,Student
CUST10007,Pune,Consumer
CUST10008,Delhi,Corporate
CUST10009,Trivandrum,Small Business
CUST10010,Thane,Student
CUST10011,Trivandrum,Small Business
CUST10012,Nagpur,Small Business
CUST10013,Kochi,Corporate
CUST10014,Delhi,Student
CUST10015,Ahmedabad,Corporate
CUST10016,Indore,Student
CUST10017,Coimbatore,Student
CUST10018,Bhopal,Student
CUST10019,Lucknow,Consumer
CUST10020,Bhopal,Small Business
CUST10021,Kanpur,Corporate
CUST10022,Patna,Consumer
CUST10023,Kochi,Consumer
CUST10024,Hyderabad,Small Business
CUST10025,Pune,Corporate
CUST10026,Delhi,Small Business
CUST10027,Thane,Student
CUST10028,Thane,Consumer
CUST10029,Surat,Student
CUST10030,Chandigarh,Student
CUST10031,Patna,Consumer
CUST10032,Bhopal,Consumer
CUST10033,Kanpur,Corporate
CUST10034,Rajkot,Consumer
CUST10035,Gurgaon,Student
CUST10036,Trivandrum,Corporate
CUST10037,Coimbatore,Small Business
CUST10038,Mumbai,Small Business
CUST10039,Visakhapatnam,Small Business
CUST10040,Nashik,Corporate
CUST10041,Noida,Corporate
CUST10042,Bangalore,Consumer
CUST10043,Bangalore,Student
CUST10044,Mysore,Consumer
CUST10045,Thane,Small Business
CUST10046,Kochi,Student
CUST10047,Bhopal,Student
CUST10048,Gurgaon,Consumer
CUST10049,Gurgaon,Small Business
CUST10050,Patna,Student
CUST10051,Kolkata,Consumer
CUST10052,Kochi,Student
CUST10053,Delhi,Consumer
CUST10054,Vadodara,Student
CUST10055,Bangalore,Student
CUST10056,Pune,Consumer
CUST10057,Pune,Small Business
CUST10058,Jodhpur,Consumer
CUST10059,Kochi,Consumer
CUST10060,Coimbatore,Student
CUST10061,Bangalore,Student
CUST10062,Surat,Small Business
CUST10063,Madurai,Student
CUST10064,Nashik,Corporate
CUST10065,Kanpur,Student
CUST10066,Coimbatore,Corporate
CUST10067,Coimbatore,Small Business
CUST10068,Rajkot,Student
CUST10069,Delhi,Small Business
CUST10070,Surat,Corporate
CUST10071,Vadodara,Student
CUST10072,Indore,Small Business
CUST10073,Chennai,Student
CUST10074,Bangalore,Small Business
CUST10075,Pune,Consumer
CUST10076,Nagpur,Small Business
CUST10077,Gurgaon,Consumer
CUST10078,Lucknow,Corporate
CUST10079,Nagpur,Student
CUST10080,Madurai,Small Business
CUST10081,Noida,Small Business
CUST10082,Rajkot,Small Business
CUST10083,Ahmedabad,Consumer
CUST10084,Coimbatore,Student
CUST10085,Ahmedabad,Corporate
CUST10086,Nagpur,Consumer
CUST10087,Gurgaon,Consumer
CUST10088,Vadodara,Student
CUST10089,Gurgaon,Small Business
CUST10090,Kolkata,Student
CUST10091,Indore,Consumer
CUST10092,Vadodara,Student
CUST10093,Noida,Small Business
CUST10094,Indore,Small Business
CUST10095,Trivandrum,Small Business
CUST10096,Noida,Consumer
CUST10097,Visakhapatnam,Student
CUST10098,Hyderabad,Student
CUST10099,Bhopal,Corporate
CUST10100,Ahmedabad,Student
CUST10101,Ahmedabad,Corporate
CUST10102,Pune,Corporate
CUST10103,Vadodara,Small Business
CUST10104,Thane,Corporate
CUST10105,Noida,Small Business
CUST10106,Kochi,Consumer
CUST10107,Madurai,Corporate
CUST10108,Chandigarh,Small Business
CUST10109,Noida,Consumer
CUST10110,Bangalore,Consumer
CUST10111,Madurai,Consumer
CUST10112,Jodhpur,Consumer
CUST10113,Rajkot,Corporate
CUST10114,Mumbai,Consumer
CUST10115,Ahmedabad,Consumer
CUST10116,Thane,Corporate
CUST10117,Noida,Student
CUST10118,Bangalore,Student
CUST10119,Bangalore,Small Business
CUST10120,Hyderabad,Corporate
CUST10121,Chandigarh,Consumer
CUST10122,Ahmedabad,Corporate
CUST10123,Trivandrum,Student
CUST10124,Visakhapatnam,Corporate
CUST10125,Vadodara,Student
CUST10126,Jodhpur,Small Business
CUST10127,Visakhapatnam,Small Business
CUST10128,Kochi,Consumer
CUST10129,Surat,Consumer
CUST10130,Visakhapatnam,Small Business
CUST10131,Thane,Corporate
CUST10132,Madurai,Student
CUST10133,Chandigarh,Student
CUST10134,Indore,Corporate
CUST10135,Kochi,Corporate
CUST10136,Kochi,Small Business
CUST10137,Nashik,Corporate
CUST10138,Patna,Corporate
CUST10139,Lucknow,Student
CUST10140,Nashik,Small Business
CUST10141,Thane,Student
CUST10142,Nagpur,Small Business
CUST10143,Nagpur,Student
CUST10144,Visakhapatnam,Student
CUST10145,Hyderabad,Corporate
CUST10146,Ahmedabad,Student
CUST10147,Ahmedabad,Consumer
CUST10148,Chandigarh,Student
CUST10149,Coimbatore,Consumer
CUST10150,Noida,Student
CUST10151,Kanpur,Small Business
CUST10152,Ahmedabad,Student
CUST10153,Chennai,Student
CUST10154,Hyderabad,Small Business
CUST10155,Bhopal,Corporate
CUST10156,Nashik,Small Business
CUST10157,Indore,Student
CUST10158,Bangalore,Corporate
CUST10159,Delhi,Corporate
CUST10160,Lucknow,Corporate
CUST10161,Mysore,Student
CUST10162,Bangalore,Student
CUST10163,Surat,Corporate
CUST10164,Hyderabad,Small Business
CUST10165,Ahmedabad,Student
CUST10166,Indore,Student
CUST10167,Pune,Corporate
CUST10168,Jaipur,Corporate
CUST10169,Hyderabad,Student
CUST10170,Pune,Corporate
CUST10171,Indore,Corporate
CUST10172,Kochi,Small Business
CUST10173,Jodhpur,Corporate
CUST10174,Jodhpur,Corporate
CUST10175,Vadodara,Student
CUST10176,Kolkata,Small Business
CUST10177,Rajkot,Student
CUST10178,Thane,Small Business
CUST10179,Rajkot,Student
CUST10180,Bhopal,Small Business
CUST10181,Thane,Corporate
CUST10182,Vadodara,Student
CUST10183,Trivandrum,Corporate
CUST10184,Jaipur,Small Business
CUST10185,Jaipur,Corporate
CUST10186,Madurai,Small Business
CUST10187,Trivandrum,Small Business
CUST10188,Madurai,Small Business
CUST10189,Noida,Student
CUST10190,Hyderabad,Corporate
CUST10191,Noida,Consumer
CUST10192,Surat,Small Business
CUST10193,Trivandrum,Small Business
CUST10194,Trivandrum,Student
CUST10195,Rajkot,Corporate
CUST10196,Visakhapatnam,Small Business
CUST10197,Kochi,Student
CUST10198,Noida,Small Business
CUST10199,Hyderabad,Corporate
CUST10200,Madurai,Consumer
CUST10201,Coimbatore,Corporate
CUST10202,Nashik,Corporate
CUST10203,Lucknow,Student
CUST10204,Gurgaon,Corporate
CUST10205,Chandigarh,Small Business
CUST10206,Bangalore,Consumer
CUST10207,Chandigarh,Small Business
CUST10208,Surat,Corporate
CUST10209,Delhi,Small Business
CUST10210,Jodhpur,Consumer
CUST10211,Surat,Student
CUST10212,Hyderabad,Corporate
CUST10213,Gurgaon,Student
CUST10214,Trivandrum,Small Business
CUST10215,Ahmedabad,Small Business
CUST10216,Coimbatore,Student
CUST10217,Indore,Small Business
CUST10218,Indore,Consumer
CUST10219,Kanpur,Small Business
CUST10220,Jaipur,Small Business
CUST10221,Rajkot,Small Business
CUST10222,Indore,Small Business
CUST10223,Madurai,Small Business
CUST10224,Hyderabad,Consumer
CUST10225,Gurgaon,Small Business
CUST10226,Ahmedabad,Consumer
CUST10227,Surat,Small Business
CUST10228,Coimbatore,Corporate
CUST10229,Chennai,Small Business
CUST10230,Gurgaon,Consumer
CUST10231,Kolkata,Consumer
CUST10232,Thane,Student
CUST10233,Ahmedabad,Consumer
CUST10234,Kochi,Small Business
CUST10235,Kanpur,Corporate
CUST10236,Bhopal,Student
CUST10237,Visakhapatnam,Corporate
CUST10238,Madurai,Corporate
CUST10239,Ahmedabad,Corporate
CUST10240,Delhi,Student
CUST10241,Mumbai,Small Business
CUST10242,Mumbai,Consumer
CUST10243,Delhi,Student
CUST10244,Thane,Student
CUST10245,Noida,Consumer
CUST10246,Pune,Consumer
CUST10247,Kanpur,Corporate
CUST10248,Mysore,Small Business
CUST10249,Kochi,Small Business
CUST10250,Kochi,Corporate
CUST10251,Chandigarh,Student
CUST10252,Coimbatore,Corporate
CUST10253,Coimbatore,Small Business
CUST10254,Noida,Student
CUST10255,Jaipur,Corporate
CUST10256,Mumbai,Consumer
CUST10257,Chennai,Corporate
CUST10258,Patna,Corporate
CUST10259,Nagpur,Corporate
CUST10260,Lucknow,Student
CUST10261,Nashik,Small Business
CUST10262,Chandigarh,Corporate
CUST10263,Indore,Small Business
CUST10264,Delhi,Corporate
CUST10265,Kanpur,Small Business
CUST10266,Lucknow,Small Business
CUST10267,Coimbatore,Corporate
CUST10268,Visakhapatnam,Student
CUST10269,Nagpur,Small Business
CUST10270,Madurai,Consumer
CUST10271,Patna,Corporate
CUST10272,Gurgaon,Student
CUST10273,Vadodara,Small Business
CUST10274,Gurgaon,Student
CUST10275,Indore,Corporate
CUST10276,Kochi,Corporate
CUST10277,Nashik,Small Business
CUST10278,Gurgaon,Consumer
CUST10279,Pune,Corporate
CUST10280,Jaipur,Corporate
CUST10281,Kochi,Consumer
CUST10282,Jodhpur,Corporate
CUST10283,Thane,Small Business
CUST10284,Coimbatore,Student
CUST10285,Thane,Small Business
CUST10286,Lucknow,Small Business
CUST10287,Mysore,Corporate
CUST10288,Madurai,Corporate
CUST10289,Visakhapatnam,Student
CUST10290,Rajkot,Corporate
CUST10291,Pune,Consumer
CUST10292,Patna,Small Business
CUST10293,Madurai,Small Business
CUST10294,Rajkot,Consumer
CUST10295,Pune,Small Business
CUST10296,Kolkata,Student
CUST10297,Madurai,Corporate
CUST10298,Vadodara,Consumer
CUST10299,Kanpur,Small Business
CUST10300,Jaipur,Corporate
CUST10301,Pune,Consumer
CUST10302,Mysore,Student
CUST10303,Lucknow,Corporate
CUST10304,Pune,Corporate
CUST10305,Ahmedabad,Corporate
CUST10306,Jaipur,Student
CUST10307,Nashik,Consumer
CUST10308,Madurai,Student
CUST10309,Jodhpur,Consumer
CUST10310,Pune,Corporate
CUST10311,Bangalore,Corporate
CUST10312,Jaipur,Corporate
CUST10313,Gurgaon,Student
CUST10314,Bangalore,Small Business
CUST10315,Pune,Small Business
CUST10316,Coimbatore,Consumer
CUST10317,Indore,Small Business
CUST10318,Mysore,Corporate
CUST10319,Noida,Student
CUST10320,Mysore,Corporate
CUST10321,Madurai,Student
CUST10322,Hyderabad,Consumer
CUST10323,Gurgaon,Student
CUST10324,Thane,Consumer
CUST10325,Coimbatore,Corporate
CUST10326,Bhopal,Student
CUST10327,Nagpur,Small Business
CUST10328,Jodhpur,Student
CUST10329,Bhopal,Corporate
CUST10330,Delhi,Corporate
CUST10331,Vadodara,Consumer
CUST10332,Vadodara,Consumer
CUST10333,Jaipur,Student
CUST10334,Rajkot,Student
CUST10335,Delhi,Consumer
CUST10336,Visakhapatnam,Consumer
CUST10337,Rajkot,Small Business
CUST10338,Kochi,Student
CUST10339,Hyderabad,Small Business
CUST10340,Ahmedabad,Student
CUST10341,Visakhapatnam,Student
CUST10342,Kanpur,Consumer
CUST10343,Jodhpur,Corporate
CUST10344,Mysore,Consumer
CUST10345,Coimbatore,Student
CUST10346,Thane,Small Business
CUST10347,Jodhpur,Small Business
CUST10348,Nagpur,Consumer
CUST10349,Kanpur,Consumer
CUST10350,Kochi,Corporate
CUST10351,Visakhapatnam,Corporate
CUST10352,Noida,Student
CUST10353,Bangalore,Corporate
CUST10354,Chennai,Student
CUST10355,Jodhpur,Student
CUST10356,Kanpur,Small Business
CUST10357,Bangalore,Consumer
CUST10358,Vadodara,Consumer
CUST10359,Patna,Student
CUST10360,Delhi,Student
CUST10361,Thane,Student
CUST10362,Chennai,Corporate
CUST10363,Lucknow,Corporate
CUST10364,Vadodara,Corporate
CUST10365,Nagpur,Corporate
CUST10366,Vadodara,Corporate
CUST10367,Nashik,Consumer
CUST10368,Hyderabad,Corporate
CUST10369,Patna,Corporate
CUST10370,Hyderabad,Consumer
CUST10371,Visakhapatnam,Student
CUST10372,Nagpur,Small Business
CUST10373,Kolkata,Corporate
CUST10374,Chennai,Small Business
CUST10375,Noida,Consumer
CUST10376,Surat,Consumer
CUST10377,Indore,Consumer
CUST10378,Pune,Corporate
CUST10379,Patna,Student
CUST10380,Visakhapatnam,Consumer
CUST10381,Trivandrum,Consumer
CUST10382,Chennai,Corporate
CUST10383,Kochi,Consumer
CUST10384,Jaipur,Consumer
CUST10385,Mumbai,Consumer
CUST10386,Patna,Corporate
CUST10387,Trivandrum,Corporate
CUST10388,Bhopal,Consumer
CUST10389,Thane,Corporate
CUST10390,Mumbai,Corporate
CUST10391,Nashik,Corporate
CUST10392,Gurgaon,Student
CUST10393,Surat,Consumer
CUST10394,Kolkata,Small Business
CUST10395,Bhopal,Student
CUST10396,Kanpur,Corporate
CUST10397,Surat,Corporate
CUST10398,Kolkata,Corporate
CUST10399,Noida,Student
CUST10400,Trivandrum,Student
CUST10401,Delhi,Small Business
CUST10402,Chandigarh,Student
CUST10403,Patna,Student
CUST10404,Mumbai,Small Business
CUST10405,Chennai,Student
CUST10406,Gurgaon,Student
CUST10407,Madurai,Student
CUST10408,Mysore,Corporate
CUST10409,Kanpur,Student
CUST10410,Thane,Consumer
CUST10411,Patna,Corporate
CUST10412,Nashik,Corporate
CUST10413,Madurai,Consumer
CUST10414,Rajkot,Consumer
CUST10415,Mumbai,Consumer
CUST10416,Mysore,Student
CUST10417,Pune,Corporate
CUST10418,Visakhapatnam,Corporate
CUST10419,Delhi,Corporate
CUST10420,Chennai,Student
CUST10421,Indore,Consumer
CUST10422,Patna,Small Business
CUST10423,Gurgaon,Student
CUST10424,Vadodara,Student
CUST10425,Ahmedabad,Corporate
CUST10426,Nashik,Consumer
CUST10427,Mumbai,Small Business
CUST10428,Kochi,Corporate
CUST10429,Bangalore,Consumer
CUST10430,Indore,Consumer
CUST10431,Lucknow,Corporate
CUST10432,Patna,Corporate
CUST10433,Vadodara,Consumer
CUST10434,Mysore,Corporate
CUST10435,Chandigarh,Small Business
CUST10436,Surat,Consumer
CUST10437,Mysore,Small Business
CUST10438,Gurgaon,Corporate
CUST10439,Patna,Student
CUST10440,Ahmedabad,Small Business
CUST10441,Surat,Small Business
CUST10442,Madurai,Small Business
CUST10443,Visakhapatnam,Student
CUST10444,Bhopal,Consumer
CUST10445,Kolkata,Student
CUST10446,Kanpur,Small Business
CUST10447,Ahmedabad,Small Business
CUST10448,Patna,Student
CUST10449,Noida,Small Business
CUST10450,Coimbatore,Student
CUST10451,Kanpur,Corporate
CUST10452,Bangalore,Consumer
CUST10453,Mysore,Student
CUST10454,Jaipur,Student
CUST10455,Gurgaon,Consumer
CUST10456,Surat,Corporate
CUST10457,Gurgaon,Small Business
CUST10458,Chennai,Student
CUST10459,Vadodara,Small Business
CUST10460,Lucknow,Small Business
CUST10461,Kolkata,Small Business
CUST10462,Nashik,Student
CUST10463,Chennai,Corporate
CUST10464,Rajkot,Small Business
CUST10465,Kanpur,Small Business
CUST10466,Gurgaon,Consumer
CUST10467,Jodhpur,Student
CUST10468,Bangalore,Student
CUST10469,Madurai,Consumer
CUST10470,Kochi,Consumer
CUST10471,Coimbatore,Student
CUST10472,Kochi,Consumer
CUST10473,Gurgaon,Small Business
CUST10474,Surat,Corporate
CUST10475,Rajkot,Consumer
CUST10476,Vadodara,Small Business
CUST10477,Mumbai,Small Business
CUST10478,Lucknow,Corporate
CUST10479,Trivandrum,Consumer
CUST10480,Coimbatore,Corporate
CUST10481,Indore,Student
CUST10482,Rajkot,Small Business
CUST10483,Chandigarh,Small Business
CUST10484,Delhi,Small Business
CUST10485,Nashik,Corporate
CUST10486,Kanpur,Corporate
CUST10487,Ahmedabad,Small Business
CUST10488,Hyderabad,Student
CUST10489,Jodhpur,Consumer
CUST10490,Surat,Consumer
CUST10491,Kolkata,Student
CUST10492,Patna,Small Business
CUST10493,Nashik,Consumer
CUST10494,Chennai,Consumer
CUST10495,Kanpur,Student
CUST10496,Pune,Corporate
CUST10497,Rajkot,Small Business
CUST10498,Chennai,Student
CUST10499,Mumbai,Student
CUST10500,Vadodara,Consumer
CUST10501,Vadodara,Corporate
CUST10502,Rajkot,Consumer
CUST10503,Kanpur,Student
CUST10504,Chennai,Corporate
CUST10505,Jaipur,Corporate
CUST10506,Noida,Student
CUST10507,Kanpur,Corporate
CUST10508,Ahmedabad,Student
CUST10509,Chennai,Student
CUST10510,Madurai,Student
CUST10511,Chandigarh,Corporate
CUST10512,Madurai,Consumer
CUST10513,Jaipur,Small Business
CUST10514,Thane,Corporate
CUST10515,Madurai,Corporate
CUST10516,Mumbai,Corporate
CUST10517,Patna,Small Business
CUST10518,Thane,Consumer
CUST10519,Coimbatore,Corporate
CUST10520,Kanpur,Student
CUST10521,Jodhpur,Student
CUST10522,Ahmedabad,Student
CUST10523,Gurgaon,Corporate
CUST10524,Kochi,Student
CUST10525,Nagpur,Consumer
CUST10526,Hyderabad,Corporate
CUST10527,Kanpur,Corporate
CUST10528,Lucknow,Small Business
CUST10529,Chennai,Corporate
CUST10530,Bangalore,Corporate
CUST10531,Gurgaon,Small Business
CUST10532,Jaipur,Consumer
CUST10533,Pune,Small Business
CUST10534,Pune,Student
CUST10535,Mumbai,Consumer
CUST10536,Lucknow,Student
CUST10537,Nagpur,Consumer
CUST10538,Jodhpur,Small Business
CUST10539,Surat,Student
CUST10540,Nashik,Student
CUST10541,Hyderabad,Student
CUST10542,Delhi,Corporate
CUST10543,Madurai,Small Business
CUST10544,Mumbai,Corporate
CUST10545,Chandigarh,Student
CUST10546,Kolkata,Consumer
CUST10547,Kochi,Student
CUST10548,Lucknow,Corporate
CUST10549,Surat,Student
CUST10550,Surat,Corporate
CUST10551,Hyderabad,Student
CUST10552,Ahmedabad,Student
CUST10553,Jaipur,Student
CUST10554,Visakhapatnam,Corporate
CUST10555,Thane,Consumer
CUST10556,Gurgaon,Consumer
CUST10557,Nashik,Small Business
CUST10558,Lucknow,Student
CUST10559,Lucknow,Student
CUST10560,Nagpur,Consumer
CUST10561,Gurgaon,Small Business
CUST10562,Lucknow,Student
CUST10563,Jodhpur,Small Business
CUST10564,Kolkata,Corporate
CUST10565,Rajkot,Corporate
CUST10566,Ahmedabad,Student
CUST10567,Kochi,Student
CUST10568,Noida,Student
CUST10569,Rajkot,Small Business
CUST10570,Chandigarh,Consumer
CUST10571,Surat,Student
CUST10572,Coimbatore,Student
CUST10573,Bangalore,Small Business
CUST10574,Kolkata,Consumer
CUST10575,Kochi,Consumer
CUST10576,Thane,Student
CUST10577,Thane,Student
CUST10578,Noida,Small Business
CUST10579,Chennai,Corporate
CUST10580,Chandigarh,Student
CUST10581,Indore,Corporate
CUST10582,Thane,Student
CUST10583,Bangalore,Corporate
CUST10584,Kolkata,Corporate
CUST10585,Pune,Small Business
CUST10586,Bangalore,Corporate
CUST10587,Mumbai,Student
CUST10588,Visakhapatnam,Consumer
CUST10589,Jodhpur,Small Business
CUST10590,Vadodara,Corporate
CUST10591,Kanpur,Student
CUST10592,Bangalore,Corporate
CUST10593,Visakhapatnam,Corporate
CUST10594,Delhi,Student
CUST10595,Rajkot,Consumer
CUST10596,Ahmedabad,Consumer
CUST10597,Ahmedabad,Corporate
CUST10598,Lucknow,Small Business
CUST10599,Surat,Student
CUST10600,Mysore,Student
CUST10601,Noida,Small Business
CUST10602,Rajkot,Student
CUST10603,Kolkata,Corporate
CUST10604,Bangalore,Student
CUST10605,Jaipur,Small Business
CUST10606,Rajkot,Student
CUST10607,Mumbai,Small Business
CUST10608,Bhopal,Corporate
CUST10609,Surat,Student
CUST10610,Delhi,Consumer
CUST10611,Bhopal,Consumer
CUST10612,Nagpur,Corporate
CUST10613,Kanpur,Student
CUST10614,Rajkot,Small Business
CUST10615,Jodhpur,Student
CUST10616,Vadodara,Corporate
CUST10617,Visakhapatnam,Consumer
CUST10618,Kolkata,Small Business
CUST10619,Trivandrum,Corporate
CUST10620,Visakhapatnam,Small Business
CUST10621,Nashik,Small Business
CUST10622,Kanpur,Student
CUST10623,Pune,Student
CUST10624,Lucknow,Corporate
CUST10625,Noida,Corporate
CUST10626,Coimbatore,Small Business
CUST10627,Bhopal,Student
CUST10628,Ahmedabad,Small Business
CUST10629,Kanpur,Corporate
CUST10630,Jodhpur,Corporate
CUST10631,Mumbai,Consumer
CUST10632,Indore,Student
CUST10633,Hyderabad,Student
CUST10634,Madurai,Corporate
CUST10635,Ahmedabad,Small Business
CUST10636,Rajkot,Student
CUST10637,Delhi,Corporate
CUST10638,Chandigarh,Corporate
CUST10639,Visakhapatnam,Corporate
CUST10640,Kanpur,Small Business
CUST10641,Kanpur,Corporate
CUST10642,Rajkot,Small Business
CUST10643,Rajkot,Small Business
CUST10644,Mumbai,Consumer
CUST10645,Jaipur,Small Business
CUST10646,Visakhapatnam,Student
CUST10647,Hyderabad,Student
CUST10648,Ahmedabad,Corporate
CUST10649,Pune,Consumer
CUST10650,Chandigarh,Student
CUST10651,Indore,Corporate
CUST10652,Rajkot,Student
CUST10653,Mumbai,Corporate
CUST10654,Nagpur,Corporate
CUST10655,Bangalore,Small Business
CUST10656,Chennai,Small Business
CUST10657,Hyderabad,Corporate
CUST10658,Madurai,Corporate
CUST10659,Thane,Student
CUST10660,Lucknow,Corporate
CUST10661,Jaipur,Corporate
CUST10662,Nashik,Small Business
CUST10663,Jodhpur,Student
CUST10664,Bhopal,Small Business
CUST10665,Pune,Corporate
CUST10666,Delhi,Corporate
CUST10667,Chennai,Corporate
CUST10668,Kochi,Small Business
CUST10669,Vadodara,Student
CUST10670,Mumbai,Student
CUST10671,Jodhpur,Student
CUST10672,Kochi,Small Business
CUST10673,Thane,Student
CUST10674,Patna,Corporate
CUST10675,Nagpur,Consumer
CUST10676,Pune,Corporate
CUST10677,Lucknow,Student
CUST10678,Kochi,Small Business
CUST10679,Nagpur,Small Business
CUST10680,Kolkata,Small Business
CUST10681,Chandigarh,Student
CUST10682,Ahmedabad,Student
CUST10683,Bhopal,Consumer
CUST10684,Kochi,Student
CUST10685,Vadodara,Student
CUST10686,Lucknow,Student
CUST10687,Bangalore,Consumer
CUST10688,Surat,Student
CUST10689,Lucknow,Consumer
CUST10690,Kanpur,Student
CUST10691,Bhopal,Small Business
CUST10692,Kochi,Small Business
CUST10693,Pune,Corporate
CUST10694,Chennai,Student
CUST10695,Chandigarh,Corporate
CUST10696,Kanpur,Student
CUST10697,Pune,Student
CUST10698,Pune,Consumer
CUST10699,Bhopal,Consumer
CUST10700,Kochi,Corporate
CUST10701,Patna,Corporate
CUST10702,Indore,Consumer
CUST10703,Patna,Small Business
CUST10704,Indore,Corporate
CUST10705,Nagpur,Student
CUST10706,Nagpur,Consumer
CUST10707,Pune,Student
CUST10708,Patna,Corporate
CUST10709,Indore,Consumer
CUST10710,Kochi,Consumer
CUST10711,Noida,Small Business
CUST10712,Surat,Student
CUST10713,Kanpur,Student
CUST10714,Jodhpur,Student
CUST10715,Chandigarh,Small Business
CUST10716,Jodhpur,Consumer
CUST10717,Mysore,Small Business
CUST10718,Kanpur,Consumer
CUST10719,Jaipur,Corporate
CUST10720,Bangalore,Student
CUST10721,Mysore,Student
CUST10722,Patna,Consumer
CUST10723,Madurai,Consumer
CUST10724,Thane,Student
CUST10725,Indore,Small Business
CUST10726,Bhopal,Small Business
CUST10727,Patna,Student
CUST10728,Trivandrum,Corporate
CUST10729,Visakhapatnam,Corporate
CUST10730,Kanpur,Student
CUST10731,Rajkot,Corporate
CUST10732,Nashik,Small Business
CUST10733,Kanpur,Corporate
CUST10734,Hyderabad,Corporate
CUST10735,Delhi,Corporate
CUST10736,Chennai,Corporate
CUST10737,Pune,Student
CUST10738,Hyderabad,Corporate
CUST10739,Nagpur,Corporate
CUST10740,Bhopal,Small Business
CUST10741,Kanpur,Small Business
CUST10742,Nagpur,Consumer
CUST10743,Nashik,Consumer
CUST10744,Chandigarh,Consumer
CUST10745,Jaipur,Consumer
CUST10746,Ahmedabad,Small Business
CUST10747,Mumbai,Corporate
CUST10748,Chandigarh,Student
CUST10749,Pune,Student
CUST10750,Jaipur,Small Business
CUST10751,Trivandrum,Corporate
CUST10752,Vadodara,Small Business
CUST10753,Madurai,Small Business
CUST10754,Indore,Corporate
CUST10755,Rajkot,Student
CUST10756,Lucknow,Small Business
CUST10757,Jodhpur,Student
CUST10758,Surat,Student
CUST10759,Bhopal,Corporate
CUST10760,Pune,Consumer
CUST10761,Chandigarh,Student
CUST10762,Visakhapatnam,Corporate
CUST10763,Indore,Corporate
CUST10764,Patna,Small Business
CUST10765,Chandigarh,Corporate
CUST10766,Trivandrum,Student
CUST10767,Mumbai,Consumer
CUST10768,Pune,Corporate
CUST10769,Mysore,Corporate
CUST10770,Vadodara,Consumer
CUST10771,Bangalore,Consumer
CUST10772,Chandigarh,Corporate
CUST10773,Visakhapatnam,Student
CUST10774,Jaipur,Consumer
CUST10775,Jaipur,Small Business
CUST10776,Vadodara,Corporate
CUST10777,Kochi,Student
CUST10778,Ahmedabad,Student
CUST10779,Jaipur,Small Business
CUST10780,Thane,Corporate
CUST10781,Surat,Corporate
CUST10782,Chennai,Small Business
CUST10783,Vadodara,Consumer
CUST10784,Patna,Corporate
CUST10785,Vadodara,Student
CUST10786,Thane,Student
CUST10787,Delhi,Student
CUST10788,Madurai,Consumer
CUST10789,Lucknow,Consumer
CUST10790,Gurgaon,Small Business
CUST10791,Coimbatore,Small Business
CUST10792,Madurai,Consumer
CUST10793,Surat,Student
CUST10794,Gurgaon,Consumer
CUST10795,Gurgaon,Consumer
CUST10796,Jaipur,Student
CUST10797,Kanpur,Consumer
CUST10798,Patna,Small Business
CUST10799,Mysore,Small Business
CUST10800,Noida,Small Business
CUST10801,Kochi,Consumer
CUST10802,Kolkata,Small Business
CUST10803,Vadodara,Student
CUST10804,Jodhpur,Small Business
CUST10805,Nashik,Small Business
CUST10806,Thane,Corporate
CUST10807,Lucknow,Corporate
CUST10808,Gurgaon,Student
CUST10809,Bhopal,Small Business
CUST10810,Chennai,Small Business
CUST10811,Bhopal,Student
CUST10812,Thane,Small Business
CUST10813,Kanpur,Small Business
CUST10814,Trivandrum,Student
CUST10815,Chandigarh,Small Business
CUST10816,Coimbatore,Corporate
CUST10817,Lucknow,Small Business
CUST10818,Trivandrum,Consumer
CUST10819,Trivandrum,Small Business
CUST10820,Nagpur,Corporate
CUST10821,Mumbai,Corporate
CUST10822,Bangalore,Student
CUST10823,Chandigarh,Corporate
CUST10824,Bangalore,Small Business
CUST10825,Chandigarh,Student
CUST10826,Mumbai,Corporate
CUST10827,Lucknow,Consumer
CUST10828,Surat,Student
CUST10829,Kolkata,Corporate
CUST10830,Coimbatore,Small Business
CUST10831,Thane,Student
CUST10832,Chennai,Small Business
CUST10833,Hyderabad,Consumer
CUST10834,Kanpur,Consumer
CUST10835,Indore,Corporate
CUST10836,Bhopal,Small Business
CUST10837,Mysore,Corporate
CUST10838,Nashik,Student
CUST10839,Rajkot,Student
CUST10840,Kanpur,Corporate
CUST10841,Delhi,Small Business
CUST10842,Madurai,Consumer
CUST10843,Kolkata,Consumer
CUST10844,Patna,Consumer
CUST10845,Noida,Corporate
CUST10846,Patna,Student
CUST10847,Jaipur,Corporate
CUST10848,Thane,Student
CUST10849,Ahmedabad,Corporate
CUST10850,Jodhpur,Student
CUST10851,Nagpur,Corporate
CUST10852,Coimbatore,Consumer
CUST10853,Chandigarh,Small Business
CUST10854,Patna,Corporate
CUST10855,Jodhpur,Consumer
CUST10856,Mumbai,Student
CUST10857,Kolkata,Consumer
CUST10858,Kanpur,Student
CUST10859,Thane,Small Business
CUST10860,Bangalore,Consumer
CUST10861,Delhi,Corporate
CUST10862,Hyderabad,Small Business
CUST10863,Nashik,Small Business
CUST10864,Vadodara,Consumer
CUST10865,Visakhapatnam,Small Business
CUST10866,Visakhapatnam,Consumer
CUST10867,Jodhpur,Corporate
CUST10868,Patna,Corporate
CUST10869,Lucknow,Small Business
CUST10870,Lucknow,Student
CUST10871,Rajkot,Corporate
CUST10872,Trivandrum,Corporate
CUST10873,Rajkot,Corporate
CUST10874,Delhi,Consumer
CUST10875,Coimbatore,Small Business
CUST10876,Mysore,Student
CUST10877,Jaipur,Student
CUST10878,Chandigarh,Student
CUST10879,Chandigarh,Student
CUST10880,Hyderabad,Small Business
CUST10881,Indore,Small Business
CUST10882,Pune,Small Business
CUST10883,Kolkata,Consumer
CUST10884,Trivandrum,Student
CUST10885,Delhi,Student
CUST10886,Madurai,Corporate
CUST10887,Chennai,Student
CUST10888,Kanpur,Student
CUST10889,Bangalore,Corporate
CUST10890,Ahmedabad,Student
CUST10891,Kochi,Corporate
CUST10892,Indore,Consumer
CUST10893,Hyderabad,Corporate
CUST10894,Nashik,Small Business
CUST10895,Pune,Small Business
CUST10896,Surat,Consumer
CUST10897,Kochi,Consumer
CUST10898,Patna,Student
CUST10899,Bangalore,Consumer
CUST10900,Noida,Corporate
CUST10901,Nagpur,Student
CUST10902,Coimbatore,Corporate
CUST10903,Kanpur,Small Business
CUST10904,Nagpur,Corporate
CUST10905,Nashik,Corporate
CUST10906,Jodhpur,Small Business
CUST10907,Chennai,Small Business
CUST10908,Madurai,Small Business
CUST10909,Jodhpur,Small Business
CUST10910,Chandigarh,Small Business
CUST10911,Thane,Consumer
CUST10912,Mumbai,Consumer
CUST10913,Chandigarh,Consumer
CUST10914,Surat,Student
CUST10915,Delhi,Small Business
CUST10916,Indore,Corporate
CUST10917,Chandigarh,Student
CUST10918,Pune,Corporate
CUST10919,Chandigarh,Student
CUST10920,Kochi,Corporate
CUST10921,Mysore,Consumer
CUST10922,Nashik,Consumer
CUST10923,Lucknow,Consumer
CUST10924,Rajkot,Student
CUST10925,Jodhpur,Student
CUST10926,Pune,Corporate
CUST10927,Chennai,Student
CUST10928,Bangalore,Consumer
CUST10929,Thane,Small Business
CUST10930,Ahmedabad,Small Business
CUST10931,Delhi,Consumer
CUST10932,Lucknow,Student
CUST10933,Mysore,Student
CUST10934,Thane,Small Business
CUST10935,Nagpur,Student
CUST10936,Noida,Student
CUST10937,Ahmedabad,Student
CUST10938,Thane,Corporate
CUST10939,Mysore,Student
CUST10940,Nagpur,Corporate
CUST10941,Patna,Small Business
CUST10942,Hyderabad,Student
CUST10943,Noida,Student
CUST10944,Indore,Corporate
CUST10945,Surat,Student
CUST10946,Indore,Student
CUST10947,Coimbatore,Small Business
CUST10948,Kanpur,Corporate
CUST10949,Vadodara,Student
CUST10950,Ahmedabad,Consumer
CUST10951,Thane,Student
CUST10952,Nashik,Student
CUST10953,Delhi,Student
CUST10954,Noida,Student
CUST10955,Bhopal,Student
CUST10956,Indore,Corporate
CUST10957,Jaipur,Student
CUST10958,Jodhpur,Small Business
CUST10959,Chandigarh,Small Business
CUST10960,Noida,Small Business
CUST10961,Patna,Small Business
CUST10962,Noida,Student
CUST10963,Pune,Consumer
CUST10964,Rajkot,Student
CUST10965,Thane,Consumer
CUST10966,Mysore,Corporate
CUST10967,Madurai,Small Business
CUST10968,Trivandrum,Student
CUST10969,Kanpur,Student
CUST10970,Kanpur,Student
CUST10971,Patna,Consumer
CUST10972,Kanpur,Student
CUST10973,Bhopal,Student
CUST10974,Kanpur,Corporate
CUST10975,Mumbai,Corporate
CUST10976,Ahmedabad,Small Business
CUST10977,Lucknow,Small Business
CUST10978,Nagpur,Student
CUST10979,Mysore,Small Business
CUST10980,Kolkata,Corporate
CUST10981,Visakhapatnam,Consumer
CUST10982,Kochi,Small Business
CUST10983,Vadodara,Corporate
CUST10984,Mysore,Consumer
CUST10985,Bangalore,Corporate
CUST10986,Vadodara,Consumer
CUST10987,Rajkot,Corporate
CUST10988,Kolkata,Student
CUST10989,Vadodara,Corporate
CUST10990,Noida,Corporate
CUST10991,Lucknow,Corporate
CUST10992,Indore,Corporate
CUST10993,Chennai,Consumer
CUST10994,Nashik,Small Business
CUST10995,Indore,Student
CUST10996,Visakhapatnam,Small Business
CUST10997,Thane,Small Business
CUST10998,Thane,Small Business
CUST10999,Noida,Small Business
CUST11000,Coimbatore,Student
CUST11001,Nashik,Consumer
CUST11002,Madurai,Student
CUST11003,Kanpur,Student
CUST11004,Pune,Corporate
CUST11005,Kanpur,Small Business
CUST11006,Indore,Student
CUST11007,Surat,Small Business
CUST11008,Indore,Student
CUST11009,Pune,Corporate
CUST11010,Rajkot,Small Business
CUST11011,Nagpur,Small Business
CUST11012,Lucknow,Corporate
CUST11013,Patna,Corporate
CUST11014,Lucknow,Small Business
CUST11015,Mysore,Corporate
CUST11016,Noida,Small Business
CUST11017,Kochi,Consumer
CUST11018,Hyderabad,Small Business
CUST11019,Thane,Small Business
CUST11020,Pune,Student
CUST11021,Surat,Corporate
CUST11022,Trivandrum,Small Business
CUST11023,Chennai,Student
CUST11024,Lucknow,Student
CUST11025,Vadodara,Student
CUST11026,Jodhpur,Consumer
CUST11027,Thane,Small Business
CUST11028,Jodhpur,Student
CUST11029,Pune,Consumer
CUST11030,Jaipur,Small Business
CUST11031,Mysore,Corporate
CUST11032,Delhi,Small Business
CUST11033,Indore,Consumer
CUST11034,Kolkata,Student
CUST11035,Bangalore,Corporate
CUST11036,Bangalore,Student
CUST11037,Ahmedabad,Consumer
CUST11038,Lucknow,Consumer
CUST11039,Surat,Consumer
CUST11040,Coimbatore,Small Business
CUST11041,Chennai,Student
CUST11042,Jaipur,Consumer
CUST11043,Gurgaon,Student
CUST11044,Mysore,Corporate
CUST11045,Hyderabad,Small Business
CUST11046,Gurgaon,Consumer
CUST11047,Indore,Small Business
CUST11048,Jaipur,Student
CUST11049,Thane,Consumer
CUST11050,Thane,Corporate
CUST11051,Kochi,Small Business
CUST11052,Surat,Student
CUST11053,Surat,Corporate
CUST11054,Mysore,Student
CUST11055,Kochi,Student
CUST11056,Rajkot,Student
CUST11057,Coimbatore,Small Business
CUST11058,Mumbai,Student
CUST11059,Patna,Consumer
CUST11060,Vadodara,Corporate
CUST11061,Bangalore,Consumer
CUST11062,Chennai,Consumer
CUST11063,Visakhapatnam,Small Business
CUST11064,Bhopal,Small Business
CUST11065,Bhopal,Corporate
CUST11066,Nagpur,Small Business
CUST11067,Hyderabad,Corporate
CUST11068,Nashik,Consumer
CUST11069,Visakhapatnam,Small Business
CUST11070,Trivandrum,Corporate
CUST11071,Kochi,Corporate
CUST11072,Vadodara,Corporate
CUST11073,Vadodara,Small Business
CUST11074,Hyderabad,Corporate
CUST11075,Jaipur,Small Business
CUST11076,Trivandrum,Corporate
CUST11077,Pune,Corporate
CUST11078,Ahmedabad,Student
CUST11079,Chennai,Corporate
CUST11080,Vadodara,Consumer
CUST11081,Trivandrum,Small Business
CUST11082,Vadodara,Corporate
CUST11083,Noida,Corporate
CUST11084,Nagpur,Consumer
CUST11085,Vadodara,Student
CUST11086,Jaipur,Consumer
CUST11087,Patna,Student
CUST11088,Lucknow,Corporate
CUST11089,Patna,Student
CUST11090,Lucknow,Student
CUST11091,Kochi,Student
CUST11092,Nashik,Student
CUST11093,Ahmedabad,Consumer
CUST11094,Visakhapatnam,Consumer
CUST11095,Kanpur,Small Business
CUST11096,Patna,Student
CUST11097,Noida,Consumer
CUST11098,Kochi,Student
CUST11099,Bangalore,Corporate
CUST11100,Lucknow,Student
CUST11101,Chandigarh,Small Business
CUST11102,Chandigarh,Small Business
CUST11103,Kochi,Corporate
CUST11104,Pune,Student
CUST11105,Patna,Consumer
CUST11106,Madurai,Corporate
CUST11107,Lucknow,Small Business
CUST11108,Vadodara,Student
CUST11109,Noida,Student
CUST11110,Kanpur,Corporate
CUST11111,Kochi,Small Business
CUST11112,Trivandrum,Corporate
CUST11113,Coimbatore,Consumer
CUST11114,Noida,Consumer
CUST11115,Kanpur,Corporate
CUST11116,Ahmedabad,Corporate
CUST11117,Jodhpur,Corporate
CUST11118,Madurai,Student
CUST11119,Kanpur,Student
CUST11120,Mumbai,Small Business
CUST11121,Chennai,Small Business
CUST11122,Surat,Small Business
CUST11123,Mumbai,Student
CUST11124,Bhopal,Student
CUST11125,Chandigarh,Student
CUST11126,Bangalore,Student
CUST11127,Gurgaon,Consumer
CUST11128,Jodhpur,Student
CUST11129,Jodhpur,Student
CUST11130,Nashik,Small Business
CUST11131,Nashik,Student
CUST11132,Pune,Consumer
CUST11133,Jodhpur,Consumer
CUST11134,Noida,Student
CUST11135,Delhi,Student
CUST11136,Kolkata,Consumer
CUST11137,Delhi,Corporate
CUST11138,Nagpur,Corporate
CUST11139,Patna,Student
CUST11140,Mumbai,Student
CUST11141,Delhi,Consumer
CUST11142,Nagpur,Consumer
CUST11143,Bangalore,Small Business
CUST11144,Mumbai,Small Business
CUST11145,Vadodara,Corporate
CUST11146,Patna,Consumer
CUST11147,Rajkot,Corporate
CUST11148,Lucknow,Student
CUST11149,Pune,Consumer
CUST11150,Trivandrum,Student
CUST11151,Jodhpur,Corporate
CUST11152,Kanpur,Student
CUST11153,Trivandrum,Small Business
CUST11154,Trivandrum,Corporate
CUST11155,Kolkata,Consumer
CUST11156,Kochi,Small Business
CUST11157,Ahmedabad,Consumer
CUST11158,Kochi,Corporate
CUST11159,Ahmedabad,Consumer
CUST11160,Hyderabad,Student
CUST11161,Kochi,Student
CUST11162,Vadodara,Corporate
CUST11163,Kolkata,Corporate
CUST11164,Jaipur,Student
CUST11165,Chennai,Student
CUST11166,Chandigarh,Consumer
CUST11167,Kanpur,Corporate
CUST11168,Bhopal,Student
CUST11169,Ahmedabad,Small Business
CUST11170,Chennai,Small Business
CUST11171,Chennai,Consumer
CUST11172,Ahmedabad,Small Business
CUST11173,Thane,Consumer
CUST11174,Kochi,Small Business
CUST11175,Bangalore,Student
CUST11176,Nashik,Corporate
CUST11177,Chandigarh,Consumer
CUST11178,Nagpur,Student
CUST11179,Bhopal,Consumer
CUST11180,Bhopal,Consumer
CUST11181,Noida,Consumer
CUST11182,Pune,Student
CUST11183,Nashik,Student
CUST11184,Nashik,Small Business
CUST11185,Kanpur,Consumer
CUST11186,Trivandrum,Consumer
CUST11187,Kochi,Consumer
CUST11188,Delhi,Consumer
CUST11189,Bhopal,Student
CUST11190,Pune,Corporate
CUST11191,Bhopal,Student
CUST11192,Delhi,Consumer
CUST11193,Trivandrum,Small Business
CUST11194,Kochi,Student
CUST11195,Jodhpur,Consumer
CUST11196,Chandigarh,Small Business
CUST11197,Visakhapatnam,Consumer
CUST11198,Pune,Consumer
CUST11199,Mumbai,Student
CUST11200,Madurai,Small Business
CUST11201,Jodhpur,Consumer
CUST11202,Kanpur,Corporate
CUST11203,Mysore,Corporate
CUST11204,Mumbai,Corporate
CUST11205,Lucknow,Small Business
CUST11206,Jodhpur,Student
CUST11207,Rajkot,Corporate
CUST11208,Trivandrum,Consumer
CUST11209,Hyderabad,Student
CUST11210,Madurai,Corporate
CUST11211,Pune,Student
CUST11212,Pune,Corporate
CUST11213,Ahmedabad,Corporate
CUST11214,Trivandrum,Corporate
CUST11215,Kanpur,Small Business
CUST11216,Gurgaon,Student
CUST11217,Kochi,Student
CUST11218,Visakhapatnam,Student
CUST11219,Kanpur,Corporate
CUST11220,Delhi,Consumer
CUST11221,Indore,Corporate
CUST11222,Jodhpur,Student
CUST11223,Lucknow,Student
CUST11224,Delhi,Corporate
CUST11225,Coimbatore,Student
CUST11226,Trivandrum,Corporate
CUST11227,Surat,Consumer
CUST11228,Vadodara,Corporate
CUST11229,Rajkot,Small Business
CUST11230,Ahmedabad,Consumer
CUST11231,Kolkata,Corporate
CUST11232,Surat,Consumer
CUST11233,Thane,Consumer
CUST11234,Rajkot,Small Business
CUST11235,Mumbai,Corporate
CUST11236,Jodhpur,Small Business
CUST11237,Patna,Corporate
CUST11238,Visakhapatnam,Consumer
CUST11239,Kochi,Student
CUST11240,Jaipur,Student
CUST11241,Gurgaon,Student
CUST11242,Delhi,Consumer
CUST11243,Chennai,Small Business
CUST11244,Chennai,Student
CUST11245,Ahmedabad,Corporate
CUST11246,Mumbai,Corporate
CUST11247,Mumbai,Small Business
CUST11248,Pune,Corporate
CUST11249,Rajkot,Corporate
CUST11250,Lucknow,Small Business
CUST11251,Mumbai,Consumer
CUST11252,Chennai,Consumer
CUST11253,Nagpur,Small Business
CUST11254,Lucknow,Consumer
CUST11255,Lucknow,Student
CUST11256,Gurgaon,Small Business
CUST11257,Hyderabad,Corporate
CUST11258,Nashik,Small Business
CUST11259,Nashik,Student
CUST11260,Pune,Student
CUST11261,Surat,Corporate
CUST11262,Mumbai,Corporate
CUST11263,Visakhapatnam,Consumer
CUST11264,Mumbai,Small Business
CUST11265,Nagpur,Corporate
CUST11266,Madurai,Consumer
CUST11267,Madurai,Small Business
CUST11268,Vadodara,Corporate
CUST11269,Nagpur,Corporate
CUST11270,Mumbai,Consumer
CUST11271,Hyderabad,Corporate
CUST11272,Indore,Student
CUST11273,Bhopal,Student
CUST11274,Jodhpur,Small Business
CUST11275,Indore,Consumer
CUST11276,Vadodara,Consumer
CUST11277,Trivandrum,Consumer
CUST11278,Lucknow,Consumer
CUST11279,Patna,Small Business
CUST11280,Chandigarh,Student
CUST11281,Noida,Small Business
CUST11282,Visakhapatnam,Corporate
CUST11283,Thane,Small Business
CUST11284,Delhi,Consumer
CUST11285,Noida,Consumer
CUST11286,Kolkata,Consumer
CUST11287,Mysore,Consumer
CUST11288,Nagpur,Consumer
CUST11289,Patna,Student
CUST11290,Madurai,Small Business
CUST11291,Hyderabad,Corporate
CUST11292,Nagpur,Consumer
CUST11293,Surat,Small Business
CUST11294,Hyderabad,Consumer
CUST11295,Kochi,Corporate
CUST11296,Jaipur,Corporate
CUST11297,Thane,Corporate
CUST11298,Vadodara,Consumer
CUST11299,Surat,Student
CUST11300,Gurgaon,Corporate
CUST11301,Mumbai,Student
CUST11302,Mumbai,Small Business
CUST11303,Vadodara,Corporate
CUST11304,Trivandrum,Corporate
CUST11305,Rajkot,Student
CUST11306,Surat,Student
CUST11307,Lucknow,Consumer
CUST11308,Coimbatore,Corporate
CUST11309,Pune,Corporate
CUST11310,Visakhapatnam,Student
CUST11311,Gurgaon,Small Business
CUST11312,Madurai,Corporate
CUST11313,Gurgaon,Corporate
CUST11314,Kanpur,Small Business
CUST11315,Visakhapatnam,Corporate
CUST11316,Kanpur,Student
CUST11317,Ahmedabad,Consumer
CUST11318,Kanpur,Student
CUST11319,Trivandrum,Corporate
CUST11320,Indore,Student
CUST11321,Noida,Corporate
CUST11322,Kolkata,Consumer
CUST11323,Mysore,Consumer
CUST11324,Bhopal,Corporate
CUST11325,Mumbai,Student
CUST11326,Noida,Small Business
CUST11327,Indore,Consumer
CUST11328,Jodhpur,Student
CUST11329,Vadodara,Small Business
CUST11330,Pune,Student
CUST11331,Hyderabad,Student
CUST11332,Ahmedabad,Small Business
CUST11333,Hyderabad,Small Business
CUST11334,Mysore,Corporate
CUST11335,Surat,Corporate
CUST11336,Rajkot,Small Business
CUST11337,Vadodara,Corporate
CUST11338,Noida,Corporate
CUST11339,Chennai,Small Business
CUST11340,Ahmedabad,Student
CUST11341,Nagpur,Small Business
CUST11342,Kanpur,Small Business
CUST11343,Lucknow,Corporate
CUST11344,Bangalore,Student
CUST11345,Bangalore,Student
CUST11346,Kolkata,Small Business
CUST11347,Delhi,Corporate
CUST11348,Patna,Small Business
CUST11349,Hyderabad,Student
CUST11350,Jaipur,Small Business
CUST11351,Patna,Consumer
CUST11352,Delhi,Corporate
CUST11353,Hyderabad,Student
CUST11354,Vadodara,Student
CUST11355,Delhi,Small Business
CUST11356,Bhopal,Corporate
CUST11357,Lucknow,Consumer
CUST11358,Chennai,Corporate
CUST11359,Delhi,Corporate
CUST11360,Chandigarh,Small Business
CUST11361,Kolkata,Student
CUST11362,Lucknow,Corporate
CUST11363,Gurgaon,Student
CUST11364,Bangalore,Consumer
CUST11365,Surat,Small Business
CUST11366,Trivandrum,Corporate
CUST11367,Bhopal,Student
CUST11368,Mumbai,Corporate
CUST11369,Delhi,Small Business
CUST11370,Thane,Student
CUST11371,Chennai,Student
CUST11372,Gurgaon,Small Business
CUST11373,Visakhapatnam,Consumer
CUST11374,Nagpur,Consumer
CUST11375,Rajkot,Student
CUST11376,Nashik,Consumer
CUST11377,Bhopal,Student
CUST11378,Madurai,Consumer
CUST11379,Bhopal,Small Business
CUST11380,Coimbatore,Student
CUST11381,Mumbai,Corporate
CUST11382,Surat,Small Business
CUST11383,Mysore,Student
CUST11384,Noida,Student
CUST11385,Mumbai,Consumer
CUST11386,Chennai,Corporate
CUST11387,Lucknow,Consumer
CUST11388,Pune,Corporate
CUST11389,Lucknow,Small Business
CUST11390,Nashik,Small Business
CUST11391,Nagpur,Small Business
CUST11392,Coimbatore,Small Business
CUST11393,Mumbai,Corporate
CUST11394,Hyderabad,Small Business
CUST11395,Kanpur,Consumer
CUST11396,Indore,Student
CUST11397,Chandigarh,Corporate
CUST11398,Ahmedabad,Student
CUST11399,Kochi,Small Business
CUST11400,Madurai,Small Business
CUST11401,Madurai,Student
CUST11402,Nagpur,Consumer
CUST11403,Patna,Student
CUST11404,Mysore,Consumer
CUST11405,Coimbatore,Student
CUST11406,Nashik,Small Business
CUST11407,Kolkata,Small Business
CUST11408,Delhi,Corporate
CUST11409,Ahmedabad,Student
CUST11410,Nashik,Consumer
CUST11411,Chennai,Small Business
CUST11412,Pune,Consumer
CUST11413,Gurgaon,Small Business
CUST11414,Kochi,Consumer
CUST11415,Vadodara,Small Business
CUST11416,Chennai,Consumer
CUST11417,Trivandrum,Corporate
CUST11418,Pune,Corporate
CUST11419,Pune,Student
CUST11420,Gurgaon,Small Business
CUST11421,Chennai,Student
CUST11422,Mysore,Corporate
CUST11423,Chennai,Small Business
CUST11424,Rajkot,Corporate
CUST11425,Jaipur,Corporate
CUST11426,Patna,Consumer
CUST11427,Lucknow,Student
CUST11428,Chandigarh,Small Business
CUST11429,Coimbatore,Consumer
CUST11430,Nashik,Student
CUST11431,Mumbai,Small Business
CUST11432,Chennai,Student
CUST11433,Kanpur,Small Business
CUST11434,Mumbai,Small Business
CUST11435,Trivandrum,Student
CUST11436,Kochi,Consumer
CUST11437,Thane,Small Business
CUST11438,Bangalore,Corporate
CUST11439,Madurai,Corporate
CUST11440,Mumbai,Corporate
CUST11441,Kolkata,Consumer
CUST11442,Rajkot,Corporate
CUST11443,Chandigarh,Student
CUST11444,Thane,Corporate
CUST11445,Rajkot,Small Business
CUST11446,Patna,Corporate
CUST11447,Delhi,Consumer
CUST11448,Rajkot,Corporate
CUST11449,Bhopal,Corporate
CUST11450,Noida,Small Business
CUST11451,Nagpur,Consumer
CUST11452,Pune,Consumer
CUST11453,Coimbatore,Small Business
CUST11454,Visakhapatnam,Consumer
CUST11455,Vadodara,Corporate
CUST11456,Kolkata,Corporate
CUST11457,Madurai,Small Business
CUST11458,Nagpur,Consumer
CUST11459,Bhopal,Student
CUST11460,Bangalore,Corporate
CUST11461,Pune,Consumer
CUST11462,Mumbai,Small Business
CUST11463,Delhi,Corporate
CUST11464,Kolkata,Corporate
CUST11465,Nagpur,Corporate
CUST11466,Hyderabad,Small Business
CUST11467,Trivandrum,Corporate
CUST11468,Trivandrum,Small Business
CUST11469,Bhopal,Consumer
CUST11470,Jodhpur,Student
CUST11471,Patna,Small Business
CUST11472,Chennai,Consumer
CUST11473,Indore,Corporate
CUST11474,Thane,Consumer
CUST11475,Trivandrum,Small Business
CUST11476,Trivandrum,Student
CUST11477,Ahmedabad,Small Business
CUST11478,Noida,Small Business
CUST11479,Chandigarh,Student
CUST11480,Chandigarh,Corporate
CUST11481,Nagpur,Consumer
CUST11482,Jodhpur,Student
CUST11483,Noida,Corporate
CUST11484,Gurgaon,Corporate
CUST11485,Hyderabad,Consumer
CUST11486,Mumbai,Student
CUST11487,Kolkata,Student
CUST11488,Lucknow,Consumer
CUST11489,Rajkot,Student
CUST11490,Mysore,Corporate
CUST11491,Gurgaon,Student
CUST11492,Indore,Corporate
CUST11493,Delhi,Consumer
CUST11494,Jaipur,Student
CUST11495,Kochi,Consumer
CUST11496,Madurai,Consumer
CUST11497,Kochi,Small Business
CUST11498,Rajkot,Corporate
CUST11499,Kolkata,Corporate
CUST11500,Patna,Consumer
CUST11501,Ahmedabad,Corporate
CUST11502,Visakhapatnam,Consumer
CUST11503,Patna,Small Business
CUST11504,Delhi,Small Business
CUST11505,Lucknow,Student
CUST11506,Jaipur,Student
CUST11507,Hyderabad,Small Business
CUST11508,Nashik,Small Business
CUST11509,Thane,Corporate
CUST11510,Delhi,Corporate
CUST11511,Bangalore,Small Business
CUST11512,Bhopal,Corporate
CUST11513,Rajkot,Small Business
CUST11514,Jaipur,Corporate
CUST11515,Vadodara,Corporate
CUST11516,Vadodara,Small Business
CUST11517,Jodhpur,Small Business
CUST11518,Noida,Consumer
CUST11519,Mysore,Small Business
CUST11520,Ahmedabad,Corporate
CUST11521,Kochi,Corporate
CUST11522,Mysore,Student
CUST11523,Noida,Student
CUST11524,Ahmedabad,Student
CUST11525,Trivandrum,Student
CUST11526,Noida,Student
CUST11527,Vadodara,Consumer
CUST11528,Vadodara,Small Business
CUST11529,Coimbatore,Consumer
CUST11530,Nashik,Consumer
CUST11531,Kolkata,Small Business
CUST11532,Mysore,Small Business
CUST11533,Indore,Consumer
CUST11534,Nashik,Small Business
CUST11535,Vadodara,Consumer
CUST11536,Jodhpur,Corporate
CUST11537,Nashik,Corporate
CUST11538,Patna,Consumer
CUST11539,Trivandrum,Consumer
CUST11540,Surat,Student
CUST11541,Vadodara,Small Business
CUST11542,Jaipur,Student
CUST11543,Visakhapatnam,Student
CUST11544,Thane,Corporate
CUST11545,Hyderabad,Consumer
CUST11546,Pune,Student
CUST11547,Rajkot,Small Business
CUST11548,Jodhpur,Consumer
CUST11549,Pune,Student
CUST11550,Noida,Student
CUST11551,Kolkata,Small Business
CUST11552,Surat,Consumer
CUST11553,Pune,Consumer
CUST11554,Mysore,Student
CUST11555,Visakhapatnam,Consumer
CUST11556,Chennai,Student
CUST11557,Kanpur,Small Business
CUST11558,Surat,Small Business
CUST11559,Indore,Consumer
CUST11560,Delhi,Student
CUST11561,Trivandrum,Student
CUST11562,Surat,Consumer
CUST11563,Lucknow,Consumer
CUST11564,Mysore,Small Business
CUST11565,Mysore,Corporate
CUST11566,Gurgaon,Corporate
CUST11567,Pune,Consumer
CUST11568,Noida,Consumer
CUST11569,Kanpur,Consumer
CUST11570,Rajkot,Corporate
CUST11571,Mumbai,Small Business
CUST11572,Patna,Small Business
CUST11573,Bhopal,Small Business
CUST11574,Indore,Small Business
CUST11575,Coimbatore,Corporate
CUST11576,Hyderabad,Corporate
CUST11577,Chennai,Corporate
CUST11578,Gurgaon,Student
CUST11579,Chennai,Corporate
CUST11580,Trivandrum,Small Business
CUST11581,Nashik,Student
CUST11582,Trivandrum,Small Business
CUST11583,Patna,Small Business
CUST11584,Delhi,Corporate
CUST11585,Ahmedabad,Small Business
CUST11586,Gurgaon,Consumer
CUST11587,Bhopal,Student
CUST11588,Bhopal,Corporate
CUST11589,Nashik,Consumer
CUST11590,Patna,Small Business
CUST11591,Jodhpur,Corporate
CUST11592,Lucknow,Corporate
CUST11593,Kanpur,Consumer
CUST11594,Kochi,Small Business
CUST11595,Noida,Consumer
CUST11596,Ahmedabad,Corporate
CUST11597,Bhopal,Student
CUST11598,Chennai,Student
CUST11599,Chandigarh,Corporate
CUST11600,Nagpur,Student
CUST11601,Jaipur,Corporate
CUST11602,Visakhapatnam,Corporate
CUST11603,Visakhapatnam,Small Business
CUST11604,Trivandrum,Consumer
CUST11605,Thane,Consumer
CUST11606,Jaipur,Small Business
CUST11607,Trivandrum,Consumer
CUST11608,Surat,Corporate
CUST11609,Hyderabad,Consumer
CUST11610,Kochi,Corporate
CUST11611,Kanpur,Student
CUST11612,Rajkot,Consumer
CUST11613,Rajkot,Consumer
CUST11614,Mysore,Consumer
CUST11615,Thane,Corporate
CUST11616,Surat,Small Business
CUST11617,Nagpur,Consumer
CUST11618,Patna,Student
CUST11619,Vadodara,Student
CUST11620,Mumbai,Student
CUST11621,Kochi,Student
CUST11622,Kanpur,Corporate
CUST11623,Patna,Student
CUST11624,Jaipur,Consumer
CUST11625,Kanpur,Small Business
CUST11626,Surat,Student
CUST11627,Bhopal,Small Business
CUST11628,Jodhpur,Corporate
CUST11629,Mumbai,Corporate
CUST11630,Hyderabad,Student
CUST11631,Trivandrum,Small Business
CUST11632,Surat,Consumer
CUST11633,Vadodara,Student
CUST11634,Kolkata,Corporate
CUST11635,Kanpur,Small Business
CUST11636,Mumbai,Consumer
CUST11637,Chandigarh,Corporate
CUST11638,Hyderabad,Consumer
CUST11639,Kolkata,Consumer
CUST11640,Pune,Consumer
CUST11641,Pune,Corporate
CUST11642,Indore,Small Business
CUST11643,Nashik,Small Business
CUST11644,Nagpur,Small Business
CUST11645,Kolkata,Corporate
CUST11646,Chandigarh,Corporate
CUST11647,Kochi,Consumer
CUST11648,Jodhpur,Consumer
CUST11649,Delhi,Consumer
CUST11650,Jaipur,Corporate
CUST11651,Ahmedabad,Consumer
CUST11652,Patna,Consumer
CUST11653,Bangalore,Small Business
CUST11654,Mumbai,Consumer
CUST11655,Bhopal,Student
CUST11656,Pune,Corporate
CUST11657,Rajkot,Corporate
CUST11658,Kochi,Student
CUST11659,Patna,Consumer
CUST11660,Gurgaon,Small Business
CUST11661,Bangalore,Small Business
CUST11662,Rajkot,Student
CUST11663,Kanpur,Corporate
CUST11664,Bangalore,Small Business
CUST11665,Jaipur,Student
CUST11666,Kochi,Student
CUST11667,Indore,Small Business
CUST11668,Pune,Consumer
CUST11669,Bhopal,Student
CUST11670,Thane,Consumer
CUST11671,Rajkot,Corporate
CUST11672,Chennai,Consumer
CUST11673,Rajkot,Consumer
CUST11674,Kolkata,Corporate
CUST11675,Ahmedabad,Consumer
CUST11676,Indore,Consumer
CUST11677,Kochi,Small Business
CUST11678,Mysore,Student
CUST11679,Lucknow,Student
CUST11680,Thane,Corporate
CUST11681,Jaipur,Small Business
CUST11682,Nagpur,Consumer
CUST11683,Patna,Small Business
CUST11684,Surat,Consumer
CUST11685,Chandigarh,Student
CUST11686,Rajkot,Small Business
CUST11687,Hyderabad,Small Business
CUST11688,Pune,Student
CUST11689,Kolkata,Consumer
CUST11690,Mysore,Consumer
CUST11691,Jodhpur,Corporate
CUST11692,Jodhpur,Small Business
CUST11693,Gurgaon,Small Business
CUST11694,Kochi,Consumer
CUST11695,Mumbai,Student
CUST11696,Nagpur,Student
CUST11697,Jaipur,Corporate
CUST11698,Trivandrum,Consumer
CUST11699,Visakhapatnam,Corporate
CUST11700,Coimbatore,Corporate
CUST11701,Kochi,Consumer
CUST11702,Kochi,Corporate
CUST11703,Visakhapatnam,Corporate
CUST11704,Vadodara,Student
CUST11705,Chandigarh,Small Business
CUST11706,Vadodara,Consumer
CUST11707,Visakhapatnam,Corporate
CUST11708,Coimbatore,Small Business
CUST11709,Bhopal,Student
CUST11710,Chennai,Consumer
CUST11711,Nagpur,Student
CUST11712,Indore,Consumer
CUST11713,Bhopal,Small Business
CUST11714,Madurai,Corporate
CUST11715,Madurai,Consumer
CUST11716,Kochi,Small Business
CUST11717,Lucknow,Student
CUST11718,Kochi,Consumer
CUST11719,Coimbatore,Consumer
CUST11720,Madurai,Small Business
CUST11721,Jaipur,Consumer
CUST11722,Chandigarh,Small Business
CUST11723,Coimbatore,Consumer
CUST11724,Kolkata,Consumer
CUST11725,Hyderabad,Small Business
CUST11726,Indore,Corporate
CUST11727,Chennai,Small Business
CUST11728,Ahmedabad,Corporate
CUST11729,Kochi,Consumer
CUST11730,Visakhapatnam,Student
CUST11731,Mysore,Consumer
CUST11732,Lucknow,Student
CUST11733,Gurgaon,Student
CUST11734,Gurgaon,Consumer
CUST11735,Jaipur,Small Business
CUST11736,Surat,Small Business
CUST11737,Chandigarh,Small Business
CUST11738,Visakhapatnam,Consumer
CUST11739,Trivandrum,Consumer
CUST11740,Bangalore,Small Business
CUST11741,Rajkot,Corporate
CUST11742,Mumbai,Small Business
CUST11743,Visakhapatnam,Student
CUST11744,Jodhpur,Student
CUST11745,Pune,Student
CUST11746,Madurai,Student
CUST11747,Ahmedabad,Small Business
CUST11748,Jaipur,Small Business
CUST11749,Patna,Student
CUST11750,Bhopal,Corporate
CUST11751,Nagpur,Corporate
CUST11752,Coimbatore,Consumer
CUST11753,Vadodara,Corporate
CUST11754,Indore,Small Business
CUST11755,Mysore,Student
CUST11756,Kochi,Consumer
CUST11757,Jaipur,Student
CUST11758,Madurai,Small Business
CUST11759,Rajkot,Consumer
CUST11760,Jaipur,Consumer
CUST11761,Noida,Student
CUST11762,Trivandrum,Small Business
CUST11763,Surat,Consumer
CUST11764,Surat,Consumer
CUST11765,Ahmedabad,Student
CUST11766,Jodhpur,Student
CUST11767,Indore,Small Business
CUST11768,Visakhapatnam,Consumer
CUST11769,Kanpur,Student
CUST11770,Kolkata,Student
CUST11771,Bangalore,Student
CUST11772,Jaipur,Student
CUST11773,Delhi,Small Business
CUST11774,Chennai,Corporate
CUST11775,Delhi,Student
CUST11776,Ahmedabad,Consumer
CUST11777,Nagpur,Consumer
CUST11778,Thane,Small Business
CUST11779,Mumbai,Student
CUST11780,Visakhapatnam,Small Business
CUST11781,Noida,Corporate
CUST11782,Chandigarh,Small Business
CUST11783,Coimbatore,Corporate
CUST11784,Vadodara,Consumer
CUST11785,Trivandrum,Student
CUST11786,Trivandrum,Consumer
CUST11787,Pune,Small Business
CUST11788,Bangalore,Small Business
CUST11789,Jodhpur,Corporate
CUST11790,Mumbai,Student
CUST11791,Hyderabad,Consumer
CUST11792,Mysore,Corporate
CUST11793,Noida,Consumer
CUST11794,Hyderabad,Small Business
CUST11795,Chandigarh,Small Business
CUST11796,Jaipur,Corporate
CUST11797,Thane,Student
CUST11798,Nashik,Corporate
CUST11799,Kanpur,Corporate
CUST11800,Nagpur,Corporate
CUST11801,Chandigarh,Consumer
CUST11802,Gurgaon,Corporate
CUST11803,Mysore,Small Business
CUST11804,Nashik,Student
CUST11805,Patna,Small Business
CUST11806,Bhopal,Consumer
CUST11807,Bangalore,Corporate
CUST11808,Kolkata,Small Business
CUST11809,Madurai,Corporate
CUST11810,Delhi,Small Business
CUST11811,Visakhapatnam,Consumer
CUST11812,Patna,Small Business
CUST11813,Mumbai,Corporate
CUST11814,Rajkot,Consumer
CUST11815,Nagpur,Consumer
CUST11816,Nashik,Corporate
CUST11817,Delhi,Student
CUST11818,Jaipur,Corporate
CUST11819,Madurai,Consumer
CUST11820,Patna,Small Business
CUST11821,Nashik,Small Business
CUST11822,Mysore,Student
CUST11823,Indore,Consumer
CUST11824,Patna,Small Business
CUST11825,Gurgaon,Consumer
CUST11826,Bhopal,Small Business
CUST11827,Pune,Small Business
CUST11828,Chandigarh,Student
CUST11829,Indore,Consumer
CUST11830,Indore,Corporate
CUST11831,Chandigarh,Small Business
CUST11832,Kolkata,Consumer
CUST11833,Noida,Small Business
CUST11834,Chennai,Consumer
CUST11835,Kanpur,Small Business
CUST11836,Chandigarh,Small Business
CUST11837,Kochi,Corporate
CUST11838,Nagpur,Corporate
CUST11839,Rajkot,Consumer
CUST11840,Nagpur,Consumer
CUST11841,Noida,Student
CUST11842,Mysore,Corporate
CUST11843,Surat,Small Business
CUST11844,Bhopal,Consumer
CUST11845,Ahmedabad,Consumer
CUST11846,Hyderabad,Consumer
CUST11847,Coimbatore,Small Business
CUST11848,Jodhpur,Corporate
CUST11849,Ahmedabad,Student
CUST11850,Bangalore,Consumer
CUST11851,Mumbai,Consumer
CUST11852,Noida,Student
CUST11853,Chennai,Small Business
CUST11854,Thane,Small Business
CUST11855,Indore,Student
CUST11856,Bangalore,Student
CUST11857,Kanpur,Small Business
CUST11858,Trivandrum,Consumer
CUST11859,Chennai,Consumer
CUST11860,Bhopal,Student
CUST11861,Chennai,Consumer
CUST11862,Ahmedabad,Small Business
CUST11863,Nashik,Corporate
CUST11864,Surat,Small Business
CUST11865,Gurgaon,Small Business
CUST11866,Kolkata,Corporate
CUST11867,Kolkata,Student
CUST11868,Patna,Consumer
CUST11869,Nashik,Student
CUST11870,Chennai,Small Business
CUST11871,Vadodara,Student
CUST11872,Rajkot,Small Business
CUST11873,Patna,Student
CUST11874,Vadodara,Consumer
CUST11875,Kolkata,Corporate
CUST11876,Mysore,Student
CUST11877,Pune,Consumer
CUST11878,Chandigarh,Student
CUST11879,Surat,Student
CUST11880,Indore,Consumer
CUST11881,Chennai,Student
CUST11882,Surat,Corporate
CUST11883,Coimbatore,Consumer
CUST11884,Chennai,Small Business
CUST11885,Hyderabad,Consumer
CUST11886,Nagpur,Consumer
CUST11887,Kolkata,Consumer
CUST11888,Trivandrum,Consumer
CUST11889,Kanpur,Small Business
CUST11890,Pune,Small Business
CUST11891,Trivandrum,Corporate
CUST11892,Nashik,Corporate
CUST11893,Madurai,Consumer
CUST11894,Jodhpur,Small Business
CUST11895,Ahmedabad,Small Business
CUST11896,Coimbatore,Consumer
CUST11897,Coimbatore,Consumer
CUST11898,Chandigarh,Corporate
CUST11899,Vadodara,Student
CUST11900,Jaipur,Corporate
CUST11901,Mysore,Student
CUST11902,Coimbatore,Corporate
CUST11903,Ahmedabad,Small Business
CUST11904,Vadodara,Corporate
CUST11905,Jodhpur,Consumer
CUST11906,Bhopal,Student
CUST11907,Kochi,Corporate
CUST11908,Kanpur,Student
CUST11909,Vadodara,Consumer
CUST11910,Pune,Corporate
CUST11911,Indore,Consumer
CUST11912,Bhopal,Consumer
CUST11913,Madurai,Corporate
CUST11914,Pune,Student
CUST11915,Hyderabad,Consumer
CUST11916,Nagpur,Small Business
CUST11917,Surat,Student
CUST11918,Bangalore,Corporate
CUST11919,Indore,Consumer
CUST11920,Visakhapatnam,Corporate
CUST11921,Gurgaon,Corporate
CUST11922,Pune,Student
CUST11923,Gurgaon,Consumer
CUST11924,Coimbatore,Student
CUST11925,Thane,Corporate
CUST11926,Bhopal,Small Business
CUST11927,Ahmedabad,Corporate
CUST11928,Madurai,Corporate
CUST11929,Surat,Small Business
CUST11930,Jodhpur,Small Business
CUST11931,Bangalore,Consumer
CUST11932,Nashik,Consumer
CUST11933,Lucknow,Consumer
CUST11934,Hyderabad,Consumer
CUST11935,Jodhpur,Small Business
CUST11936,Bangalore,Consumer
CUST11937,Delhi,Small Business
CUST11938,Hyderabad,Student
CUST11939,Jaipur,Small Business
CUST11940,Bangalore,Student
CUST11941,Patna,Student
CUST11942,Mysore,Student
CUST11943,Noida,Corporate
CUST11944,Kochi,Small Business
CUST11945,Madurai,Small Business
CUST11946,Mumbai,Corporate
CUST11947,Mysore,Corporate
CUST11948,Chandigarh,Small Business
CUST11949,Surat,Consumer
CUST11950,Nashik,Small Business
CUST11951,Lucknow,Corporate
CUST11952,Bhopal,Student
CUST11953,Jodhpur,Consumer
CUST11954,Kanpur,Small Business
CUST11955,Delhi,Corporate
CUST11956,Lucknow,Small Business
CUST11957,Lucknow,Small Business
CUST11958,Chennai,Student
CUST11959,Jodhpur,Consumer
CUST11960,Vadodara,Corporate
CUST11961,Coimbatore,Student
CUST11962,Hyderabad,Small Business
CUST11963,Kolkata,Small Business
CUST11964,Chandigarh,Consumer
CUST11965,Kolkata,Corporate
CUST11966,Nagpur,Student
CUST11967,Thane,Consumer
CUST11968,Delhi,Student
CUST11969,Surat,Corporate
CUST11970,Surat,Small Business
CUST11971,Chandigarh,Consumer
CUST11972,Nashik,Corporate
CUST11973,Jodhpur,Student
CUST11974,Mysore,Corporate
CUST11975,Ahmedabad,Small Business
CUST11976,Bangalore,Student
CUST11977,Kolkata,Small Business
CUST11978,Visakhapatnam,Student
CUST11979,Thane,Small Business
CUST11980,Bangalore,Student
CUST11981,Patna,Consumer
CUST11982,Noida,Small Business
CUST11983,Mumbai,Consumer
CUST11984,Jaipur,Consumer
CUST11985,Nashik,Student
CUST11986,Delhi,Small Business
CUST11987,Indore,Consumer
CUST11988,Madurai,Small Business
CUST11989,Bangalore,Consumer
CUST11990,Kolkata,Small Business
CUST11991,Chandigarh,Corporate
CUST11992,Vadodara,Corporate
CUST11993,Mumbai,Student
CUST11994,Lucknow,Corporate
CUST11995,Trivandrum,Corporate
CUST11996,Jodhpur,Consumer
CUST11997,Mumbai,Student
CUST11998,Indore,Consumer
CUST11999,Chennai,Corporate
CUST12000,Visakhapatnam,Consumer
CUST12001,Delhi,Corporate
CUST12002,Pune,Student
CUST12003,Visakhapatnam,Consumer
CUST12004,Coimbatore,Student
CUST12005,Lucknow,Small Business
CUST12006,Indore,Student
CUST12007,Lucknow,Small Business
CUST12008,Kolkata,Consumer
CUST12009,Lucknow,Consumer
CUST12010,Kolkata,Corporate
CUST12011,Pune,Corporate
CUST12012,Nashik,Small Business
CUST12013,Patna,Corporate
CUST12014,Bhopal,Student
CUST12015,Kanpur,Corporate
CUST12016,Chennai,Corporate
CUST12017,Bangalore,Student
CUST12018,Delhi,Small Business
CUST12019,Kolkata,Small Business
CUST12020,Bangalore,Corporate
CUST12021,Nashik,Small Business
CUST12022,Nagpur,Student
CUST12023,Surat,Consumer
CUST12024,Rajkot,Student
CUST12025,Thane,Corporate
CUST12026,Pune,Consumer
CUST12027,Patna,Consumer
CUST12028,Coimbatore,Student
CUST12029,Nagpur,Student
CUST12030,Trivandrum,Consumer
CUST12031,Mysore,Consumer
CUST12032,Gurgaon,Student
CUST12033,Jaipur,Corporate
CUST12034,Mysore,Small Business
CUST12035,Hyderabad,Corporate
CUST12036,Indore,Corporate
CUST12037,Coimbatore,Small Business
CUST12038,Trivandrum,Corporate
CUST12039,Mysore,Student
CUST12040,Rajkot,Corporate
CUST12041,Jodhpur,Student
CUST12042,Nashik,Corporate
CUST12043,Gurgaon,Consumer
CUST12044,Madurai,Corporate
CUST12045,Mumbai,Corporate
CUST12046,Mumbai,Small Business
CUST12047,Coimbatore,Corporate
CUST12048,Visakhapatnam,Small Business
CUST12049,Coimbatore,Student
CUST12050,Noida,Consumer
CUST12051,Chennai,Student
CUST12052,Mysore,Student
CUST12053,Visakhapatnam,Corporate
CUST12054,Kanpur,Small Business
CUST12055,Hyderabad,Corporate
CUST12056,Indore,Small Business
CUST12057,Patna,Student
CUST12058,Jaipur,Student
CUST12059,Rajkot,Student
CUST12060,Kanpur,Consumer
CUST12061,Bhopal,Student
CUST12062,Gurgaon,Corporate
CUST12063,Gurgaon,Corporate
CUST12064,Mumbai,Corporate
CUST12065,Gurgaon,Student
CUST12066,Pune,Student
CUST12067,Noida,Corporate
CUST12068,Lucknow,Consumer
CUST12069,Mysore,Consumer
CUST12070,Gurgaon,Small Business
CUST12071,Ahmedabad,Student
CUST12072,Jaipur,Corporate
CUST12073,Kanpur,Consumer
CUST12074,Surat,Consumer
CUST12075,Indore,Student
CUST12076,Visakhapatnam,Corporate
CUST12077,Trivandrum,Small Business
CUST12078,Jaipur,Student
CUST12079,Nashik,Small Business
CUST12080,Noida,Corporate
CUST12081,Kolkata,Consumer
CUST12082,Hyderabad,Student
CUST12083,Kolkata,Student
CUST12084,Visakhapatnam,Corporate
CUST12085,Bangalore,Consumer
CUST12086,Surat,Student
CUST12087,Nashik,Student
CUST12088,Indore,Corporate
CUST12089,Delhi,Consumer
CUST12090,Delhi,Consumer
CUST12091,Jodhpur,Student
CUST12092,Jodhpur,Student
CUST12093,Chennai,Student
CUST12094,Noida,Corporate
CUST12095,Pune,Student
CUST12096,Vadodara,Corporate
CUST12097,Surat,Small Business
CUST12098,Coimbatore,Student
CUST12099,Rajkot,Small Business
CUST12100,Jaipur,Consumer
CUST12101,Nagpur,Student
CUST12102,Jodhpur,Corporate
CUST12103,Kochi,Small Business
CUST12104,Kolkata,Consumer
CUST12105,Kochi,Corporate
CUST12106,Mysore,Student
CUST12107,Kanpur,Corporate
CUST12108,Visakhapatnam,Small Business
CUST12109,Nashik,Consumer
CUST12110,Noida,Student
CUST12111,Mysore,Corporate
CUST12112,Jodhpur,Student
CUST12113,Thane,Student
CUST12114,Visakhapatnam,Corporate
CUST12115,Chennai,Student
CUST12116,Indore,Consumer
CUST12117,Madurai,Consumer
CUST12118,Surat,Consumer
CUST12119,Chennai,Small Business
CUST12120,Vadodara,Student
CUST12121,Gurgaon,Student
CUST12122,Trivandrum,Small Business
CUST12123,Bangalore,Small Business
CUST12124,Mumbai,Corporate
CUST12125,Vadodara,Consumer
CUST12126,Bangalore,Small Business
CUST12127,Nashik,Consumer
CUST12128,Hyderabad,Student
CUST12129,Thane,Corporate
CUST12130,Kanpur,Corporate
CUST12131,Lucknow,Small Business
CUST12132,Kanpur,Small Business
CUST12133,Surat,Small Business
CUST12134,Nagpur,Consumer
CUST12135,Trivandrum,Small Business
CUST12136,Indore,Corporate
CUST12137,Gurgaon,Student
CUST12138,Nagpur,Corporate
CUST12139,Vadodara,Student
CUST12140,Mumbai,Small Business
CUST12141,Trivandrum,Student
CUST12142,Ahmedabad,Corporate
CUST12143,Bhopal,Small Business
CUST12144,Thane,Student
CUST12145,Lucknow,Corporate
CUST12146,Mumbai,Small Business
CUST12147,Trivandrum,Small Business
CUST12148,Madurai,Consumer
CUST12149,Nashik,Corporate
CUST12150,Lucknow,Consumer
CUST12151,Surat,Consumer
CUST12152,Gurgaon,Student
CUST12153,Thane,Corporate
CUST12154,Visakhapatnam,Small Business
CUST12155,Noida,Student
CUST12156,Chennai,Student
CUST12157,Nashik,Small Business
CUST12158,Indore,Corporate
CUST12159,Bangalore,Consumer
CUST12160,Hyderabad,Small Business
CUST12161,Jaipur,Consumer
CUST12162,Jodhpur,Corporate
CUST12163,Patna,Small Business
CUST12164,Hyderabad,Corporate
CUST12165,Visakhapatnam,Small Business
CUST12166,Kochi,Consumer
CUST12167,Bhopal,Consumer
CUST12168,Surat,Corporate
CUST12169,Indore,Corporate
CUST12170,Jaipur,Student
CUST12171,Visakhapatnam,Student
CUST12172,Trivandrum,Student
CUST12173,Kolkata,Consumer
CUST12174,Madurai,Corporate
CUST12175,Lucknow,Corporate
CUST12176,Lucknow,Student
CUST12177,Pune,Small Business
CUST12178,Kanpur,Corporate
CUST12179,Chandigarh,Consumer
CUST12180,Mysore,Student
CUST12181,Chandigarh,Corporate
CUST12182,Delhi,Small Business
CUST12183,Hyderabad,Small Business
CUST12184,Chandigarh,Consumer
CUST12185,Chandigarh,Corporate
CUST12186,Visakhapatnam,Student
CUST12187,Mumbai,Consumer
CUST12188,Vadodara,Student
CUST12189,Chandigarh,Small Business
CUST12190,Mysore,Consumer
CUST12191,Vadodara,Small Business
CUST12192,Kanpur,Small Business
CUST12193,Bangalore,Corporate
CUST12194,Kanpur,Consumer
CUST12195,Noida,Small Business
CUST12196,Madurai,Corporate
CUST12197,Rajkot,Consumer
CUST12198,Indore,Small Business
CUST12199,Chandigarh,Small Business
CUST12200,Surat,Student
CUST12201,Surat,Small Business
CUST12202,Mysore,Consumer
CUST12203,Lucknow,Small Business
CUST12204,Hyderabad,Corporate
CUST12205,Indore,Small Business
CUST12206,Mumbai,Student
CUST12207,Coimbatore,Small Business
CUST12208,Indore,Consumer
CUST12209,Mysore,Consumer
CUST12210,Coimbatore,Small Business
CUST12211,Indore,Corporate
CUST12212,Kolkata,Small Business
CUST12213,Nagpur,Consumer
CUST12214,Jodhpur,Small Business
CUST12215,Indore,Student
CUST12216,Vadodara,Consumer
CUST12217,Delhi,Small Business
CUST12218,Noida,Consumer
CUST12219,Nagpur,Consumer
CUST12220,Coimbatore,Small Business
CUST12221,Gurgaon,Small Business
CUST12222,Hyderabad,Small Business
CUST12223,Hyderabad,Consumer
CUST12224,Kanpur,Consumer
CUST12225,Coimbatore,Corporate
CUST12226,Kochi,Small Business
CUST12227,Noida,Student
CUST12228,Kolkata,Student
CUST12229,Chennai,Consumer
CUST12230,Bhopal,Small Business
CUST12231,Pune,Small Business
CUST12232,Hyderabad,Small Business
CUST12233,Hyderabad,Consumer
CUST12234,Mumbai,Small Business
CUST12235,Gurgaon,Student
CUST12236,Visakhapatnam,Consumer
CUST12237,Bangalore,Consumer
CUST12238,Coimbatore,Corporate
CUST12239,Nashik,Student
CUST12240,Bangalore,Consumer
CUST12241,Chennai,Student
CUST12242,Surat,Student
CUST12243,Delhi,Small Business
CUST12244,Noida,Student
CUST12245,Mysore,Student
CUST12246,Bangalore,Small Business
CUST12247,Delhi,Small Business
CUST12248,Bangalore,Student
CUST12249,Madurai,Corporate
CUST12250,Surat,Small Business
CUST12251,Noida,Corporate
CUST12252,Delhi,Corporate
CUST12253,Visakhapatnam,Small Business
CUST12254,Noida,Consumer
CUST12255,Gurgaon,Consumer
CUST12256,Coimbatore,Student
CUST12257,Bhopal,Consumer
CUST12258,Chennai,Corporate
CUST12259,Mysore,Consumer
CUST12260,Lucknow,Corporate
CUST12261,Surat,Corporate
CUST12262,Chennai,Student
CUST12263,Bangalore,Student
CUST12264,Visakhapatnam,Corporate
CUST12265,Madurai,Student
CUST12266,Ahmedabad,Corporate
CUST12267,Pune,Corporate
CUST12268,Chandigarh,Corporate
CUST12269,Lucknow,Corporate
CUST12270,Surat,Consumer
CUST12271,Indore,Small Business
CUST12272,Delhi,Small Business
CUST12273,Lucknow,Corporate
CUST12274,Gurgaon,Consumer
CUST12275,Chandigarh,Consumer
CUST12276,Surat,Student
CUST12277,Chennai,Student
CUST12278,Surat,Corporate
CUST12279,Lucknow,Corporate
CUST12280,Hyderabad,Student
CUST12281,Indore,Corporate
CUST12282,Madurai,Small Business
CUST12283,Surat,Student
CUST12284,Thane,Corporate
CUST12285,Mumbai,Corporate
CUST12286,Nashik,Student
CUST12287,Chennai,Corporate
CUST12288,Patna,Consumer
CUST12289,Chennai,Corporate
CUST12290,Madurai,Student
CUST12291,Gurgaon,Student
CUST12292,Noida,Consumer
CUST12293,Delhi,Small Business
CUST12294,Bhopal,Student
CUST12295,Indore,Small Business
CUST12296,Thane,Small Business
CUST12297,Kochi,Corporate
CUST12298,Noida,Small Business
CUST12299,Thane,Corporate
CUST12300,Vadodara,Small Business
CUST12301,Chennai,Consumer
CUST12302,Noida,Consumer
CUST12303,Jodhpur,Corporate
CUST12304,Vadodara,Student
CUST12305,Chandigarh,Small Business
CUST12306,Trivandrum,Student
CUST12307,Jaipur,Corporate
CUST12308,Coimbatore,Corporate
CUST12309,Jodhpur,Student
CUST12310,Chandigarh,Small Business
CUST12311,Delhi,Student
CUST12312,Indore,Small Business
CUST12313,Mumbai,Student
CUST12314,Madurai,Student
CUST12315,Kanpur,Consumer
CUST12316,Chandigarh,Consumer
CUST12317,Thane,Student
CUST12318,Lucknow,Consumer
CUST12319,Indore,Student
CUST12320,Visakhapatnam,Small Business
CUST12321,Mumbai,Consumer
CUST12322,Bangalore,Corporate
CUST12323,Jaipur,Small Business
CUST12324,Noida,Consumer
CUST12325,Kolkata,Consumer
CUST12326,Jaipur,Student
CUST12327,Kolkata,Small Business
CUST12328,Kanpur,Small Business
CUST12329,Rajkot,Corporate
CUST12330,Thane,Consumer
CUST12331,Mumbai,Small Business
CUST12332,Mumbai,Small Business
CUST12333,Bhopal,Student
CUST12334,Bhopal,Small Business
CUST12335,Bhopal,Student
CUST12336,Coimbatore,Corporate
CUST12337,Chandigarh,Corporate
CUST12338,Gurgaon,Student
CUST12339,Gurgaon,Consumer
CUST12340,Nagpur,Consumer
CUST12341,Madurai,Consumer
CUST12342,Lucknow,Small Business
CUST12343,Ahmedabad,Student
CUST12344,Kolkata,Student
CUST12345,Chandigarh,Consumer
CUST12346,Delhi,Corporate
CUST12347,Gurgaon,Consumer
CUST12348,Madurai,Student
CUST12349,Jodhpur,Consumer
CUST12350,Kolkata,Student
CUST12351,Mysore,Consumer
CUST12352,Ahmedabad,Student
CUST12353,Trivandrum,Student
CUST12354,Kolkata,Student
CUST12355,Mumbai,Corporate
CUST12356,Bangalore,Student
CUST12357,Pune,Consumer
CUST12358,Delhi,Corporate
CUST12359,Nashik,Student
CUST12360,Mysore,Student
CUST12361,Pune,Consumer
CUST12362,Mysore,Small Business
CUST12363,Madurai,Consumer
CUST12364,Jaipur,Consumer
CUST12365,Rajkot,Corporate
CUST12366,Nashik,Student
CUST12367,Visakhapatnam,Consumer
CUST12368,Vadodara,Student
CUST12369,Thane,Consumer
CUST12370,Nashik,Corporate
CUST12371,Noida,Student
CUST12372,Chandigarh,Small Business
CUST12373,Ahmedabad,Student
CUST12374,Kolkata,Corporate
CUST12375,Chandigarh,Small Business
CUST12376,Surat,Student
CUST12377,Indore,Consumer
CUST12378,Patna,Student
CUST12379,Ahmedabad,Small Business
CUST12380,Vadodara,Student
CUST12381,Patna,Corporate
CUST12382,Chandigarh,Student
CUST12383,Kochi,Consumer
CUST12384,Jodhpur,Consumer
CUST12385,Nashik,Student
CUST12386,Pune,Student
CUST12387,Trivandrum,Consumer
CUST12388,Nashik,Corporate
CUST12389,Pune,Student
CUST12390,Kochi,Corporate
CUST12391,Vadodara,Small Business
CUST12392,Noida,Small Business
CUST12393,Ahmedabad,Small Business
CUST12394,Delhi,Small Business
CUST12395,Mysore,Student
CUST12396,Mumbai,Student
CUST12397,Rajkot,Consumer
CUST12398,Bangalore,Consumer
CUST12399,Mumbai,Corporate
CUST12400,Nashik,Small Business
CUST12401,Nagpur,Corporate
CUST12402,Bangalore,Corporate
CUST12403,Thane,Corporate
CUST12404,Patna,Small Business
CUST12405,Pune,Small Business
CUST12406,Chandigarh,Corporate
CUST12407,Chandigarh,Student
CUST12408,Gurgaon,Small Business
CUST12409,Chennai,Student
CUST12410,Madurai,Student
CUST12411,Delhi,Corporate
CUST12412,Hyderabad,Student
CUST12413,Bangalore,Consumer
CUST12414,Jodhpur,Small Business
CUST12415,Chennai,Corporate
CUST12416,Thane,Consumer
CUST12417,Kolkata,Small Business
CUST12418,Ahmedabad,Small Business
CUST12419,Gurgaon,Small Business
CUST12420,Kochi,Student
CUST12421,Surat,Student
CUST12422,Rajkot,Student
CUST12423,Chandigarh,Corporate
CUST12424,Bhopal,Corporate
CUST12425,Hyderabad,Consumer
CUST12426,Mysore,Small Business
CUST12427,Lucknow,Corporate
CUST12428,Mysore,Student
CUST12429,Jodhpur,Student
CUST12430,Nashik,Corporate
CUST12431,Rajkot,Consumer
CUST12432,Nashik,Corporate
CUST12433,Kanpur,Small Business
CUST12434,Hyderabad,Small Business
CUST12435,Patna,Corporate
CUST12436,Lucknow,Small Business
CUST12437,Thane,Consumer
CUST12438,Trivandrum,Corporate
CUST12439,Chennai,Small Business
CUST12440,Nagpur,Small Business
CUST12441,Ahmedabad,Student
CUST12442,Mysore,Corporate
CUST12443,Bhopal,Student
CUST12444,Patna,Consumer
CUST12445,Vadodara,Small Business
CUST12446,Hyderabad,Student
CUST12447,Vadodara,Student
CUST12448,Bangalore,Corporate
CUST12449,Pune,Small Business
CUST12450,Surat,Small Business
CUST12451,Kanpur,Small Business
CUST12452,Jaipur,Small Business
CUST12453,Thane,Corporate
CUST12454,Jaipur,Corporate
CUST12455,Delhi,Small Business
CUST12456,Kochi,Student
CUST12457,Jaipur,Corporate
CUST12458,Lucknow,Student
CUST12459,Kochi,Student
CUST12460,Coimbatore,Corporate
CUST12461,Visakhapatnam,Consumer
CUST12462,Visakhapatnam,Consumer
CUST12463,Kolkata,Student
CUST12464,Jodhpur,Student
CUST12465,Vadodara,Student
CUST12466,Pune,Small Business
CUST12467,Hyderabad,Consumer
CUST12468,Chennai,Corporate
CUST12469,Ahmedabad,Consumer
CUST12470,Mumbai,Consumer
CUST12471,Bhopal,Corporate
CUST12472,Bhopal,Student
CUST12473,Mumbai,Student
CUST12474,Pune,Consumer
CUST12475,Chennai,Student
CUST12476,Mysore,Corporate
CUST12477,Mumbai,Student
CUST12478,Pune,Student
CUST12479,Bangalore,Corporate
CUST12480,Thane,Corporate
CUST12481,Patna,Corporate
CUST12482,Mumbai,Corporate
CUST12483,Mysore,Student
CUST12484,Mumbai,Student
CUST12485,Nashik,Corporate
CUST12486,Madurai,Small Business
CUST12487,Patna,Consumer
CUST12488,Noida,Corporate
CUST12489,Nagpur,Consumer
CUST12490,Madurai,Consumer
CUST12491,Chandigarh,Small Business
CUST12492,Madurai,Student
CUST12493,Surat,Student
CUST12494,Ahmedabad,Student
CUST12495,Mysore,Small Business
CUST12496,Mysore,Small Business
CUST12497,Indore,Student
CUST12498,Kochi,Corporate
CUST12499,Vadodara,Small Business
CUST12500,Nashik,Consumer
CUST12501,Delhi,Small Business
CUST12502,Vadodara,Corporate
CUST12503,Hyderabad,Small Business
CUST12504,Rajkot,Student
CUST12505,Vadodara,Corporate
CUST12506,Nashik,Student
CUST12507,Indore,Small Business
CUST12508,Lucknow,Small Business
CUST12509,Madurai,Corporate
CUST12510,Mysore,Corporate
CUST12511,Bangalore,Consumer
CUST12512,Surat,Corporate
CUST12513,Lucknow,Corporate
CUST12514,Kochi,Student
CUST12515,Chennai,Small Business
CUST12516,Trivandrum,Corporate
CUST12517,Chandigarh,Consumer
CUST12518,Visakhapatnam,Student
CUST12519,Chandigarh,Small Business
CUST12520,Gurgaon,Student
CUST12521,Vadodara,Consumer
CUST12522,Indore,Corporate
CUST12523,Kochi,Consumer
CUST12524,Delhi,Small Business
CUST12525,Noida,Small Business
CUST12526,Kanpur,Small Business
CUST12527,Kochi,Consumer
CUST12528,Hyderabad,Small Business
CUST12529,Chennai,Small Business
CUST12530,Gurgaon,Student
CUST12531,Kolkata,Small Business
CUST12532,Kolkata,Corporate
CUST12533,Bangalore,Corporate
CUST12534,Noida,Student
CUST12535,Trivandrum,Consumer
CUST12536,Rajkot,Corporate
CUST12537,Bhopal,Small Business
CUST12538,Lucknow,Consumer
CUST12539,Mysore,Small Business
CUST12540,Gurgaon,Student
CUST12541,Surat,Small Business
CUST12542,Rajkot,Small Business
CUST12543,Mysore,Student
CUST12544,Bangalore,Small Business
CUST12545,Vadodara,Corporate
CUST12546,Bangalore,Small Business
CUST12547,Hyderabad,Consumer
CUST12548,Lucknow,Small Business
CUST12549,Rajkot,Small Business
CUST12550,Thane,Student
CUST12551,Patna,Small Business
CUST12552,Bhopal,Small Business
CUST12553,Indore,Small Business
CUST12554,Bangalore,Small Business
CUST12555,Pune,Small Business
CUST12556,Jaipur,Consumer
CUST12557,Mysore,Consumer
CUST12558,Kolkata,Small Business
CUST12559,Kanpur,Student
CUST12560,Kolkata,Student
CUST12561,Madurai,Corporate
CUST12562,Jodhpur,Corporate
CUST12563,Indore,Small Business
CUST12564,Vadodara,Corporate
CUST12565,Rajkot,Consumer
CUST12566,Bhopal,Student
CUST12567,Indore,Corporate
CUST12568,Delhi,Corporate
CUST12569,Mumbai,Consumer
CUST12570,Vadodara,Small Business
CUST12571,Chandigarh,Consumer
CUST12572,Noida,Student
CUST12573,Bhopal,Small Business
CUST12574,Madurai,Corporate
CUST12575,Bhopal,Corporate
CUST12576,Coimbatore,Student
CUST12577,Gurgaon,Student
CUST12578,Bangalore,Small Business
CUST12579,Coimbatore,Corporate
CUST12580,Pune,Consumer
CUST12581,Nashik,Corporate
CUST12582,Indore,Consumer
CUST12583,Bhopal,Small Business
CUST12584,Rajkot,Consumer
CUST12585,Kochi,Student
CUST12586,Ahmedabad,Student
CUST12587,Chandigarh,Consumer
CUST12588,Chennai,Small Business
CUST12589,Chennai,Consumer
CUST12590,Pune,Consumer
CUST12591,Madurai,Small Business
CUST12592,Pune,Consumer
CUST12593,Jodhpur,Corporate
CUST12594,Hyderabad,Student
CUST12595,Delhi,Small Business
CUST12596,Chennai,Small Business
CUST12597,Visakhapatnam,Student
CUST12598,Lucknow,Consumer
CUST12599,Delhi,Consumer
CUST12600,Patna,Consumer
CUST12601,Thane,Small Business
CUST12602,Pune,Student
CUST12603,Patna,Small Business
CUST12604,Nashik,Small Business
CUST12605,Mysore,Student
CUST12606,Thane,Student
CUST12607,Ahmedabad,Corporate
CUST12608,Chennai,Corporate
CUST12609,Gurgaon,Corporate
CUST12610,Madurai,Corporate
CUST12611,Rajkot,Student
CUST12612,Hyderabad,Consumer
CUST12613,Trivandrum,Small Business
CUST12614,Chennai,Corporate
CUST12615,Rajkot,Student
CUST12616,Jaipur,Student
CUST12617,Pune,Small Business
CUST12618,Hyderabad,Small Business
CUST12619,Lucknow,Consumer
CUST12620,Thane,Corporate
CUST12621,Pune,Corporate
CUST12622,Surat,Student
CUST12623,Chandigarh,Consumer
CUST12624,Bangalore,Student
CUST12625,Ahmedabad,Corporate
CUST12626,Ahmedabad,Corporate
CUST12627,Chennai,Consumer
CUST12628,Bhopal,Consumer
CUST12629,Indore,Corporate
CUST12630,Kanpur,Corporate
CUST12631,Trivandrum,Small Business
CUST12632,Bangalore,Corporate
CUST12633,Kanpur,Consumer
CUST12634,Hyderabad,Corporate
CUST12635,Chennai,Corporate
CUST12636,Delhi,Consumer
CUST12637,Mysore,Small Business
CUST12638,Noida,Consumer
CUST12639,Mumbai,Corporate
CUST12640,Jodhpur,Consumer
CUST12641,Delhi,Small Business
CUST12642,Noida,Corporate
CUST12643,Kolkata,Student
CUST12644,Thane,Small Business
CUST12645,Pune,Consumer
CUST12646,Bhopal,Corporate
CUST12647,Surat,Consumer
CUST12648,Surat,Student
CUST12649,Coimbatore,Corporate
CUST12650,Thane,Consumer
CUST12651,Nagpur,Corporate
CUST12652,Indore,Student
CUST12653,Jodhpur,Consumer
CUST12654,Rajkot,Corporate
CUST12655,Mysore,Corporate
CUST12656,Lucknow,Student
CUST12657,Rajkot,Small Business
CUST12658,Visakhapatnam,Corporate
CUST12659,Rajkot,Corporate
CUST12660,Indore,Student
CUST12661,Trivandrum,Corporate
CUST12662,Delhi,Student
CUST12663,Noida,Corporate
CUST12664,Madurai,Student
CUST12665,Jaipur,Student
CUST12666,Ahmedabad,Student
CUST12667,Chandigarh,Consumer
CUST12668,Kochi,Student
CUST12669,Thane,Consumer
CUST12670,Bhopal,Student
CUST12671,Kochi,Corporate
CUST12672,Coimbatore,Corporate
CUST12673,Bhopal,Small Business
CUST12674,Hyderabad,Student
CUST12675,Hyderabad,Small Business
CUST12676,Delhi,Student
CUST12677,Patna,Student
CUST12678,Jodhpur,Student
CUST12679,Lucknow,Corporate
CUST12680,Nagpur,Corporate
CUST12681,Gurgaon,Corporate
CUST12682,Indore,Consumer
CUST12683,Kolkata,Corporate
CUST12684,Madurai,Student
CUST12685,Vadodara,Small Business
CUST12686,Ahmedabad,Consumer
CUST12687,Bangalore,Consumer
CUST12688,Delhi,Corporate
CUST12689,Kolkata,Student
CUST12690,Visakhapatnam,Small Business
CUST12691,Jodhpur,Small Business
CUST12692,Mysore,Corporate
CUST12693,Bhopal,Student
CUST12694,Surat,Consumer
CUST12695,Nagpur,Corporate
CUST12696,Madurai,Student
CUST12697,Madurai,Corporate
CUST12698,Bhopal,Student
CUST12699,Gurgaon,Consumer
CUST12700,Pune,Consumer
CUST12701,Hyderabad,Student
CUST12702,Ahmedabad,Small Business
CUST12703,Pune,Small Business
CUST12704,Delhi,Student
CUST12705,Trivandrum,Small Business
CUST12706,Noida,Student
CUST12707,Trivandrum,Consumer
CUST12708,Bhopal,Corporate
CUST12709,Gurgaon,Small Business
CUST12710,Rajkot,Small Business
CUST12711,Visakhapatnam,Corporate
CUST12712,Lucknow,Small Business
CUST12713,Pune,Corporate
CUST12714,Nashik,Student
CUST12715,Madurai,Student
CUST12716,Chennai,Corporate
CUST12717,Ahmedabad,Corporate
CUST12718,Surat,Corporate
CUST12719,Lucknow,Consumer
CUST12720,Thane,Consumer
CUST12721,Chennai,Student
CUST12722,Ahmedabad,Consumer
CUST12723,Vadodara,Consumer
CUST12724,Patna,Student
CUST12725,Kanpur,Corporate
CUST12726,Kochi,Student
CUST12727,Mumbai,Corporate
CUST12728,Gurgaon,Corporate
CUST12729,Kolkata,Small Business
CUST12730,Visakhapatnam,Consumer
CUST12731,Jodhpur,Small Business
CUST12732,Madurai,Consumer
CUST12733,Bhopal,Consumer
CUST12734,Delhi,Consumer
CUST12735,Mysore,Corporate
CUST12736,Kanpur,Corporate
CUST12737,Pune,Student
CUST12738,Kochi,Student
CUST12739,Ahmedabad,Student
CUST12740,Kochi,Small Business
CUST12741,Lucknow,Consumer
CUST12742,Kolkata,Consumer
CUST12743,Visakhapatnam,Small Business
CUST12744,Trivandrum,Consumer
CUST12745,Rajkot,Small Business
CUST12746,Thane,Corporate
CUST12747,Rajkot,Small Business
CUST12748,Ahmedabad,Corporate
CUST12749,Chennai,Student
CUST12750,Indore,Corporate
CUST12751,Mumbai,Corporate
CUST12752,Chennai,Corporate
CUST12753,Noida,Student
CUST12754,Hyderabad,Corporate
CUST12755,Hyderabad,Corporate
CUST12756,Bhopal,Student
CUST12757,Nashik,Student
CUST12758,Hyderabad,Small Business
CUST12759,Kolkata,Small Business
CUST12760,Kanpur,Student
CUST12761,Madurai,Consumer
CUST12762,Bhopal,Corporate
CUST12763,Noida,Student
CUST12764,Mumbai,Consumer
CUST12765,Ahmedabad,Small Business
CUST12766,Chandigarh,Student
CUST12767,Lucknow,Small Business
CUST12768,Coimbatore,Student
CUST12769,Chandigarh,Student
CUST12770,Lucknow,Consumer
CUST12771,Delhi,Student
CUST12772,Bhopal,Small Business
CUST12773,Thane,Consumer
CUST12774,Chennai,Small Business
CUST12775,Surat,Consumer
CUST12776,Chennai,Small Business
CUST12777,Kanpur,Corporate
CUST12778,Mysore,Small Business
CUST12779,Noida,Student
CUST12780,Madurai,Student
CUST12781,Mumbai,Consumer
CUST12782,Vadodara,Corporate
CUST12783,Trivandrum,Small Business
CUST12784,Gurgaon,Student
CUST12785,Hyderabad,Corporate
CUST12786,Trivandrum,Student
CUST12787,Coimbatore,Corporate
CUST12788,Patna,Consumer
CUST12789,Vadodara,Corporate
CUST12790,Mysore,Student
CUST12791,Delhi,Student
CUST12792,Coimbatore,Consumer
CUST12793,Coimbatore,Corporate
CUST12794,Kochi,Consumer
CUST12795,Kanpur,Corporate
CUST12796,Ahmedabad,Corporate
CUST12797,Patna,Student
CUST12798,Madurai,Small Business
CUST12799,Jaipur,Corporate
CUST12800,Nagpur,Small Business
CUST12801,Visakhapatnam,Small Business
CUST12802,Patna,Student
CUST12803,Ahmedabad,Small Business
CUST12804,Bhopal,Student
CUST12805,Thane,Student
CUST12806,Chennai,Small Business
CUST12807,Noida,Student
CUST12808,Mumbai,Student
CUST12809,Kanpur,Consumer
CUST12810,Nagpur,Consumer
CUST12811,Chennai,Small Business
CUST12812,Surat,Student
CUST12813,Ahmedabad,Student
CUST12814,Hyderabad,Student
CUST12815,Pune,Small Business
CUST12816,Lucknow,Student
CUST12817,Kolkata,Corporate
CUST12818,Vadodara,Consumer
CUST12819,Coimbatore,Corporate
CUST12820,Thane,Small Business
CUST12821,Kochi,Small Business
CUST12822,Gurgaon,Student
CUST12823,Patna,Corporate
CUST12824,Kolkata,Corporate
CUST12825,Coimbatore,Small Business
CUST12826,Visakhapatnam,Student
CUST12827,Coimbatore,Consumer
CUST12828,Pune,Student
CUST12829,Mysore,Small Business
CUST12830,Bhopal,Consumer
CUST12831,Bangalore,Student
CUST12832,Noida,Consumer
CUST12833,Jaipur,Student
CUST12834,Jaipur,Small Business
CUST12835,Rajkot,Student
CUST12836,Nagpur,Corporate
CUST12837,Coimbatore,Consumer
CUST12838,Surat,Consumer
CUST12839,Chandigarh,Consumer
CUST12840,Vadodara,Student
CUST12841,Gurgaon,Consumer
CUST12842,Jodhpur,Small Business
CUST12843,Vadodara,Corporate
CUST12844,Lucknow,Student
CUST12845,Coimbatore,Small Business
CUST12846,Nagpur,Corporate
CUST12847,Bangalore,Consumer
CUST12848,Lucknow,Small Business
CUST12849,Nagpur,Consumer
CUST12850,Madurai,Student
CUST12851,Nashik,Student
CUST12852,Bhopal,Small Business
CUST12853,Lucknow,Small Business
CUST12854,Bhopal,Consumer
CUST12855,Chennai,Corporate
CUST12856,Kolkata,Consumer
CUST12857,Hyderabad,Consumer
CUST12858,Ahmedabad,Consumer
CUST12859,Ahmedabad,Consumer
CUST12860,Gurgaon,Small Business
CUST12861,Kochi,Student
CUST12862,Chennai,Consumer
CUST12863,Bangalore,Small Business
CUST12864,Trivandrum,Corporate
CUST12865,Kolkata,Student
CUST12866,Vadodara,Corporate
CUST12867,Surat,Small Business
CUST12868,Ahmedabad,Consumer
CUST12869,Lucknow,Student
CUST12870,Bangalore,Corporate
CUST12871,Mumbai,Small Business
CUST12872,Nagpur,Student
CUST12873,Trivandrum,Student
CUST12874,Chandigarh,Small Business
CUST12875,Patna,Small Business
CUST12876,Nagpur,Student
CUST12877,Indore,Small Business
CUST12878,Thane,Student
CUST12879,Mysore,Consumer
CUST12880,Mysore,Consumer
CUST12881,Vadodara,Student
CUST12882,Rajkot,Corporate
CUST12883,Chandigarh,Small Business
CUST12884,Chennai,Corporate
CUST12885,Coimbatore,Corporate
CUST12886,Gurgaon,Student
CUST12887,Rajkot,Student
CUST12888,Bangalore,Student
CUST12889,Chennai,Small Business
CUST12890,Madurai,Consumer
CUST12891,Kanpur,Corporate
CUST12892,Jodhpur,Consumer
CUST12893,Noida,Student
CUST12894,Visakhapatnam,Small Business
CUST12895,Mysore,Student
CUST12896,Rajkot,Consumer
CUST12897,Jodhpur,Consumer
CUST12898,Pune,Student
CUST12899,Lucknow,Student
CUST12900,Visakhapatnam,Small Business
CUST12901,Kochi,Small Business
CUST12902,Madurai,Consumer
CUST12903,Bhopal,Corporate
CUST12904,Bangalore,Corporate
CUST12905,Noida,Small Business
CUST12906,Coimbatore,Student
CUST12907,Chandigarh,Corporate
CUST12908,Rajkot,Student
CUST12909,Nagpur,Corporate
CUST12910,Jaipur,Consumer
CUST12911,Noida,Corporate
CUST12912,Delhi,Student
CUST12913,Gurgaon,Consumer
CUST12914,Noida,Consumer
CUST12915,Chennai,Corporate
CUST12916,Indore,Consumer
CUST12917,Jodhpur,Consumer
CUST12918,Kochi,Corporate
CUST12919,Thane,Small Business
CUST12920,Noida,Corporate
CUST12921,Gurgaon,Student
CUST12922,Vadodara,Small Business
CUST12923,Nashik,Student
CUST12924,Ahmedabad,Student
CUST12925,Vadodara,Student
CUST12926,Jaipur,Student
CUST12927,Ahmedabad,Small Business
CUST12928,Bangalore,Student
CUST12929,Jaipur,Student
CUST12930,Nashik,Corporate
CUST12931,Kolkata,Corporate
CUST12932,Jaipur,Consumer
CUST12933,Bhopal,Consumer
CUST12934,Noida,Corporate
CUST12935,Rajkot,Small Business
CUST12936,Kochi,Student
CUST12937,Surat,Consumer
CUST12938,Chennai,Consumer
CUST12939,Patna,Corporate
CUST12940,Jaipur,Consumer
CUST12941,Rajkot,Corporate
CUST12942,Noida,Corporate
CUST12943,Patna,Corporate
CUST12944,Noida,Small Business
CUST12945,Kochi,Corporate
CUST12946,Coimbatore,Consumer
CUST12947,Kanpur,Consumer
CUST12948,Noida,Corporate
CUST12949,Indore,Corporate
CUST12950,Mysore,Student
CUST12951,Bangalore,Corporate
CUST12952,Indore,Student
CUST12953,Coimbatore,Small Business
CUST12954,Surat,Corporate
CUST12955,Chandigarh,Small Business
CUST12956,Pune,Small Business
CUST12957,Ahmedabad,Consumer
CUST12958,Nashik,Corporate
CUST12959,Delhi,Corporate
CUST12960,Patna,Student
CUST12961,Noida,Consumer
CUST12962,Gurgaon,Corporate
CUST12963,Jaipur,Small Business
CUST12964,Rajkot,Corporate
CUST12965,Patna,Small Business
CUST12966,Bangalore,Small Business
CUST12967,Mumbai,Student
CUST12968,Noida,Student
CUST12969,Delhi,Student
CUST12970,Jodhpur,Student
CUST12971,Chandigarh,Corporate
CUST12972,Vadodara,Small Business
CUST12973,Nashik,Small Business
CUST12974,Surat,Student
CUST12975,Pune,Small Business
CUST12976,Gurgaon,Small Business
CUST12977,Kolkata,Consumer
CUST12978,Visakhapatnam,Consumer
CUST12979,Patna,Corporate
CUST12980,Nashik,Small Business
CUST12981,Jodhpur,Corporate
CUST12982,Kochi,Student
CUST12983,Kochi,Corporate
CUST12984,Lucknow,Student
CUST12985,Delhi,Corporate
CUST12986,Trivandrum,Corporate
CUST12987,Visakhapatnam,Corporate
CUST12988,Delhi,Student
CUST12989,Vadodara,Small Business
CUST12990,Surat,Corporate
CUST12991,Kanpur,Corporate
CUST12992,Chandigarh,Small Business
CUST12993,Gurgaon,Student
CUST12994,Madurai,Corporate
CUST12995,Rajkot,Student
CUST12996,Patna,Student
CUST12997,Bangalore,Consumer
CUST12998,Indore,Student
CUST12999,Mysore,Small Business
CUST13000,Mumbai,Consumer
CUST13001,Ahmedabad,Student
CUST13002,Jodhpur,Small Business
CUST13003,Ahmedabad,Small Business
CUST13004,Vadodara,Small Business
CUST13005,Noida,Student
CUST13006,Vadodara,Small Business
CUST13007,Bangalore,Corporate
CUST13008,Kochi,Corporate
CUST13009,Indore,Student
CUST13010,Nagpur,Small Business
CUST13011,Kanpur,Consumer
CUST13012,Rajkot,Student
CUST13013,Surat,Consumer
CUST13014,Chandigarh,Corporate
CUST13015,Madurai,Student
CUST13016,Nagpur,Corporate
CUST13017,Delhi,Small Business
CUST13018,Lucknow,Corporate
CUST13019,Jodhpur,Consumer
CUST13020,Jodhpur,Small Business
CUST13021,Surat,Consumer
CUST13022,Mysore,Consumer
CUST13023,Delhi,Corporate
CUST13024,Hyderabad,Student
CUST13025,Nagpur,Small Business
CUST13026,Mumbai,Consumer
CUST13027,Delhi,Student
CUST13028,Hyderabad,Corporate
CUST13029,Kochi,Corporate
CUST13030,Chandigarh,Consumer
CUST13031,Gurgaon,Corporate
CUST13032,Chandigarh,Small Business
CUST13033,Thane,Student
CUST13034,Nashik,Student
CUST13035,Mumbai,Corporate
CUST13036,Gurgaon,Consumer
CUST13037,Thane,Student
CUST13038,Visakhapatnam,Small Business
CUST13039,Jaipur,Student
CUST13040,Ahmedabad,Small Business
CUST13041,Jodhpur,Consumer
CUST13042,Trivandrum,Student
CUST13043,Mysore,Consumer
CUST13044,Surat,Corporate
CUST13045,Gurgaon,Student
CUST13046,Vadodara,Student
CUST13047,Madurai,Student
CUST13048,Pune,Student
CUST13049,Gurgaon,Corporate
CUST13050,Kochi,Student
CUST13051,Chennai,Consumer
CUST13052,Kolkata,Consumer
CUST13053,Gurgaon,Consumer
CUST13054,Thane,Student
CUST13055,Vadodara,Consumer
CUST13056,Bangalore,Student
CUST13057,Nagpur,Corporate
CUST13058,Nashik,Corporate
CUST13059,Delhi,Small Business
CUST13060,Mysore,Corporate
CUST13061,Chennai,Student
CUST13062,Vadodara,Student
CUST13063,Kolkata,Corporate
CUST13064,Surat,Consumer
CUST13065,Gurgaon,Small Business
CUST13066,Delhi,Corporate
CUST13067,Jodhpur,Consumer
CUST13068,Patna,Consumer
CUST13069,Gurgaon,Student
CUST13070,Nashik,Corporate
CUST13071,Kanpur,Corporate
CUST13072,Kolkata,Student
CUST13073,Noida,Small Business
CUST13074,Kochi,Consumer
CUST13075,Kochi,Small Business
CUST13076,Kochi,Consumer
CUST13077,Bangalore,Student
CUST13078,Delhi,Student
CUST13079,Trivandrum,Student
CUST13080,Bhopal,Student
CUST13081,Jodhpur,Corporate
CUST13082,Visakhapatnam,Corporate
CUST13083,Lucknow,Consumer
CUST13084,Chandigarh,Consumer
CUST13085,Chandigarh,Student
CUST13086,Nashik,Small Business
CUST13087,Trivandrum,Small Business
CUST13088,Visakhapatnam,Consumer
CUST13089,Jaipur,Consumer
CUST13090,Mysore,Consumer
CUST13091,Kochi,Student
CUST13092,Rajkot,Small Business
CUST13093,Patna,Consumer
CUST13094,Madurai,Student
CUST13095,Jaipur,Corporate
CUST13096,Thane,Small Business
CUST13097,Hyderabad,Corporate
CUST13098,Hyderabad,Small Business
CUST13099,Patna,Student
CUST13100,Jaipur,Corporate
CUST13101,Chennai,Corporate
CUST13102,Thane,Student
CUST13103,Bangalore,Small Business
CUST13104,Kanpur,Corporate
CUST13105,Mysore,Corporate
CUST13106,Nashik,Student
CUST13107,Chandigarh,Corporate
CUST13108,Hyderabad,Student
CUST13109,Thane,Small Business
CUST13110,Mysore,Consumer
CUST13111,Kanpur,Student
CUST13112,Jaipur,Small Business
CUST13113,Noida,Corporate
CUST13114,Bhopal,Corporate
CUST13115,Thane,Corporate
CUST13116,Patna,Small Business
CUST13117,Rajkot,Small Business
CUST13118,Patna,Corporate
CUST13119,Madurai,Consumer
CUST13120,Rajkot,Student
CUST13121,Jaipur,Corporate
CUST13122,Mysore,Corporate
CUST13123,Chennai,Corporate
CUST13124,Bhopal,Consumer
CUST13125,Chandigarh,Corporate
CUST13126,Noida,Small Business
CUST13127,Noida,Student
CUST13128,Mysore,Small Business
CUST13129,Visakhapatnam,Corporate
CUST13130,Visakhapatnam,Student
CUST13131,Visakhapatnam,Student
CUST13132,Lucknow,Consumer
CUST13133,Kanpur,Student
CUST13134,Bhopal,Consumer
CUST13135,Rajkot,Corporate
CUST13136,Mysore,Student
CUST13137,Visakhapatnam,Consumer
CUST13138,Lucknow,Corporate
CUST13139,Mysore,Consumer
CUST13140,Kanpur,Corporate
CUST13141,Lucknow,Student
CUST13142,Mumbai,Consumer
CUST13143,Patna,Consumer
CUST13144,Hyderabad,Student
CUST13145,Madurai,Consumer
CUST13146,Thane,Corporate
CUST13147,Nashik,Consumer
CUST13148,Pune,Student
CUST13149,Lucknow,Consumer
CUST13150,Jodhpur,Small Business
CUST13151,Noida,Corporate
CUST13152,Bhopal,Small Business
CUST13153,Chennai,Student
CUST13154,Visakhapatnam,Student
CUST13155,Pune,Corporate
CUST13156,Mysore,Consumer
CUST13157,Madurai,Consumer
CUST13158,Delhi,Small Business
CUST13159,Nagpur,Small Business
CUST13160,Thane,Corporate
CUST13161,Chennai,Consumer
CUST13162,Chennai,Small Business
CUST13163,Gurgaon,Small Business
CUST13164,Visakhapatnam,Student
CUST13165,Pune,Corporate
CUST13166,Delhi,Consumer
CUST13167,Nashik,Corporate
CUST13168,Kochi,Consumer
CUST13169,Kochi,Small Business
CUST13170,Jaipur,Corporate
CUST13171,Gurgaon,Consumer
CUST13172,Coimbatore,Consumer
CUST13173,Lucknow,Small Business
CUST13174,Noida,Consumer
CUST13175,Indore,Small Business
CUST13176,Delhi,Student
CUST13177,Chandigarh,Consumer
CUST13178,Noida,Corporate
CUST13179,Patna,Corporate
CUST13180,Indore,Student
CUST13181,Trivandrum,Student
CUST13182,Surat,Corporate
CUST13183,Patna,Student
CUST13184,Hyderabad,Consumer
CUST13185,Visakhapatnam,Consumer
CUST13186,Jodhpur,Corporate
CUST13187,Kochi,Corporate
CUST13188,Kanpur,Consumer
CUST13189,Noida,Corporate
CUST13190,Surat,Small Business
CUST13191,Jaipur,Small Business
CUST13192,Surat,Consumer
CUST13193,Bhopal,Student
CUST13194,Rajkot,Student
CUST13195,Bangalore,Corporate
CUST13196,Jodhpur,Consumer
CUST13197,Rajkot,Corporate
CUST13198,Thane,Student
CUST13199,Chennai,Small Business
CUST13200,Nashik,Consumer
CUST13201,Nagpur,Small Business
CUST13202,Vadodara,Corporate
CUST13203,Nagpur,Small Business
CUST13204,Chandigarh,Student
CUST13205,Mumbai,Consumer
CUST13206,Bangalore,Corporate
CUST13207,Gurgaon,Small Business
CUST13208,Bangalore,Corporate
CUST13209,Surat,Corporate
CUST13210,Jodhpur,Corporate
CUST13211,Jodhpur,Small Business
CUST13212,Delhi,Small Business
CUST13213,Nashik,Small Business
CUST13214,Noida,Small Business
CUST13215,Nagpur,Student
CUST13216,Kanpur,Corporate
CUST13217,Mysore,Small Business
CUST13218,Indore,Consumer
CUST13219,Delhi,Consumer
CUST13220,Surat,Consumer
CUST13221,Trivandrum,Student
CUST13222,Noida,Small Business
CUST13223,Jodhpur,Consumer
CUST13224,Pune,Consumer
CUST13225,Jaipur,Small Business
CUST13226,Rajkot,Small Business
CUST13227,Surat,Corporate
CUST13228,Kolkata,Corporate
CUST13229,Pune,Student
CUST13230,Kolkata,Consumer
CUST13231,Trivandrum,Consumer
CUST13232,Vadodara,Student
CUST13233,Nagpur,Small Business
CUST13234,Kolkata,Corporate
CUST13235,Indore,Student
CUST13236,Coimbatore,Student
CUST13237,Chandigarh,Corporate
CUST13238,Jodhpur,Consumer
CUST13239,Gurgaon,Consumer
CUST13240,Nagpur,Corporate
CUST13241,Patna,Student
CUST13242,Coimbatore,Consumer
CUST13243,Trivandrum,Small Business
CUST13244,Gurgaon,Corporate
CUST13245,Indore,Student
CUST13246,Chandigarh,Corporate
CUST13247,Visakhapatnam,Consumer
CUST13248,Bhopal,Corporate
CUST13249,Chennai,Student
CUST13250,Jodhpur,Consumer
CUST13251,Vadodara,Student
CUST13252,Thane,Student
CUST13253,Kolkata,Consumer
CUST13254,Trivandrum,Student
CUST13255,Kochi,Small Business
CUST13256,Bhopal,Small Business
CUST13257,Visakhapatnam,Corporate
CUST13258,Indore,Consumer
CUST13259,Chennai,Consumer
CUST13260,Pune,Small Business
CUST13261,Kolkata,Student
CUST13262,Visakhapatnam,Small Business
CUST13263,Ahmedabad,Small Business
CUST13264,Mysore,Student
CUST13265,Mysore,Small Business
CUST13266,Patna,Small Business
CUST13267,Nagpur,Corporate
CUST13268,Chandigarh,Small Business
CUST13269,Gurgaon,Student
CUST13270,Chandigarh,Small Business
CUST13271,Mysore,Consumer
CUST13272,Bangalore,Corporate
CUST13273,Hyderabad,Student
CUST13274,Delhi,Consumer
CUST13275,Pune,Corporate
CUST13276,Bhopal,Consumer
CUST13277,Rajkot,Student
CUST13278,Kolkata,Student
CUST13279,Surat,Consumer
CUST13280,Madurai,Consumer
CUST13281,Indore,Corporate
CUST13282,Kolkata,Small Business
CUST13283,Lucknow,Small Business
CUST13284,Madurai,Student
CUST13285,Nagpur,Corporate
CUST13286,Mumbai,Student
CUST13287,Madurai,Small Business
CUST13288,Mumbai,Student
CUST13289,Nashik,Small Business
CUST13290,Noida,Corporate
CUST13291,Hyderabad,Small Business
CUST13292,Pune,Consumer
CUST13293,Thane,Corporate
CUST13294,Mumbai,Consumer
CUST13295,Ahmedabad,Small Business
CUST13296,Mysore,Consumer
CUST13297,Noida,Consumer
CUST13298,Kochi,Student
CUST13299,Jodhpur,Small Business
CUST13300,Patna,Corporate
CUST13301,Bangalore,Student
CUST13302,Bangalore,Corporate
CUST13303,Nagpur,Consumer
CUST13304,Chandigarh,Small Business
CUST13305,Thane,Corporate
CUST13306,Pune,Corporate
CUST13307,Kolkata,Consumer
CUST13308,Chennai,Consumer
CUST13309,Indore,Consumer
CUST13310,Delhi,Corporate
CUST13311,Bhopal,Small Business
CUST13312,Ahmedabad,Consumer
CUST13313,Jodhpur,Corporate
CUST13314,Coimbatore,Consumer
CUST13315,Chandigarh,Corporate
CUST13316,Lucknow,Student
CUST13317,Jaipur,Corporate
CUST13318,Gurgaon,Small Business
CUST13319,Kochi,Small Business
CUST13320,Lucknow,Consumer
CUST13321,Lucknow,Corporate
CUST13322,Rajkot,Student
CUST13323,Jaipur,Corporate
CUST13324,Kochi,Consumer
CUST13325,Indore,Small Business
CUST13326,Hyderabad,Consumer
CUST13327,Thane,Consumer
CUST13328,Bhopal,Corporate
CUST13329,Trivandrum,Small Business
CUST13330,Trivandrum,Corporate
CUST13331,Pune,Consumer
CUST13332,Delhi,Small Business
CUST13333,Lucknow,Small Business
CUST13334,Kolkata,Corporate
CUST13335,Pune,Consumer
CUST13336,Gurgaon,Corporate
CUST13337,Bhopal,Student
CUST13338,Nagpur,Corporate
CUST13339,Gurgaon,Small Business
CUST13340,Noida,Consumer
CUST13341,Indore,Student
CUST13342,Kanpur,Student
CUST13343,Mysore,Corporate
CUST13344,Ahmedabad,Corporate
CUST13345,Visakhapatnam,Corporate
CUST13346,Mumbai,Small Business
CUST13347,Chandigarh,Corporate
CUST13348,Vadodara,Consumer
CUST13349,Gurgaon,Consumer
CUST13350,Rajkot,Consumer
CUST13351,Kolkata,Student
CUST13352,Indore,Corporate
CUST13353,Mysore,Consumer
CUST13354,Jaipur,Small Business
CUST13355,Thane,Corporate
CUST13356,Mysore,Small Business
CUST13357,Mumbai,Small Business
CUST13358,Bangalore,Student
CUST13359,Chennai,Student
CUST13360,Kanpur,Corporate
CUST13361,Surat,Small Business
CUST13362,Coimbatore,Small Business
CUST13363,Trivandrum,Small Business
CUST13364,Kanpur,Small Business
CUST13365,Madurai,Consumer
CUST13366,Chandigarh,Small Business
CUST13367,Delhi,Consumer
CUST13368,Coimbatore,Consumer
CUST13369,Noida,Student
CUST13370,Delhi,Student
CUST13371,Jodhpur,Consumer
CUST13372,Jodhpur,Small Business
CUST13373,Nagpur,Student
CUST13374,Lucknow,Consumer
CUST13375,Mumbai,Small Business
CUST13376,Ahmedabad,Corporate
CUST13377,Madurai,Corporate
CUST13378,Kolkata,Student
CUST13379,Visakhapatnam,Student
CUST13380,Coimbatore,Consumer
CUST13381,Kanpur,Small Business
CUST13382,Ahmedabad,Student
CUST13383,Thane,Consumer
CUST13384,Kolkata,Student
CUST13385,Bhopal,Consumer
CUST13386,Patna,Student
CUST13387,Hyderabad,Small Business
CUST13388,Jaipur,Student
CUST13389,Thane,Small Business
CUST13390,Jaipur,Consumer
CUST13391,Bangalore,Small Business
CUST13392,Madurai,Student
CUST13393,Coimbatore,Corporate
CUST13394,Lucknow,Consumer
CUST13395,Chennai,Corporate
CUST13396,Coimbatore,Student
CUST13397,Gurgaon,Small Business
CUST13398,Pune,Corporate
CUST13399,Visakhapatnam,Student
CUST13400,Mumbai,Consumer
CUST13401,Visakhapatnam,Consumer
CUST13402,Chennai,Student
CUST13403,Madurai,Consumer
CUST13404,Madurai,Corporate
CUST13405,Nashik,Small Business
CUST13406,Mysore,Consumer
CUST13407,Chandigarh,Small Business
CUST13408,Noida,Corporate
CUST13409,Rajkot,Student
CUST13410,Pune,Corporate
CUST13411,Kanpur,Corporate
CUST13412,Vadodara,Consumer
CUST13413,Vadodara,Small Business
CUST13414,Noida,Consumer
CUST13415,Mumbai,Corporate
CUST13416,Chandigarh,Small Business
CUST13417,Noida,Corporate
CUST13418,Jodhpur,Small Business
CUST13419,Patna,Consumer
CUST13420,Coimbatore,Consumer
CUST13421,Kanpur,Corporate
CUST13422,Bhopal,Consumer
CUST13423,Hyderabad,Small Business
CUST13424,Kolkata,Student
CUST13425,Delhi,Consumer
CUST13426,Madurai,Student
CUST13427,Bhopal,Consumer
CUST13428,Jaipur,Student
CUST13429,Lucknow,Corporate
CUST13430,Noida,Consumer
CUST13431,Mysore,Consumer
CUST13432,Indore,Student
CUST13433,Delhi,Consumer
CUST13434,Gurgaon,Student
CUST13435,Surat,Small Business
CUST13436,Delhi,Small Business
CUST13437,Kolkata,Student
CUST13438,Noida,Consumer
CUST13439,Coimbatore,Student
CUST13440,Trivandrum,Small Business
CUST13441,Trivandrum,Student
CUST13442,Kochi,Corporate
CUST13443,Kolkata,Student
CUST13444,Surat,Corporate
CUST13445,Coimbatore,Corporate
CUST13446,Nagpur,Consumer
CUST13447,Mysore,Student
CUST13448,Indore,Consumer
CUST13449,Visakhapatnam,Small Business
CUST13450,Jodhpur,Consumer
CUST13451,Trivandrum,Student
CUST13452,Delhi,Consumer
CUST13453,Hyderabad,Student
CUST13454,Noida,Corporate
CUST13455,Lucknow,Consumer
CUST13456,Bhopal,Corporate
CUST13457,Chennai,Consumer
CUST13458,Trivandrum,Small Business
CUST13459,Jaipur,Corporate
CUST13460,Noida,Corporate
CUST13461,Thane,Consumer
CUST13462,Vadodara,Corporate
CUST13463,Lucknow,Small Business
CUST13464,Madurai,Student
CUST13465,Jodhpur,Student
CUST13466,Trivandrum,Small Business
CUST13467,Lucknow,Small Business
CUST13468,Hyderabad,Consumer
CUST13469,Chennai,Small Business
CUST13470,Mumbai,Corporate
CUST13471,Pune,Corporate
CUST13472,Bhopal,Student
CUST13473,Trivandrum,Corporate
CUST13474,Coimbatore,Small Business
CUST13475,Patna,Small Business
CUST13476,Coimbatore,Small Business
CUST13477,Patna,Student
CUST13478,Jodhpur,Consumer
CUST13479,Coimbatore,Consumer
CUST13480,Hyderabad,Small Business
CUST13481,Kolkata,Consumer
CUST13482,Noida,Consumer
CUST13483,Visakhapatnam,Corporate
CUST13484,Patna,Corporate
CUST13485,Jodhpur,Corporate
CUST13486,Kolkata,Student
CUST13487,Rajkot,Student
CUST13488,Trivandrum,Small Business
CUST13489,Nashik,Consumer
CUST13490,Lucknow,Consumer
CUST13491,Coimbatore,Corporate
CUST13492,Nagpur,Corporate
CUST13493,Hyderabad,Student
CUST13494,Vadodara,Student
CUST13495,Trivandrum,Corporate
CUST13496,Rajkot,Corporate
CUST13497,Jodhpur,Student
CUST13498,Lucknow,Consumer
CUST13499,Nagpur,Student
CUST13500,Patna,Consumer
CUST13501,Jaipur,Student
CUST13502,Thane,Consumer
CUST13503,Trivandrum,Corporate
CUST13504,Chennai,Corporate
CUST13505,Rajkot,Small Business
CUST13506,Rajkot,Corporate
CUST13507,Kanpur,Corporate
CUST13508,Lucknow,Consumer
CUST13509,Visakhapatnam,Small Business
CUST13510,Bangalore,Corporate
CUST13511,Rajkot,Corporate
CUST13512,Madurai,Small Business
CUST13513,Coimbatore,Consumer
CUST13514,Lucknow,Student
CUST13515,Hyderabad,Small Business
CUST13516,Noida,Consumer
CUST13517,Kolkata,Consumer
CUST13518,Vadodara,Student
CUST13519,Delhi,Student
CUST13520,Patna,Corporate
CUST13521,Bangalore,Consumer
CUST13522,Noida,Consumer
CUST13523,Patna,Consumer
CUST13524,Ahmedabad,Corporate
CUST13525,Chandigarh,Small Business
CUST13526,Thane,Corporate
CUST13527,Jodhpur,Student
CUST13528,Bhopal,Student
CUST13529,Visakhapatnam,Student
CUST13530,Coimbatore,Student
CUST13531,Pune,Student
CUST13532,Gurgaon,Small Business
CUST13533,Surat,Consumer
CUST13534,Ahmedabad,Small Business
CUST13535,Ahmedabad,Consumer
CUST13536,Ahmedabad,Consumer
CUST13537,Kanpur,Small Business
CUST13538,Rajkot,Student
CUST13539,Delhi,Student
CUST13540,Kochi,Corporate
CUST13541,Gurgaon,Corporate
CUST13542,Vadodara,Small Business
CUST13543,Patna,Student
CUST13544,Thane,Student
CUST13545,Noida,Corporate
CUST13546,Nashik,Small Business
CUST13547,Chennai,Corporate
CUST13548,Noida,Student
CUST13549,Noida,Small Business
CUST13550,Nashik,Corporate
CUST13551,Pune,Student
CUST13552,Lucknow,Corporate
CUST13553,Nagpur,Student
CUST13554,Visakhapatnam,Small Business
CUST13555,Kolkata,Small Business
CUST13556,Madurai,Small Business
CUST13557,Mumbai,Student
CUST13558,Kolkata,Small Business
CUST13559,Delhi,Student
CUST13560,Gurgaon,Small Business
CUST13561,Bhopal,Corporate
CUST13562,Ahmedabad,Student
CUST13563,Delhi,Small Business
CUST13564,Thane,Student
CUST13565,Bhopal,Student
CUST13566,Lucknow,Small Business
CUST13567,Coimbatore,Corporate
CUST13568,Coimbatore,Consumer
CUST13569,Trivandrum,Consumer
CUST13570,Mumbai,Student
CUST13571,Ahmedabad,Corporate
CUST13572,Kolkata,Student
CUST13573,Trivandrum,Consumer
CUST13574,Ahmedabad,Small Business
CUST13575,Coimbatore,Student
CUST13576,Vadodara,Student
CUST13577,Jodhpur,Student
CUST13578,Kolkata,Consumer
CUST13579,Mysore,Consumer
CUST13580,Kolkata,Small Business
CUST13581,Bhopal,Consumer
CUST13582,Nagpur,Student
CUST13583,Rajkot,Small Business
CUST13584,Surat,Corporate
CUST13585,Delhi,Corporate
CUST13586,Visakhapatnam,Corporate
CUST13587,Kochi,Small Business
CUST13588,Surat,Student
CUST13589,Mysore,Corporate
CUST13590,Pune,Student
CUST13591,Noida,Small Business
CUST13592,Coimbatore,Consumer
CUST13593,Coimbatore,Small Business
CUST13594,Thane,Small Business
CUST13595,Kochi,Student
CUST13596,Bangalore,Student
CUST13597,Hyderabad,Consumer
CUST13598,Chandigarh,Consumer
CUST13599,Nagpur,Consumer
CUST13600,Pune,Corporate
CUST13601,Chennai,Small Business
CUST13602,Noida,Student
CUST13603,Kochi,Small Business
CUST13604,Kolkata,Small Business
CUST13605,Ahmedabad,Consumer
CUST13606,Patna,Small Business
CUST13607,Mysore,Corporate
CUST13608,Indore,Corporate
CUST13609,Mysore,Small Business
CUST13610,Kanpur,Corporate
CUST13611,Chennai,Consumer
CUST13612,Coimbatore,Small Business
CUST13613,Rajkot,Student
CUST13614,Indore,Student
CUST13615,Patna,Consumer
CUST13616,Nagpur,Corporate
CUST13617,Trivandrum,Student
CUST13618,Thane,Corporate
CUST13619,Gurgaon,Corporate
CUST13620,Kanpur,Corporate
CUST13621,Noida,Corporate
CUST13622,Kochi,Student
CUST13623,Mysore,Student
CUST13624,Lucknow,Student
CUST13625,Bhopal,Small Business
CUST13626,Chennai,Corporate
CUST13627,Pune,Small Business
CUST13628,Kochi,Small Business
CUST13629,Chennai,Student
CUST13630,Surat,Small Business
CUST13631,Surat,Small Business
CUST13632,Rajkot,Small Business
CUST13633,Hyderabad,Consumer
CUST13634,Vadodara,Corporate
CUST13635,Nagpur,Student
CUST13636,Surat,Student
CUST13637,Madurai,Small Business
CUST13638,Kanpur,Consumer
CUST13639,Bangalore,Consumer
CUST13640,Delhi,Consumer
CUST13641,Patna,Consumer
CUST13642,Indore,Student
CUST13643,Mysore,Small Business
CUST13644,Lucknow,Small Business
CUST13645,Mumbai,Consumer
CUST13646,Noida,Small Business
CUST13647,Bhopal,Small Business
CUST13648,Jodhpur,Corporate
CUST13649,Delhi,Consumer
CUST13650,Thane,Student
CUST13651,Chennai,Consumer
CUST13652,Nagpur,Student
CUST13653,Coimbatore,Corporate
CUST13654,Noida,Small Business
CUST13655,Nagpur,Small Business
CUST13656,Madurai,Small Business
CUST13657,Rajkot,Consumer
CUST13658,Chandigarh,Small Business
CUST13659,Mysore,Student
CUST13660,Mumbai,Student
CUST13661,Nashik,Consumer
CUST13662,Surat,Corporate
CUST13663,Delhi,Small Business
CUST13664,Visakhapatnam,Small Business
CUST13665,Vadodara,Small Business
CUST13666,Coimbatore,Student
CUST13667,Rajkot,Corporate
CUST13668,Vadodara,Student
CUST13669,Chandigarh,Consumer
CUST13670,Kolkata,Corporate
CUST13671,Visakhapatnam,Corporate
CUST13672,Nashik,Small Business
CUST13673,Thane,Consumer
CUST13674,Hyderabad,Corporate
CUST13675,Delhi,Student
CUST13676,Nashik,Student
CUST13677,Kanpur,Corporate
CUST13678,Kochi,Corporate
CUST13679,Kochi,Student
CUST13680,Bhopal,Corporate
CUST13681,Ahmedabad,Consumer
CUST13682,Chennai,Corporate
CUST13683,Delhi,Corporate
CUST13684,Gurgaon,Corporate
CUST13685,Madurai,Student
CUST13686,Bangalore,Consumer
CUST13687,Nagpur,Corporate
CUST13688,Pune,Corporate
CUST13689,Nashik,Corporate
CUST13690,Jodhpur,Consumer
CUST13691,Kolkata,Corporate
CUST13692,Chennai,Corporate
CUST13693,Nagpur,Small Business
CUST13694,Mumbai,Student
CUST13695,Jaipur,Student
CUST13696,Indore,Corporate
CUST13697,Nashik,Student
CUST13698,Ahmedabad,Corporate
CUST13699,Kanpur,Corporate
CUST13700,Ahmedabad,Small Business
CUST13701,Jaipur,Consumer
CUST13702,Jaipur,Small Business
CUST13703,Ahmedabad,Small Business
CUST13704,Hyderabad,Corporate
CUST13705,Surat,Consumer
CUST13706,Nashik,Student
CUST13707,Madurai,Corporate
CUST13708,Thane,Corporate
CUST13709,Chandigarh,Small Business
CUST13710,Jaipur,Small Business
CUST13711,Noida,Student
CUST13712,Jaipur,Consumer
CUST13713,Gurgaon,Corporate
CUST13714,Lucknow,Consumer
CUST13715,Bhopal,Student
CUST13716,Bhopal,Small Business
CUST13717,Pune,Corporate
CUST13718,Mysore,Corporate
CUST13719,Coimbatore,Consumer
CUST13720,Mysore,Consumer
CUST13721,Nashik,Small Business
CUST13722,Indore,Consumer
CUST13723,Vadodara,Corporate
CUST13724,Jodhpur,Corporate
CUST13725,Pune,Corporate
CUST13726,Bangalore,Student
CUST13727,Chandigarh,Corporate
CUST13728,Pune,Consumer
CUST13729,Coimbatore,Consumer
CUST13730,Kanpur,Corporate
CUST13731,Bangalore,Student
CUST13732,Coimbatore,Consumer
CUST13733,Indore,Small Business
CUST13734,Chandigarh,Consumer
CUST13735,Kochi,Consumer
CUST13736,Vadodara,Small Business
CUST13737,Nagpur,Consumer
CUST13738,Thane,Corporate
CUST13739,Thane,Small Business
CUST13740,Jodhpur,Small Business
CUST13741,Bangalore,Small Business
CUST13742,Bangalore,Corporate
CUST13743,Gurgaon,Corporate
CUST13744,Lucknow,Small Business
CUST13745,Kanpur,Corporate
CUST13746,Pune,Student
CUST13747,Chandigarh,Small Business
CUST13748,Lucknow,Small Business
CUST13749,Coimbatore,Consumer
CUST13750,Nashik,Consumer
CUST13751,Madurai,Small Business
CUST13752,Jodhpur,Corporate
CUST13753,Pune,Student
CUST13754,Thane,Corporate
CUST13755,Vadodara,Student
CUST13756,Chennai,Small Business
CUST13757,Mysore,Student
CUST13758,Delhi,Corporate
CUST13759,Nashik,Consumer
CUST13760,Delhi,Corporate
CUST13761,Bhopal,Student
CUST13762,Coimbatore,Small Business
CUST13763,Delhi,Small Business
CUST13764,Hyderabad,Corporate
CUST13765,Patna,Student
CUST13766,Patna,Student
CUST13767,Indore,Consumer
CUST13768,Indore,Student
CUST13769,Pune,Corporate
CUST13770,Thane,Small Business
CUST13771,Madurai,Consumer
CUST13772,Delhi,Corporate
CUST13773,Chennai,Student
CUST13774,Coimbatore,Student
CUST13775,Lucknow,Consumer
CUST13776,Ahmedabad,Small Business
CUST13777,Kanpur,Student
CUST13778,Nagpur,Student
CUST13779,Visakhapatnam,Consumer
CUST13780,Bangalore,Corporate
CUST13781,Bangalore,Small Business
CUST13782,Mumbai,Corporate
CUST13783,Visakhapatnam,Consumer
CUST13784,Delhi,Consumer
CUST13785,Nagpur,Small Business
CUST13786,Thane,Corporate
CUST13787,Ahmedabad,Student
CUST13788,Thane,Small Business
CUST13789,Indore,Small Business
CUST13790,Noida,Consumer
CUST13791,Bhopal,Consumer
CUST13792,Patna,Corporate
CUST13793,Madurai,Corporate
CUST13794,Rajkot,Small Business
CUST13795,Jaipur,Corporate
CUST13796,Gurgaon,Corporate
CUST13797,Thane,Small Business
CUST13798,Mumbai,Corporate
CUST13799,Ahmedabad,Corporate
CUST13800,Bangalore,Consumer
CUST13801,Kochi,Student
CUST13802,Bhopal,Consumer
CUST13803,Jaipur,Consumer
CUST13804,Coimbatore,Consumer
CUST13805,Patna,Student
CUST13806,Lucknow,Consumer
CUST13807,Visakhapatnam,Corporate
CUST13808,Madurai,Consumer
CUST13809,Madurai,Consumer
CUST13810,Nagpur,Small Business
CUST13811,Surat,Small Business
CUST13812,Kanpur,Student
CUST13813,Noida,Small Business
CUST13814,Patna,Consumer
CUST13815,Pune,Student
CUST13816,Gurgaon,Consumer
CUST13817,Patna,Corporate
CUST13818,Mumbai,Consumer
CUST13819,Visakhapatnam,Corporate
CUST13820,Trivandrum,Corporate
CUST13821,Bangalore,Corporate
CUST13822,Hyderabad,Small Business
CUST13823,Thane,Consumer
CUST13824,Thane,Corporate
CUST13825,Indore,Consumer
CUST13826,Rajkot,Consumer
CUST13827,Mysore,Small Business
CUST13828,Hyderabad,Consumer
CUST13829,Pune,Corporate
CUST13830,Nagpur,Corporate
CUST13831,Bhopal,Small Business
CUST13832,Kanpur,Student
CUST13833,Mumbai,Consumer
CUST13834,Mumbai,Student
CUST13835,Pune,Student
CUST13836,Nashik,Corporate
CUST13837,Nashik,Student
CUST13838,Rajkot,Corporate
CUST13839,Lucknow,Student
CUST13840,Jaipur,Consumer
CUST13841,Coimbatore,Student
CUST13842,Thane,Student
CUST13843,Chennai,Consumer
CUST13844,Jaipur,Student
CUST13845,Mumbai,Student
CUST13846,Thane,Small Business
CUST13847,Pune,Small Business
CUST13848,Vadodara,Student
CUST13849,Thane,Consumer
CUST13850,Trivandrum,Small Business
CUST13851,Nashik,Consumer
CUST13852,Rajkot,Corporate
CUST13853,Bangalore,Student
CUST13854,Thane,Consumer
CUST13855,Bangalore,Student
CUST13856,Kochi,Small Business
CUST13857,Trivandrum,Small Business
CUST13858,Ahmedabad,Small Business
CUST13859,Jaipur,Small Business
CUST13860,Madurai,Student
CUST13861,Ahmedabad,Consumer
CUST13862,Gurgaon,Corporate
CUST13863,Patna,Corporate
CUST13864,Surat,Small Business
CUST13865,Mysore,Consumer
CUST13866,Bhopal,Student
CUST13867,Coimbatore,Consumer
CUST13868,Nashik,Student
CUST13869,Noida,Corporate
CUST13870,Kanpur,Corporate
CUST13871,Madurai,Corporate
CUST13872,Lucknow,Corporate
CUST13873,Patna,Consumer
CUST13874,Visakhapatnam,Consumer
CUST13875,Noida,Corporate
CUST13876,Madurai,Small Business
CUST13877,Ahmedabad,Consumer
CUST13878,Ahmedabad,Corporate
CUST13879,Delhi,Student
CUST13880,Nagpur,Corporate
CUST13881,Gurgaon,Small Business
CUST13882,Kanpur,Student
CUST13883,Madurai,Student
CUST13884,Kolkata,Small Business
CUST13885,Kanpur,Small Business
CUST13886,Kolkata,Student
CUST13887,Chennai,Small Business
CUST13888,Ahmedabad,Consumer
CUST13889,Jaipur,Corporate
CUST13890,Kanpur,Small Business
CUST13891,Delhi,Consumer
CUST13892,Ahmedabad,Small Business
CUST13893,Nagpur,Corporate
CUST13894,Kochi,Small Business
CUST13895,Delhi,Student
CUST13896,Madurai,Consumer
CUST13897,Vadodara,Small Business
CUST13898,Vadodara,Small Business
CUST13899,Bangalore,Corporate
CUST13900,Lucknow,Student
CUST13901,Kochi,Small Business
CUST13902,Bhopal,Consumer
CUST13903,Pune,Student
CUST13904,Lucknow,Corporate
CUST13905,Lucknow,Small Business
CUST13906,Madurai,Corporate
CUST13907,Pune,Corporate
CUST13908,Thane,Small Business
CUST13909,Vadodara,Student
CUST13910,Mumbai,Small Business
CUST13911,Mumbai,Consumer
CUST13912,Kochi,Small Business
CUST13913,Chandigarh,Consumer
CUST13914,Nashik,Consumer
CUST13915,Gurgaon,Consumer
CUST13916,Pune,Small Business
CUST13917,Noida,Corporate
CUST13918,Mysore,Student
CUST13919,Hyderabad,Consumer
CUST13920,Coimbatore,Corporate
CUST13921,Chennai,Corporate
CUST13922,Kanpur,Corporate
CUST13923,Kanpur,Small Business
CUST13924,Chennai,Corporate
CUST13925,Jodhpur,Consumer
CUST13926,Nashik,Student
CUST13927,Indore,Consumer
CUST13928,Vadodara,Corporate
CUST13929,Mysore,Small Business
CUST13930,Kochi,Corporate
CUST13931,Kanpur,Student
CUST13932,Hyderabad,Small Business
CUST13933,Hyderabad,Consumer
CUST13934,Surat,Student
CUST13935,Lucknow,Small Business
CUST13936,Delhi,Corporate
CUST13937,Mumbai,Corporate
CUST13938,Chennai,Consumer
CUST13939,Noida,Student
CUST13940,Madurai,Corporate
CUST13941,Nagpur,Corporate
CUST13942,Nagpur,Consumer
CUST13943,Coimbatore,Consumer
CUST13944,Lucknow,Corporate
CUST13945,Delhi,Consumer
CUST13946,Lucknow,Corporate
CUST13947,Coimbatore,Consumer
CUST13948,Jodhpur,Small Business
CUST13949,Pune,Consumer
CUST13950,Trivandrum,Consumer
CUST13951,Nagpur,Corporate
CUST13952,Jodhpur,Corporate
CUST13953,Gurgaon,Consumer
CUST13954,Nashik,Small Business
CUST13955,Madurai,Corporate
CUST13956,Jaipur,Consumer
CUST13957,Kochi,Small Business
CUST13958,Bhopal,Corporate
CUST13959,Chennai,Corporate
CUST13960,Pune,Student
CUST13961,Pune,Student
CUST13962,Patna,Student
CUST13963,Chandigarh,Consumer
CUST13964,Jodhpur,Consumer
CUST13965,Noida,Corporate
CUST13966,Kolkata,Student
CUST13967,Bhopal,Student
CUST13968,Nagpur,Small Business
CUST13969,Delhi,Student
CUST13970,Bangalore,Small Business
CUST13971,Bhopal,Consumer
CUST13972,Kolkata,Consumer
CUST13973,Kanpur,Small Business
CUST13974,Visakhapatnam,Corporate
CUST13975,Thane,Corporate
CUST13976,Lucknow,Student
CUST13977,Jaipur,Student
CUST13978,Kanpur,Corporate
CUST13979,Jaipur,Corporate
CUST13980,Vadodara,Consumer
CUST13981,Mysore,Corporate
CUST13982,Mysore,Small Business
CUST13983,Rajkot,Small Business
CUST13984,Hyderabad,Corporate
CUST13985,Delhi,Consumer
CUST13986,Thane,Corporate
CUST13987,Mumbai,Consumer
CUST13988,Kanpur,Corporate
CUST13989,Madurai,Small Business
CUST13990,Madurai,Student
CUST13991,Patna,Small Business
CUST13992,Bhopal,Small Business
CUST13993,Trivandrum,Corporate
CUST13994,Nashik,Student
CUST13995,Surat,Student
CUST13996,Nagpur,Consumer
CUST13997,Trivandrum,Small Business
CUST13998,Chennai,Student
CUST13999,Madurai,Consumer
CUST14000,Ahmedabad,Small Business
CUST14001,Vadodara,Corporate
CUST14002,Ahmedabad,Small Business
CUST14003,Mysore,Corporate
CUST14004,Patna,Consumer
CUST14005,Chennai,Small Business
CUST14006,Mumbai,Consumer
CUST14007,Jaipur,Corporate
CUST14008,Lucknow,Consumer
CUST14009,Chandigarh,Corporate
CUST14010,Jaipur,Corporate
CUST14011,Chennai,Small Business
CUST14012,Bangalore,Small Business
CUST14013,Surat,Small Business
CUST14014,Gurgaon,Small Business
CUST14015,Surat,Small Business
CUST14016,Pune,Consumer
CUST14017,Gurgaon,Consumer
CUST14018,Kolkata,Corporate
CUST14019,Nagpur,Small Business
CUST14020,Chandigarh,Small Business
CUST14021,Bangalore,Small Business
CUST14022,Nagpur,Consumer
CUST14023,Madurai,Consumer
CUST14024,Delhi,Consumer
CUST14025,Kolkata,Consumer
CUST14026,Vadodara,Student
CUST14027,Indore,Corporate
CUST14028,Rajkot,Corporate
CUST14029,Madurai,Corporate
CUST14030,Hyderabad,Small Business
CUST14031,Chennai,Corporate
CUST14032,Nagpur,Corporate
CUST14033,Noida,Consumer
CUST14034,Hyderabad,Student
CUST14035,Pune,Small Business
CUST14036,Trivandrum,Student
CUST14037,Vadodara,Corporate
CUST14038,Rajkot,Small Business
CUST14039,Vadodara,Corporate
CUST14040,Nashik,Student
CUST14041,Kolkata,Consumer
CUST14042,Indore,Small Business
CUST14043,Kochi,Corporate
CUST14044,Lucknow,Corporate
CUST14045,Hyderabad,Small Business
CUST14046,Mumbai,Consumer
CUST14047,Madurai,Corporate
CUST14048,Chandigarh,Student
CUST14049,Rajkot,Small Business
CUST14050,Mysore,Corporate
CUST14051,Jaipur,Small Business
CUST14052,Ahmedabad,Student
CUST14053,Noida,Small Business
CUST14054,Hyderabad,Small Business
CUST14055,Jaipur,Consumer
CUST14056,Bhopal,Consumer
CUST14057,Noida,Consumer
CUST14058,Madurai,Consumer
CUST14059,Chandigarh,Student
CUST14060,Rajkot,Small Business
CUST14061,Chennai,Small Business
CUST14062,Coimbatore,Small Business
CUST14063,Kochi,Corporate
CUST14064,Visakhapatnam,Consumer
CUST14065,Kolkata,Corporate
CUST14066,Jaipur,Consumer
CUST14067,Madurai,Student
CUST14068,Indore,Student
CUST14069,Noida,Small Business
CUST14070,Indore,Consumer
CUST14071,Visakhapatnam,Consumer
CUST14072,Lucknow,Consumer
CUST14073,Kochi,Small Business
CUST14074,Chandigarh,Corporate
CUST14075,Pune,Corporate
CUST14076,Hyderabad,Consumer
CUST14077,Bhopal,Consumer
CUST14078,Kochi,Corporate
CUST14079,Chandigarh,Student
CUST14080,Hyderabad,Small Business
CUST14081,Thane,Student
CUST14082,Lucknow,Small Business
CUST14083,Chennai,Student
CUST14084,Vadodara,Student
CUST14085,Ahmedabad,Student
CUST14086,Mysore,Small Business
CUST14087,Nashik,Consumer
CUST14088,Nagpur,Consumer
CUST14089,Bhopal,Small Business
CUST14090,Kolkata,Corporate
CUST14091,Nagpur,Consumer
CUST14092,Chennai,Consumer
CUST14093,Nagpur,Student
CUST14094,Mumbai,Small Business
CUST14095,Nashik,Small Business
CUST14096,Chandigarh,Corporate
CUST14097,Nashik,Consumer
CUST14098,Lucknow,Consumer
CUST14099,Delhi,Small Business
CUST14100,Gurgaon,Consumer
CUST14101,Jaipur,Student
CUST14102,Thane,Student
CUST14103,Vadodara,Small Business
CUST14104,Surat,Student
CUST14105,Surat,Small Business
CUST14106,Nagpur,Student
CUST14107,Rajkot,Corporate
CUST14108,Chennai,Student
CUST14109,Patna,Corporate
CUST14110,Kochi,Consumer
CUST14111,Thane,Small Business
CUST14112,Noida,Consumer
CUST14113,Coimbatore,Consumer
CUST14114,Noida,Corporate
CUST14115,Lucknow,Student
CUST14116,Vadodara,Student
CUST14117,Chennai,Corporate
CUST14118,Bangalore,Small Business
CUST14119,Pune,Consumer
CUST14120,Hyderabad,Consumer
CUST14121,Jaipur,Corporate
CUST14122,Trivandrum,Student
CUST14123,Kochi,Small Business
CUST14124,Bangalore,Small Business
CUST14125,Pune,Corporate
CUST14126,Bangalore,Small Business
CUST14127,Indore,Student
CUST14128,Jaipur,Student
CUST14129,Kochi,Consumer
CUST14130,Coimbatore,Corporate
CUST14131,Thane,Corporate
CUST14132,Kochi,Small Business
CUST14133,Nagpur,Student
CUST14134,Mumbai,Corporate
CUST14135,Visakhapatnam,Consumer
CUST14136,Thane,Small Business
CUST14137,Patna,Consumer
CUST14138,Rajkot,Corporate
CUST14139,Hyderabad,Small Business
CUST14140,Trivandrum,Student
CUST14141,Mumbai,Corporate
CUST14142,Trivandrum,Small Business
CUST14143,Mysore,Consumer
CUST14144,Mumbai,Small Business
CUST14145,Gurgaon,Consumer
CUST14146,Vadodara,Student
CUST14147,Kolkata,Consumer
CUST14148,Vadodara,Consumer
CUST14149,Delhi,Small Business
CUST14150,Thane,Student
CUST14151,Mumbai,Student
CUST14152,Trivandrum,Consumer
CUST14153,Mumbai,Consumer
CUST14154,Madurai,Consumer
CUST14155,Surat,Student
CUST14156,Ahmedabad,Corporate
CUST14157,Coimbatore,Consumer
CUST14158,Ahmedabad,Consumer
CUST14159,Pune,Student
CUST14160,Chennai,Consumer
CUST14161,Chennai,Small Business
CUST14162,Gurgaon,Student
CUST14163,Kolkata,Consumer
CUST14164,Pune,Corporate
CUST14165,Kochi,Student
CUST14166,Bangalore,Corporate
CUST14167,Coimbatore,Corporate
CUST14168,Trivandrum,Small Business
CUST14169,Ahmedabad,Student
CUST14170,Bangalore,Small Business
CUST14171,Nagpur,Corporate
CUST14172,Rajkot,Corporate
CUST14173,Vadodara,Student
CUST14174,Mumbai,Small Business
CUST14175,Thane,Consumer
CUST14176,Noida,Student
CUST14177,Gurgaon,Small Business
CUST14178,Gurgaon,Corporate
CUST14179,Noida,Consumer
CUST14180,Vadodara,Corporate
CUST14181,Rajkot,Corporate
CUST14182,Mumbai,Student
CUST14183,Chennai,Student
CUST14184,Mysore,Student
CUST14185,Gurgaon,Corporate
CUST14186,Gurgaon,Small Business
CUST14187,Bangalore,Corporate
CUST14188,Jaipur,Student
CUST14189,Jodhpur,Consumer
CUST14190,Vadodara,Corporate
CUST14191,Chennai,Student
CUST14192,Rajkot,Consumer
CUST14193,Kochi,Small Business
CUST14194,Kanpur,Student
CUST14195,Lucknow,Corporate
CUST14196,Pune,Small Business
CUST14197,Hyderabad,Consumer
CUST14198,Jaipur,Consumer
CUST14199,Mysore,Corporate
CUST14200,Bangalore,Corporate
CUST14201,Kolkata,Consumer
CUST14202,Jodhpur,Small Business
CUST14203,Pune,Consumer
CUST14204,Chennai,Consumer
CUST14205,Mumbai,Student
CUST14206,Jodhpur,Student
CUST14207,Thane,Corporate
CUST14208,Thane,Consumer
CUST14209,Kolkata,Consumer
CUST14210,Chennai,Student
CUST14211,Ahmedabad,Consumer
CUST14212,Gurgaon,Student
CUST14213,Kochi,Consumer
CUST14214,Chennai,Small Business
CUST14215,Pune,Consumer
CUST14216,Thane,Corporate
CUST14217,Rajkot,Corporate
CUST14218,Chandigarh,Consumer
CUST14219,Chandigarh,Student
CUST14220,Hyderabad,Small Business
CUST14221,Jodhpur,Consumer
CUST14222,Bhopal,Consumer
CUST14223,Madurai,Corporate
CUST14224,Jaipur,Consumer
CUST14225,Rajkot,Corporate
CUST14226,Thane,Consumer
CUST14227,Madurai,Consumer
CUST14228,Madurai,Consumer
CUST14229,Mysore,Corporate
CUST14230,Kanpur,Corporate
CUST14231,Vadodara,Student
CUST14232,Pune,Student
CUST14233,Chandigarh,Corporate
CUST14234,Nagpur,Small Business
CUST14235,Gurgaon,Small Business
CUST14236,Gurgaon,Consumer
CUST14237,Pune,Consumer
CUST14238,Thane,Small Business
CUST14239,Nashik,Student
CUST14240,Delhi,Corporate
CUST14241,Nashik,Corporate
CUST14242,Hyderabad,Consumer
CUST14243,Hyderabad,Corporate
CUST14244,Nashik,Consumer
CUST14245,Jaipur,Small Business
CUST14246,Coimbatore,Consumer
CUST14247,Delhi,Small Business
CUST14248,Madurai,Consumer
CUST14249,Surat,Consumer
CUST14250,Mumbai,Corporate
CUST14251,Delhi,Corporate
CUST14252,Bhopal,Small Business
CUST14253,Trivandrum,Consumer
CUST14254,Vadodara,Corporate
CUST14255,Jodhpur,Student
CUST14256,Noida,Corporate
CUST14257,Surat,Small Business
CUST14258,Chennai,Consumer
CUST14259,Jaipur,Small Business
CUST14260,Pune,Corporate
CUST14261,Madurai,Small Business
CUST14262,Coimbatore,Corporate
CUST14263,Vadodara,Student
CUST14264,Kochi,Consumer
CUST14265,Visakhapatnam,Student
CUST14266,Thane,Small Business
CUST14267,Ahmedabad,Consumer
CUST14268,Trivandrum,Corporate
CUST14269,Chennai,Consumer
CUST14270,Indore,Consumer
CUST14271,Mysore,Student
CUST14272,Jaipur,Consumer
CUST14273,Rajkot,Corporate
CUST14274,Nashik,Corporate
CUST14275,Pune,Student
CUST14276,Chandigarh,Small Business
CUST14277,Kochi,Corporate
CUST14278,Pune,Corporate
CUST14279,Visakhapatnam,Corporate
CUST14280,Pune,Small Business
CUST14281,Mysore,Corporate
CUST14282,Lucknow,Corporate
CUST14283,Mumbai,Student
CUST14284,Chandigarh,Corporate
CUST14285,Lucknow,Corporate
CUST14286,Bangalore,Small Business
CUST14287,Kochi,Student
CUST14288,Kolkata,Small Business
CUST14289,Vadodara,Student
CUST14290,Jodhpur,Consumer
CUST14291,Hyderabad,Small Business
CUST14292,Vadodara,Small Business
CUST14293,Indore,Consumer
CUST14294,Bhopal,Corporate
CUST14295,Delhi,Small Business
CUST14296,Bhopal,Student
CUST14297,Coimbatore,Small Business
CUST14298,Trivandrum,Small Business
CUST14299,Nashik,Small Business
CUST14300,Patna,Consumer
CUST14301,Vadodara,Consumer
CUST14302,Ahmedabad,Student
CUST14303,Nashik,Small Business
CUST14304,Kanpur,Student
CUST14305,Lucknow,Student
CUST14306,Surat,Student
CUST14307,Gurgaon,Small Business
CUST14308,Coimbatore,Corporate
CUST14309,Delhi,Consumer
CUST14310,Mysore,Corporate
CUST14311,Mumbai,Consumer
CUST14312,Delhi,Corporate
CUST14313,Kolkata,Corporate
CUST14314,Nashik,Consumer
CUST14315,Rajkot,Corporate
CUST14316,Coimbatore,Corporate
CUST14317,Indore,Student
CUST14318,Nashik,Consumer
CUST14319,Madurai,Small Business
CUST14320,Visakhapatnam,Corporate
CUST14321,Kolkata,Student
CUST14322,Jaipur,Consumer
CUST14323,Jodhpur,Small Business
CUST14324,Surat,Student
CUST14325,Madurai,Corporate
CUST14326,Nashik,Consumer
CUST14327,Nashik,Student
CUST14328,Mysore,Small Business
CUST14329,Bangalore,Student
CUST14330,Kanpur,Consumer
CUST14331,Mumbai,Small Business
CUST14332,Bhopal,Corporate
CUST14333,Gurgaon,Small Business
CUST14334,Trivandrum,Consumer
CUST14335,Rajkot,Small Business
CUST14336,Vadodara,Small Business
CUST14337,Kochi,Consumer
CUST14338,Visakhapatnam,Consumer
CUST14339,Hyderabad,Student
CUST14340,Patna,Small Business
CUST14341,Vadodara,Corporate
CUST14342,Surat,Consumer
CUST14343,Vadodara,Consumer
CUST14344,Chennai,Consumer
CUST14345,Rajkot,Corporate
CUST14346,Mysore,Consumer
CUST14347,Jodhpur,Small Business
CUST14348,Nashik,Student
CUST14349,Lucknow,Student
CUST14350,Chandigarh,Corporate
CUST14351,Chandigarh,Small Business
CUST14352,Patna,Corporate
CUST14353,Thane,Consumer
CUST14354,Madurai,Corporate
CUST14355,Trivandrum,Corporate
CUST14356,Bangalore,Consumer
CUST14357,Coimbatore,Small Business
CUST14358,Visakhapatnam,Consumer
CUST14359,Kolkata,Student
CUST14360,Bhopal,Consumer
CUST14361,Noida,Small Business
CUST14362,Patna,Consumer
CUST14363,Hyderabad,Small Business
CUST14364,Mumbai,Corporate
CUST14365,Madurai,Small Business
CUST14366,Jodhpur,Consumer
CUST14367,Nagpur,Student
CUST14368,Delhi,Small Business
CUST14369,Bhopal,Student
CUST14370,Gurgaon,Consumer
CUST14371,Hyderabad,Small Business
CUST14372,Madurai,Consumer
CUST14373,Kanpur,Corporate
CUST14374,Bangalore,Small Business
CUST14375,Bangalore,Consumer
CUST14376,Chandigarh,Student
CUST14377,Chennai,Corporate
CUST14378,Pune,Corporate
CUST14379,Kochi,Corporate
CUST14380,Kochi,Corporate
CUST14381,Pune,Consumer
CUST14382,Thane,Small Business
CUST14383,Indore,Corporate
CUST14384,Nashik,Consumer
CUST14385,Mumbai,Student
CUST14386,Bhopal,Consumer
CUST14387,Ahmedabad,Student
CUST14388,Kolkata,Corporate
CUST14389,Mumbai,Corporate
CUST14390,Kanpur,Student
CUST14391,Ahmedabad,Student
CUST14392,Kolkata,Small Business
CUST14393,Bangalore,Consumer
CUST14394,Pune,Corporate
CUST14395,Vadodara,Student
CUST14396,Mumbai,Consumer
CUST14397,Jodhpur,Student
CUST14398,Kochi,Small Business
CUST14399,Pune,Small Business
CUST14400,Thane,Consumer
CUST14401,Pune,Student
CUST14402,Lucknow,Consumer
CUST14403,Jodhpur,Student
CUST14404,Patna,Corporate
CUST14405,Ahmedabad,Student
CUST14406,Pune,Small Business
CUST14407,Chennai,Small Business
CUST14408,Vadodara,Consumer
CUST14409,Kanpur,Student
CUST14410,Trivandrum,Small Business
CUST14411,Thane,Consumer
CUST14412,Hyderabad,Small Business
CUST14413,Delhi,Consumer
CUST14414,Kanpur,Student
CUST14415,Jaipur,Small Business
CUST14416,Mumbai,Small Business
CUST14417,Jodhpur,Student
CUST14418,Madurai,Small Business
CUST14419,Nashik,Student
CUST14420,Jodhpur,Student
CUST14421,Bhopal,Small Business
CUST14422,Rajkot,Small Business
CUST14423,Nashik,Corporate
CUST14424,Madurai,Small Business
CUST14425,Ahmedabad,Small Business
CUST14426,Chennai,Small Business
CUST14427,Nagpur,Corporate
CUST14428,Noida,Consumer
CUST14429,Bhopal,Small Business
CUST14430,Lucknow,Small Business
CUST14431,Coimbatore,Consumer
CUST14432,Indore,Consumer
CUST14433,Pune,Student
CUST14434,Lucknow,Corporate
CUST14435,Mumbai,Corporate
CUST14436,Hyderabad,Student
CUST14437,Kanpur,Consumer
CUST14438,Nagpur,Student
CUST14439,Lucknow,Consumer
CUST14440,Coimbatore,Small Business
CUST14441,Visakhapatnam,Student
CUST14442,Chandigarh,Student
CUST14443,Nashik,Small Business
CUST14444,Nashik,Small Business
CUST14445,Pune,Student
CUST14446,Hyderabad,Student
CUST14447,Bhopal,Student
CUST14448,Rajkot,Consumer
CUST14449,Thane,Small Business
CUST14450,Nashik,Student
CUST14451,Kolkata,Small Business
CUST14452,Trivandrum,Student
CUST14453,Nagpur,Student
CUST14454,Chandigarh,Corporate
CUST14455,Delhi,Small Business
CUST14456,Nashik,Small Business
CUST14457,Gurgaon,Consumer
CUST14458,Jodhpur,Small Business
CUST14459,Nashik,Consumer
CUST14460,Mysore,Student
CUST14461,Madurai,Consumer
CUST14462,Indore,Consumer
CUST14463,Lucknow,Small Business
CUST14464,Bangalore,Corporate
CUST14465,Visakhapatnam,Corporate
CUST14466,Delhi,Consumer
CUST14467,Nagpur,Student
CUST14468,Vadodara,Student
CUST14469,Jodhpur,Small Business
CUST14470,Bhopal,Small Business
CUST14471,Kochi,Small Business
CUST14472,Coimbatore,Corporate
CUST14473,Chandigarh,Corporate
CUST14474,Surat,Consumer
CUST14475,Rajkot,Corporate
CUST14476,Vadodara,Corporate
CUST14477,Madurai,Small Business
CUST14478,Chandigarh,Small Business
CUST14479,Bangalore,Small Business
CUST14480,Kochi,Student
CUST14481,Visakhapatnam,Corporate
CUST14482,Thane,Student
CUST14483,Kanpur,Consumer
CUST14484,Chandigarh,Small Business
CUST14485,Bhopal,Corporate
CUST14486,Kanpur,Small Business
CUST14487,Jaipur,Corporate
CUST14488,Kochi,Corporate
CUST14489,Ahmedabad,Student
CUST14490,Thane,Corporate
CUST14491,Ahmedabad,Consumer
CUST14492,Hyderabad,Student
CUST14493,Gurgaon,Consumer
CUST14494,Patna,Corporate
CUST14495,Madurai,Corporate
CUST14496,Bangalore,Corporate
CUST14497,Ahmedabad,Consumer
CUST14498,Bhopal,Small Business
CUST14499,Jaipur,Consumer
CUST14500,Gurgaon,Student
CUST14501,Indore,Corporate
CUST14502,Bhopal,Small Business
CUST14503,Surat,Corporate
CUST14504,Jaipur,Small Business
CUST14505,Nashik,Corporate
CUST14506,Gurgaon,Small Business
CUST14507,Lucknow,Consumer
CUST14508,Mumbai,Corporate
CUST14509,Chennai,Small Business
CUST14510,Thane,Student
CUST14511,Lucknow,Consumer
CUST14512,Coimbatore,Corporate
CUST14513,Rajkot,Small Business
CUST14514,Delhi,Consumer
CUST14515,Mysore,Student
CUST14516,Ahmedabad,Consumer
CUST14517,Bangalore,Small Business
CUST14518,Nashik,Small Business
CUST14519,Patna,Student
CUST14520,Chandigarh,Corporate
CUST14521,Mysore,Consumer
CUST14522,Ahmedabad,Corporate
CUST14523,Nashik,Consumer
CUST14524,Thane,Student
CUST14525,Surat,Student
CUST14526,Delhi,Small Business
CUST14527,Lucknow,Consumer
CUST14528,Lucknow,Corporate
CUST14529,Bangalore,Small Business
CUST14530,Chennai,Corporate
CUST14531,Delhi,Small Business
CUST14532,Rajkot,Small Business
CUST14533,Patna,Student
CUST14534,Rajkot,Small Business
CUST14535,Mysore,Small Business
CUST14536,Noida,Corporate
CUST14537,Mysore,Consumer
CUST14538,Surat,Small Business
CUST14539,Madurai,Corporate
CUST14540,Mumbai,Small Business
CUST14541,Lucknow,Small Business
CUST14542,Kolkata,Consumer
CUST14543,Jodhpur,Small Business
CUST14544,Indore,Small Business
CUST14545,Kanpur,Corporate
CUST14546,Visakhapatnam,Consumer
CUST14547,Thane,Consumer
CUST14548,Patna,Small Business
CUST14549,Coimbatore,Consumer
CUST14550,Coimbatore,Student
CUST14551,Bangalore,Small Business
CUST14552,Hyderabad,Corporate
CUST14553,Jaipur,Small Business
CUST14554,Surat,Student
CUST14555,Delhi,Corporate
CUST14556,Delhi,Consumer
CUST14557,Trivandrum,Student
CUST14558,Gurgaon,Small Business
CUST14559,Mysore,Small Business
CUST14560,Coimbatore,Student
CUST14561,Kanpur,Consumer
CUST14562,Jaipur,Student
CUST14563,Kanpur,Corporate
CUST14564,Noida,Small Business
CUST14565,Ahmedabad,Corporate
CUST14566,Mysore,Student
CUST14567,Kolkata,Corporate
CUST14568,Ahmedabad,Small Business
CUST14569,Kolkata,Corporate
CUST14570,Noida,Small Business
CUST14571,Vadodara,Consumer
CUST14572,Thane,Consumer
CUST14573,Kanpur,Corporate
CUST14574,Kanpur,Student
CUST14575,Vadodara,Consumer
CUST14576,Kolkata,Corporate
CUST14577,Jodhpur,Consumer
CUST14578,Indore,Student
CUST14579,Bhopal,Small Business
CUST14580,Noida,Student
CUST14581,Indore,Consumer
CUST14582,Noida,Corporate
CUST14583,Madurai,Corporate
CUST14584,Bangalore,Consumer
CUST14585,Surat,Consumer
CUST14586,Indore,Student
CUST14587,Coimbatore,Consumer
CUST14588,Nagpur,Consumer
CUST14589,Noida,Student
CUST14590,Patna,Small Business
CUST14591,Chandigarh,Consumer
CUST14592,Kolkata,Small Business
CUST14593,Chandigarh,Small Business
CUST14594,Vadodara,Small Business
CUST14595,Noida,Small Business
CUST14596,Ahmedabad,Small Business
CUST14597,Coimbatore,Student
CUST14598,Vadodara,Corporate
CUST14599,Chennai,Student
CUST14600,Trivandrum,Consumer
CUST14601,Indore,Small Business
CUST14602,Trivandrum,Corporate
CUST14603,Nashik,Small Business
CUST14604,Noida,Consumer
CUST14605,Trivandrum,Student
CUST14606,Thane,Corporate
CUST14607,Rajkot,Student
CUST14608,Bangalore,Student
CUST14609,Madurai,Corporate
CUST14610,Delhi,Student
CUST14611,Thane,Small Business
CUST14612,Visakhapatnam,Corporate
CUST14613,Mysore,Student
CUST14614,Hyderabad,Student
CUST14615,Hyderabad,Student
CUST14616,Lucknow,Student
CUST14617,Madurai,Small Business
CUST14618,Kolkata,Corporate
CUST14619,Nagpur,Student
CUST14620,Visakhapatnam,Consumer
CUST14621,Indore,Small Business
CUST14622,Jodhpur,Consumer
CUST14623,Bhopal,Corporate
CUST14624,Thane,Consumer
CUST14625,Trivandrum,Small Business
CUST14626,Mysore,Corporate
CUST14627,Coimbatore,Corporate
CUST14628,Thane,Corporate
CUST14629,Rajkot,Corporate
CUST14630,Indore,Student
CUST14631,Visakhapatnam,Small Business
CUST14632,Kanpur,Corporate
CUST14633,Jodhpur,Small Business
CUST14634,Noida,Student
CUST14635,Bhopal,Small Business
CUST14636,Chandigarh,Corporate
CUST14637,Bhopal,Student
CUST14638,Jodhpur,Consumer
CUST14639,Bhopal,Corporate
CUST14640,Coimbatore,Corporate
CUST14641,Chennai,Small Business
CUST14642,Gurgaon,Corporate
CUST14643,Jaipur,Small Business
CUST14644,Lucknow,Consumer
CUST14645,Gurgaon,Consumer
CUST14646,Gurgaon,Small Business
CUST14647,Surat,Corporate
CUST14648,Gurgaon,Corporate
CUST14649,Gurgaon,Corporate
CUST14650,Ahmedabad,Consumer
CUST14651,Bangalore,Corporate
CUST14652,Trivandrum,Small Business
CUST14653,Jaipur,Corporate
CUST14654,Kochi,Student
CUST14655,Trivandrum,Small Business
CUST14656,Chandigarh,Student
CUST14657,Nagpur,Consumer
CUST14658,Bhopal,Student
CUST14659,Mysore,Consumer
CUST14660,Gurgaon,Corporate
CUST14661,Nagpur,Small Business
CUST14662,Visakhapatnam,Corporate
CUST14663,Kochi,Small Business
CUST14664,Nagpur,Small Business
CUST14665,Hyderabad,Corporate
CUST14666,Nashik,Small Business
CUST14667,Vadodara,Student
CUST14668,Kanpur,Corporate
CUST14669,Lucknow,Small Business
CUST14670,Vadodara,Student
CUST14671,Rajkot,Corporate
CUST14672,Noida,Small Business
CUST14673,Chandigarh,Small Business
CUST14674,Rajkot,Small Business
CUST14675,Gurgaon,Small Business
CUST14676,Jaipur,Student
CUST14677,Hyderabad,Consumer
CUST14678,Trivandrum,Small Business
CUST14679,Lucknow,Corporate
CUST14680,Coimbatore,Student
CUST14681,Nagpur,Corporate
CUST14682,Rajkot,Consumer
CUST14683,Madurai,Corporate
CUST14684,Bhopal,Corporate
CUST14685,Mumbai,Student
CUST14686,Surat,Consumer
CUST14687,Trivandrum,Student
CUST14688,Chandigarh,Student
CUST14689,Coimbatore,Small Business
CUST14690,Jaipur,Student
CUST14691,Mumbai,Corporate
CUST14692,Mysore,Corporate
CUST14693,Coimbatore,Student
CUST14694,Chennai,Corporate
CUST14695,Ahmedabad,Student
CUST14696,Chennai,Consumer
CUST14697,Thane,Corporate
CUST14698,Chandigarh,Student
CUST14699,Delhi,Corporate
CUST14700,Patna,Corporate
CUST14701,Surat,Consumer
CUST14702,Bangalore,Corporate
CUST14703,Madurai,Consumer
CUST14704,Jodhpur,Corporate
CUST14705,Kochi,Small Business
CUST14706,Chennai,Corporate
CUST14707,Visakhapatnam,Corporate
CUST14708,Mysore,Student
CUST14709,Vadodara,Small Business
CUST14710,Delhi,Corporate
CUST14711,Pune,Small Business
CUST14712,Indore,Student
CUST14713,Pune,Student
CUST14714,Nashik,Small Business
CUST14715,Chennai,Corporate
CUST14716,Vadodara,Consumer
CUST14717,Pune,Corporate
CUST14718,Bhopal,Small Business
CUST14719,Patna,Student
CUST14720,Nagpur,Corporate
CUST14721,Visakhapatnam,Consumer
CUST14722,Indore,Consumer
CUST14723,Lucknow,Consumer
CUST14724,Coimbatore,Student
CUST14725,Surat,Consumer
CUST14726,Patna,Consumer
CUST14727,Visakhapatnam,Small Business
CUST14728,Pune,Corporate
CUST14729,Trivandrum,Small Business
CUST14730,Bangalore,Consumer
CUST14731,Jaipur,Consumer
CUST14732,Nashik,Student
CUST14733,Bangalore,Consumer
CUST14734,Visakhapatnam,Student
CUST14735,Chandigarh,Consumer
CUST14736,Bangalore,Corporate
CUST14737,Lucknow,Consumer
CUST14738,Indore,Consumer
CUST14739,Patna,Student
CUST14740,Trivandrum,Small Business
CUST14741,Pune,Consumer
CUST14742,Jaipur,Small Business
CUST14743,Chandigarh,Small Business
CUST14744,Patna,Student
CUST14745,Lucknow,Small Business
CUST14746,Visakhapatnam,Student
CUST14747,Nagpur,Corporate
CUST14748,Surat,Student
CUST14749,Gurgaon,Student
CUST14750,Vadodara,Consumer
CUST14751,Pune,Small Business
CUST14752,Pune,Corporate
CUST14753,Bangalore,Consumer
CUST14754,Bhopal,Corporate
CUST14755,Surat,Corporate
CUST14756,Delhi,Consumer
CUST14757,Bhopal,Corporate
CUST14758,Hyderabad,Small Business
CUST14759,Chennai,Corporate
CUST14760,Patna,Small Business
CUST14761,Pune,Consumer
CUST14762,Nashik,Small Business
CUST14763,Kanpur,Corporate
CUST14764,Vadodara,Corporate
CUST14765,Bangalore,Student
CUST14766,Patna,Student
CUST14767,Mysore,Student
CUST14768,Kanpur,Corporate
CUST14769,Delhi,Small Business
CUST14770,Nashik,Corporate
CUST14771,Nashik,Consumer
CUST14772,Delhi,Small Business
CUST14773,Mumbai,Consumer
CUST14774,Visakhapatnam,Small Business
CUST14775,Chennai,Corporate
CUST14776,Delhi,Small Business
CUST14777,Trivandrum,Consumer
CUST14778,Kanpur,Small Business
CUST14779,Lucknow,Corporate
CUST14780,Ahmedabad,Small Business
CUST14781,Rajkot,Small Business
CUST14782,Hyderabad,Small Business
CUST14783,Jodhpur,Consumer
CUST14784,Lucknow,Small Business
CUST14785,Delhi,Student
CUST14786,Jaipur,Student
CUST14787,Chandigarh,Corporate
CUST14788,Hyderabad,Corporate
CUST14789,Delhi,Corporate
CUST14790,Noida,Corporate
CUST14791,Patna,Student
CUST14792,Visakhapatnam,Corporate
CUST14793,Ahmedabad,Corporate
CUST14794,Indore,Student
CUST14795,Surat,Corporate
CUST14796,Trivandrum,Small Business
CUST14797,Rajkot,Consumer
CUST14798,Gurgaon,Corporate
CUST14799,Kanpur,Consumer
CUST14800,Thane,Consumer
CUST14801,Bangalore,Student
CUST14802,Kanpur,Small Business
CUST14803,Nagpur,Student
CUST14804,Indore,Student
CUST14805,Kolkata,Corporate
CUST14806,Nagpur,Small Business
CUST14807,Indore,Small Business
CUST14808,Delhi,Corporate
CUST14809,Patna,Corporate
CUST14810,Bhopal,Small Business
CUST14811,Chandigarh,Small Business
CUST14812,Kolkata,Corporate
CUST14813,Mysore,Consumer
CUST14814,Pune,Small Business
CUST14815,Rajkot,Consumer
CUST14816,Kolkata,Consumer
CUST14817,Lucknow,Student
CUST14818,Jaipur,Small Business
CUST14819,Indore,Student
CUST14820,Pune,Small Business
CUST14821,Chandigarh,Consumer
CUST14822,Chandigarh,Corporate
CUST14823,Hyderabad,Small Business
CUST14824,Kochi,Consumer
CUST14825,Trivandrum,Student
CUST14826,Indore,Small Business
CUST14827,Chandigarh,Student
CUST14828,Nashik,Corporate
CUST14829,Visakhapatnam,Small Business
CUST14830,Visakhapatnam,Corporate
CUST14831,Hyderabad,Corporate
CUST14832,Nagpur,Small Business
CUST14833,Chennai,Corporate
CUST14834,Thane,Small Business
CUST14835,Vadodara,Student
CUST14836,Mysore,Student
CUST14837,Indore,Consumer
CUST14838,Madurai,Corporate
CUST14839,Thane,Student
CUST14840,Kochi,Corporate
CUST14841,Pune,Consumer
CUST14842,Coimbatore,Student
CUST14843,Coimbatore,Small Business
CUST14844,Delhi,Student
CUST14845,Kolkata,Corporate
CUST14846,Trivandrum,Student
CUST14847,Bhopal,Corporate
CUST14848,Nagpur,Small Business
CUST14849,Kanpur,Student
CUST14850,Kochi,Corporate
CUST14851,Indore,Consumer
CUST14852,Mysore,Small Business
CUST14853,Madurai,Consumer
CUST14854,Nashik,Student
CUST14855,Bhopal,Student
CUST14856,Madurai,Small Business
CUST14857,Visakhapatnam,Small Business
CUST14858,Surat,Small Business
CUST14859,Nagpur,Corporate
CUST14860,Kanpur,Student
CUST14861,Surat,Corporate
CUST14862,Delhi,Consumer
CUST14863,Mumbai,Corporate
CUST14864,Chennai,Small Business
CUST14865,Nagpur,Corporate
CUST14866,Coimbatore,Corporate
CUST14867,Coimbatore,Small Business
CUST14868,Surat,Consumer
CUST14869,Bangalore,Consumer
CUST14870,Hyderabad,Small Business
CUST14871,Kolkata,Small Business
CUST14872,Jodhpur,Student
CUST14873,Kochi,Corporate
CUST14874,Jaipur,Student
CUST14875,Lucknow,Small Business
CUST14876,Kanpur,Student
CUST14877,Delhi,Corporate
CUST14878,Thane,Corporate
CUST14879,Pune,Student
CUST14880,Mumbai,Consumer
CUST14881,Delhi,Consumer
CUST14882,Madurai,Consumer
CUST14883,Lucknow,Small Business
CUST14884,Hyderabad,Student
CUST14885,Chennai,Student
CUST14886,Coimbatore,Small Business
CUST14887,Mumbai,Student
CUST14888,Indore,Student
CUST14889,Kanpur,Small Business
CUST14890,Gurgaon,Student
CUST14891,Jaipur,Student
CUST14892,Bangalore,Student
CUST14893,Jaipur,Consumer
CUST14894,Mysore,Student
CUST14895,Vadodara,Consumer
CUST14896,Thane,Consumer
CUST14897,Pune,Small Business
CUST14898,Coimbatore,Student
CUST14899,Chandigarh,Corporate
CUST14900,Surat,Student
CUST14901,Patna,Consumer
CUST14902,Thane,Consumer
CUST14903,Mysore,Small Business
CUST14904,Nagpur,Student
CUST14905,Jaipur,Corporate
CUST14906,Indore,Consumer
CUST14907,Nashik,Consumer
CUST14908,Mysore,Consumer
CUST14909,Mumbai,Corporate
CUST14910,Patna,Consumer
CUST14911,Kolkata,Corporate
CUST14912,Patna,Small Business
CUST14913,Lucknow,Small Business
CUST14914,Surat,Small Business
CUST14915,Lucknow,Small Business
CUST14916,Nashik,Consumer
CUST14917,Bangalore,Student
CUST14918,Pune,Consumer
CUST14919,Pune,Small Business
CUST14920,Hyderabad,Corporate
CUST14921,Rajkot,Consumer
CUST14922,Pune,Student
CUST14923,Gurgaon,Consumer
CUST14924,Mysore,Corporate
CUST14925,Trivandrum,Student
CUST14926,Jaipur,Small Business
CUST14927,Madurai,Student
CUST14928,Rajkot,Consumer
CUST14929,Delhi,Corporate
CUST14930,Kochi,Student
CUST14931,Trivandrum,Student
CUST14932,Bhopal,Small Business
CUST14933,Jaipur,Consumer
CUST14934,Rajkot,Consumer
CUST14935,Coimbatore,Student
CUST14936,Pune,Consumer
CUST14937,Jaipur,Consumer
CUST14938,Madurai,Small Business
CUST14939,Pune,Student
CUST14940,Chandigarh,Student
CUST14941,Chandigarh,Small Business
CUST14942,Jaipur,Consumer
CUST14943,Coimbatore,Student
CUST14944,Delhi,Student
CUST14945,Lucknow,Student
CUST14946,Bangalore,Student
CUST14947,Thane,Student
CUST14948,Lucknow,Consumer
CUST14949,Hyderabad,Corporate
CUST14950,Chennai,Consumer
CUST14951,Jodhpur,Consumer
CUST14952,Noida,Student
CUST14953,Kanpur,Small Business
CUST14954,Gurgaon,Consumer
CUST14955,Jaipur,Consumer
CUST14956,Gurgaon,Student
CUST14957,Pune,Small Business
CUST14958,Chennai,Corporate
CUST14959,Bhopal,Student
CUST14960,Ahmedabad,Small Business
CUST14961,Delhi,Consumer
CUST14962,Delhi,Student
CUST14963,Mysore,Corporate
CUST14964,Indore,Student
CUST14965,Jodhpur,Student
CUST14966,Nagpur,Student
CUST14967,Nashik,Small Business
CUST14968,Rajkot,Student
CUST14969,Kanpur,Consumer
CUST14970,Nagpur,Small Business
CUST14971,Thane,Corporate
CUST14972,Mysore,Consumer
CUST14973,Noida,Student
CUST14974,Jaipur,Student
CUST14975,Rajkot,Corporate
CUST14976,Kanpur,Student
CUST14977,Vadodara,Small Business
CUST14978,Hyderabad,Small Business
CUST14979,Kolkata,Consumer
CUST14980,Chennai,Corporate
CUST14981,Patna,Consumer
CUST14982,Jodhpur,Consumer
CUST14983,Ahmedabad,Corporate
CUST14984,Gurgaon,Consumer
CUST14985,Chennai,Student
CUST14986,Noida,Student
CUST14987,Visakhapatnam,Small Business
CUST14988,Hyderabad,Consumer
CUST14989,Bangalore,Corporate
CUST14990,Trivandrum,Small Business
CUST14991,Pune,Student
CUST14992,Chennai,Student
CUST14993,Indore,Small Business
CUST14994,Coimbatore,Corporate
CUST14995,Thane,Small Business
CUST14996,Gurgaon,Student
CUST14997,Surat,Consumer
CUST14998,Hyderabad,Consumer
CUST14999,Nashik,Consumer
CUST15000,Madurai,Small Business
CUST15001,Indore,Corporate
CUST15002,Kolkata,Small Business
CUST15003,Bhopal,Corporate
CUST15004,Thane,Student
CUST15005,Surat,Corporate
CUST15006,Bangalore,Corporate
CUST15007,Ahmedabad,Consumer
CUST15008,Vadodara,Student
CUST15009,Thane,Consumer
CUST15010,Surat,Consumer
CUST15011,Visakhapatnam,Small Business
CUST15012,Chandigarh,Student
CUST15013,Ahmedabad,Small Business
CUST15014,Jaipur,Consumer
CUST15015,Patna,Student
CUST15016,Gurgaon,Corporate
CUST15017,Patna,Student
CUST15018,Chennai,Consumer
CUST15019,Gurgaon,Corporate
CUST15020,Pune,Small Business
CUST15021,Mysore,Student
CUST15022,Bhopal,Small Business
CUST15023,Indore,Student
CUST15024,Mumbai,Student
CUST15025,Patna,Student
CUST15026,Madurai,Small Business
CUST15027,Mumbai,Small Business
CUST15028,Rajkot,Student
CUST15029,Delhi,Consumer
CUST15030,Ahmedabad,Small Business
CUST15031,Coimbatore,Student
CUST15032,Patna,Consumer
CUST15033,Pune,Student
CUST15034,Lucknow,Small Business
CUST15035,Visakhapatnam,Consumer
CUST15036,Chennai,Corporate
CUST15037,Rajkot,Consumer
CUST15038,Kanpur,Small Business
CUST15039,Rajkot,Consumer
CUST15040,Chandigarh,Consumer
CUST15041,Indore,Corporate
CUST15042,Rajkot,Consumer
CUST15043,Thane,Consumer
CUST15044,Trivandrum,Consumer
CUST15045,Patna,Small Business
CUST15046,Vadodara,Corporate
CUST15047,Noida,Small Business
CUST15048,Rajkot,Consumer
CUST15049,Indore,Student
CUST15050,Vadodara,Consumer
CUST15051,Madurai,Small Business
CUST15052,Delhi,Student
CUST15053,Noida,Corporate
CUST15054,Trivandrum,Consumer
CUST15055,Jaipur,Corporate
CUST15056,Kolkata,Student
CUST15057,Kanpur,Small Business
CUST15058,Kanpur,Corporate
CUST15059,Kanpur,Corporate
CUST15060,Pune,Small Business
CUST15061,Bhopal,Small Business
CUST15062,Visakhapatnam,Small Business
CUST15063,Jaipur,Student
CUST15064,Hyderabad,Student
CUST15065,Madurai,Student
CUST15066,Ahmedabad,Consumer
CUST15067,Madurai,Student
CUST15068,Noida,Student
CUST15069,Coimbatore,Small Business
CUST15070,Chennai,Corporate
CUST15071,Ahmedabad,Corporate
CUST15072,Kolkata,Student
CUST15073,Hyderabad,Student
CUST15074,Kanpur,Student
CUST15075,Jodhpur,Small Business
CUST15076,Kochi,Student
CUST15077,Mumbai,Student
CUST15078,Patna,Consumer
CUST15079,Indore,Small Business
CUST15080,Coimbatore,Small Business
CUST15081,Vadodara,Corporate
CUST15082,Madurai,Consumer
CUST15083,Hyderabad,Corporate
CUST15084,Jaipur,Small Business
CUST15085,Kochi,Corporate
CUST15086,Hyderabad,Small Business
CUST15087,Ahmedabad,Small Business
CUST15088,Visakhapatnam,Small Business
CUST15089,Lucknow,Small Business
CUST15090,Noida,Student
CUST15091,Chandigarh,Student
CUST15092,Nashik,Student
CUST15093,Rajkot,Student
CUST15094,Visakhapatnam,Student
CUST15095,Kochi,Small Business
CUST15096,Thane,Corporate
CUST15097,Trivandrum,Student
CUST15098,Thane,Consumer
CUST15099,Madurai,Student
CUST15100,Visakhapatnam,Corporate
CUST15101,Hyderabad,Corporate
CUST15102,Surat,Consumer
CUST15103,Coimbatore,Small Business
CUST15104,Madurai,Small Business
CUST15105,Ahmedabad,Student
CUST15106,Nashik,Student
CUST15107,Madurai,Student
CUST15108,Thane,Small Business
CUST15109,Surat,Corporate
CUST15110,Kolkata,Small Business
CUST15111,Kolkata,Student
CUST15112,Bhopal,Small Business
CUST15113,Chennai,Consumer
CUST15114,Kolkata,Consumer
CUST15115,Mumbai,Corporate
CUST15116,Noida,Student
CUST15117,Nashik,Consumer
CUST15118,Kanpur,Corporate
CUST15119,Pune,Corporate
CUST15120,Jaipur,Corporate
CUST15121,Kanpur,Consumer
CUST15122,Chandigarh,Consumer
CUST15123,Madurai,Student
CUST15124,Vadodara,Student
CUST15125,Mumbai,Corporate
CUST15126,Madurai,Consumer
CUST15127,Noida,Small Business
CUST15128,Bangalore,Corporate
CUST15129,Madurai,Small Business
CUST15130,Indore,Small Business
CUST15131,Jodhpur,Student
CUST15132,Gurgaon,Small Business
CUST15133,Kanpur,Corporate
CUST15134,Gurgaon,Consumer
CUST15135,Delhi,Small Business
CUST15136,Surat,Consumer
CUST15137,Bangalore,Consumer
CUST15138,Bhopal,Small Business
CUST15139,Hyderabad,Consumer
CUST15140,Delhi,Corporate
CUST15141,Hyderabad,Student
CUST15142,Mumbai,Corporate
CUST15143,Kanpur,Consumer
CUST15144,Pune,Consumer
CUST15145,Rajkot,Consumer
CUST15146,Pune,Small Business
CUST15147,Trivandrum,Corporate
CUST15148,Jodhpur,Consumer
CUST15149,Mumbai,Small Business
CUST15150,Mysore,Corporate
CUST15151,Gurgaon,Student
CUST15152,Kochi,Consumer
CUST15153,Kanpur,Consumer
CUST15154,Jodhpur,Consumer
CUST15155,Chandigarh,Consumer
CUST15156,Chandigarh,Student
CUST15157,Pune,Small Business
CUST15158,Bangalore,Student
CUST15159,Rajkot,Student
CUST15160,Coimbatore,Small Business
CUST15161,Vadodara,Consumer
CUST15162,Kochi,Consumer
CUST15163,Trivandrum,Student
CUST15164,Thane,Student
CUST15165,Surat,Student
CUST15166,Trivandrum,Student
CUST15167,Indore,Small Business
CUST15168,Patna,Student
CUST15169,Madurai,Student
CUST15170,Bhopal,Consumer
CUST15171,Mysore,Consumer
CUST15172,Patna,Consumer
CUST15173,Visakhapatnam,Student
CUST15174,Bhopal,Corporate
CUST15175,Chennai,Small Business
CUST15176,Trivandrum,Consumer
CUST15177,Noida,Small Business
CUST15178,Indore,Student
CUST15179,Bangalore,Small Business
CUST15180,Kochi,Small Business
CUST15181,Chandigarh,Small Business
CUST15182,Hyderabad,Small Business
CUST15183,Trivandrum,Consumer
CUST15184,Kochi,Student
CUST15185,Delhi,Corporate
CUST15186,Pune,Student
CUST15187,Mysore,Small Business
CUST15188,Thane,Consumer
CUST15189,Lucknow,Small Business
CUST15190,Bhopal,Consumer
CUST15191,Coimbatore,Corporate
CUST15192,Mumbai,Student
CUST15193,Visakhapatnam,Small Business
CUST15194,Surat,Student
CUST15195,Nagpur,Consumer
CUST15196,Kanpur,Consumer
CUST15197,Jodhpur,Consumer
CUST15198,Pune,Consumer
CUST15199,Ahmedabad,Small Business
CUST15200,Visakhapatnam,Corporate
CUST15201,Delhi,Corporate
CUST15202,Gurgaon,Small Business
CUST15203,Hyderabad,Consumer
CUST15204,Jodhpur,Student
CUST15205,Delhi,Student
CUST15206,Madurai,Small Business
CUST15207,Coimbatore,Student
CUST15208,Trivandrum,Student
CUST15209,Trivandrum,Corporate
CUST15210,Pune,Corporate
CUST15211,Jodhpur,Corporate
CUST15212,Coimbatore,Small Business
CUST15213,Visakhapatnam,Student
CUST15214,Chandigarh,Corporate
CUST15215,Rajkot,Consumer
CUST15216,Lucknow,Student
CUST15217,Madurai,Corporate
CUST15218,Vadodara,Corporate
CUST15219,Gurgaon,Small Business
CUST15220,Thane,Corporate
CUST15221,Rajkot,Student
CUST15222,Vadodara,Corporate
CUST15223,Bangalore,Small Business
CUST15224,Visakhapatnam,Small Business
CUST15225,Kolkata,Consumer
CUST15226,Visakhapatnam,Small Business
CUST15227,Patna,Consumer
CUST15228,Chandigarh,Student
CUST15229,Surat,Small Business
CUST15230,Thane,Small Business
CUST15231,Jaipur,Small Business
CUST15232,Vadodara,Small Business
CUST15233,Patna,Small Business
CUST15234,Lucknow,Consumer
CUST15235,Lucknow,Corporate
CUST15236,Nashik,Student
CUST15237,Kolkata,Corporate
CUST15238,Mysore,Student
CUST15239,Ahmedabad,Corporate
CUST15240,Ahmedabad,Small Business
CUST15241,Nagpur,Consumer
CUST15242,Trivandrum,Corporate
CUST15243,Mysore,Consumer
CUST15244,Thane,Corporate
CUST15245,Chandigarh,Student
CUST15246,Coimbatore,Student
CUST15247,Ahmedabad,Corporate
CUST15248,Surat,Corporate
CUST15249,Mumbai,Student
CUST15250,Kanpur,Consumer
CUST15251,Kochi,Student
CUST15252,Nagpur,Small Business
CUST15253,Bhopal,Student
CUST15254,Chennai,Consumer
CUST15255,Trivandrum,Corporate
CUST15256,Bangalore,Small Business
CUST15257,Jodhpur,Consumer
CUST15258,Hyderabad,Student
CUST15259,Gurgaon,Small Business
CUST15260,Ahmedabad,Corporate
CUST15261,Chandigarh,Student
CUST15262,Thane,Consumer
CUST15263,Delhi,Consumer
CUST15264,Pune,Small Business
CUST15265,Noida,Student
CUST15266,Jaipur,Student
CUST15267,Chandigarh,Student
CUST15268,Nagpur,Small Business
CUST15269,Surat,Corporate
CUST15270,Jaipur,Small Business
CUST15271,Coimbatore,Consumer
CUST15272,Kanpur,Student
CUST15273,Lucknow,Student
CUST15274,Hyderabad,Student
CUST15275,Ahmedabad,Corporate
CUST15276,Madurai,Small Business
CUST15277,Mumbai,Small Business
CUST15278,Patna,Corporate
CUST15279,Kochi,Consumer
CUST15280,Chennai,Student
CUST15281,Pune,Student
CUST15282,Coimbatore,Small Business
CUST15283,Ahmedabad,Consumer
CUST15284,Trivandrum,Student
CUST15285,Jaipur,Consumer
CUST15286,Jodhpur,Corporate
CUST15287,Lucknow,Consumer
CUST15288,Nagpur,Consumer
CUST15289,Mumbai,Student
CUST15290,Kanpur,Small Business
CUST15291,Chandigarh,Student
CUST15292,Thane,Consumer
CUST15293,Pune,Corporate
CUST15294,Kanpur,Small Business
CUST15295,Pune,Small Business
CUST15296,Bangalore,Consumer
CUST15297,Chandigarh,Consumer
CUST15298,Kochi,Consumer
CUST15299,Kanpur,Student
CUST15300,Rajkot,Corporate
CUST15301,Lucknow,Corporate
CUST15302,Madurai,Corporate
CUST15303,Coimbatore,Small Business
CUST15304,Coimbatore,Student
CUST15305,Thane,Small Business
CUST15306,Nagpur,Small Business
CUST15307,Hyderabad,Corporate
CUST15308,Ahmedabad,Small Business
CUST15309,Jaipur,Consumer
CUST15310,Kochi,Small Business
CUST15311,Mysore,Small Business
CUST15312,Mumbai,Student
CUST15313,Thane,Consumer
CUST15314,Trivandrum,Corporate
CUST15315,Coimbatore,Corporate
CUST15316,Bangalore,Student
CUST15317,Kochi,Consumer
CUST15318,Vadodara,Consumer
CUST15319,Coimbatore,Small Business
CUST15320,Ahmedabad,Consumer
CUST15321,Rajkot,Small Business
CUST15322,Madurai,Small Business
CUST15323,Vadodara,Corporate
CUST15324,Gurgaon,Consumer
CUST15325,Jaipur,Corporate
CUST15326,Lucknow,Corporate
CUST15327,Mysore,Consumer
CUST15328,Ahmedabad,Consumer
CUST15329,Kolkata,Student
CUST15330,Mysore,Corporate
CUST15331,Pune,Small Business
CUST15332,Nashik,Small Business
CUST15333,Jaipur,Student
CUST15334,Mysore,Student
CUST15335,Jaipur,Small Business
CUST15336,Jaipur,Small Business
CUST15337,Nagpur,Student
CUST15338,Mysore,Small Business
CUST15339,Jodhpur,Corporate
CUST15340,Ahmedabad,Small Business
CUST15341,Indore,Corporate
CUST15342,Surat,Corporate
CUST15343,Chennai,Corporate
CUST15344,Hyderabad,Small Business
CUST15345,Chennai,Consumer
CUST15346,Coimbatore,Corporate
CUST15347,Trivandrum,Corporate
CUST15348,Mumbai,Consumer
CUST15349,Ahmedabad,Student
CUST15350,Trivandrum,Small Business
CUST15351,Jaipur,Corporate
CUST15352,Pune,Small Business
CUST15353,Thane,Student
CUST15354,Pune,Small Business
CUST15355,Chandigarh,Small Business
CUST15356,Bangalore,Consumer
CUST15357,Bhopal,Corporate
CUST15358,Surat,Consumer
CUST15359,Delhi,Small Business
CUST15360,Hyderabad,Corporate
CUST15361,Bhopal,Consumer
CUST15362,Vadodara,Student
CUST15363,Noida,Student
CUST15364,Patna,Small Business
CUST15365,Chandigarh,Corporate
CUST15366,Noida,Corporate
CUST15367,Mumbai,Small Business
CUST15368,Delhi,Corporate
CUST15369,Chennai,Small Business
CUST15370,Delhi,Corporate
CUST15371,Kochi,Corporate
CUST15372,Chandigarh,Student
CUST15373,Chandigarh,Consumer
CUST15374,Jodhpur,Consumer
CUST15375,Jodhpur,Small Business
CUST15376,Patna,Corporate
CUST15377,Vadodara,Consumer
CUST15378,Delhi,Corporate
CUST15379,Jaipur,Small Business
CUST15380,Jaipur,Corporate
CUST15381,Indore,Consumer
CUST15382,Visakhapatnam,Student
CUST15383,Indore,Consumer
CUST15384,Chandigarh,Corporate
CUST15385,Bangalore,Student
CUST15386,Kolkata,Student
CUST15387,Coimbatore,Small Business
CUST15388,Jaipur,Small Business
CUST15389,Coimbatore,Student
CUST15390,Surat,Corporate
CUST15391,Mysore,Corporate
CUST15392,Trivandrum,Consumer
CUST15393,Gurgaon,Corporate
CUST15394,Noida,Small Business
CUST15395,Mumbai,Consumer
CUST15396,Delhi,Consumer
CUST15397,Kolkata,Student
CUST15398,Coimbatore,Student
CUST15399,Jaipur,Consumer
CUST15400,Kolkata,Consumer
CUST15401,Kolkata,Small Business
CUST15402,Hyderabad,Small Business
CUST15403,Hyderabad,Small Business
CUST15404,Trivandrum,Small Business
CUST15405,Pune,Student
CUST15406,Kochi,Student
CUST15407,Nashik,Consumer
CUST15408,Gurgaon,Corporate
CUST15409,Gurgaon,Corporate
CUST15410,Nashik,Consumer
CUST15411,Delhi,Small Business
CUST15412,Ahmedabad,Corporate
CUST15413,Chennai,Consumer
CUST15414,Visakhapatnam,Consumer
CUST15415,Jodhpur,Small Business
CUST15416,Indore,Small Business
CUST15417,Thane,Consumer
CUST15418,Mumbai,Student
CUST15419,Thane,Corporate
CUST15420,Noida,Student
CUST15421,Lucknow,Small Business
CUST15422,Chandigarh,Small Business
CUST15423,Vadodara,Corporate
CUST15424,Vadodara,Consumer
CUST15425,Coimbatore,Small Business
CUST15426,Bhopal,Student
CUST15427,Jaipur,Student
CUST15428,Delhi,Consumer
CUST15429,Vadodara,Consumer
CUST15430,Trivandrum,Student
CUST15431,Bhopal,Small Business
CUST15432,Gurgaon,Small Business
CUST15433,Kochi,Small Business
CUST15434,Patna,Small Business
CUST15435,Bangalore,Small Business
CUST15436,Lucknow,Small Business
CUST15437,Bangalore,Corporate
CUST15438,Noida,Corporate
CUST15439,Mumbai,Corporate
CUST15440,Gurgaon,Small Business
CUST15441,Jodhpur,Small Business
CUST15442,Coimbatore,Consumer
CUST15443,Pune,Student
CUST15444,Nashik,Corporate
CUST15445,Madurai,Student
CUST15446,Bangalore,Student
CUST15447,Hyderabad,Small Business
CUST15448,Gurgaon,Small Business
CUST15449,Kanpur,Consumer
CUST15450,Kochi,Student
CUST15451,Madurai,Consumer
CUST15452,Surat,Student
CUST15453,Patna,Small Business
CUST15454,Delhi,Student
CUST15455,Kanpur,Student
CUST15456,Bhopal,Consumer
CUST15457,Kolkata,Corporate
CUST15458,Delhi,Small Business
CUST15459,Chennai,Small Business
CUST15460,Trivandrum,Corporate
CUST15461,Visakhapatnam,Student
CUST15462,Noida,Small Business
CUST15463,Indore,Small Business
CUST15464,Gurgaon,Consumer
CUST15465,Mumbai,Student
CUST15466,Noida,Student
CUST15467,Kolkata,Student
CUST15468,Trivandrum,Student
CUST15469,Rajkot,Corporate
CUST15470,Trivandrum,Consumer
CUST15471,Coimbatore,Small Business
CUST15472,Surat,Small Business
CUST15473,Indore,Student
CUST15474,Vadodara,Student
CUST15475,Noida,Corporate
CUST15476,Chandigarh,Student
CUST15477,Pune,Small Business
CUST15478,Patna,Consumer
CUST15479,Vadodara,Student
CUST15480,Delhi,Consumer
CUST15481,Madurai,Corporate
CUST15482,Indore,Student
CUST15483,Madurai,Small Business
CUST15484,Jodhpur,Small Business
CUST15485,Ahmedabad,Corporate
CUST15486,Chennai,Small Business
CUST15487,Trivandrum,Consumer
CUST15488,Madurai,Student
CUST15489,Lucknow,Student
CUST15490,Rajkot,Student
CUST15491,Ahmedabad,Corporate
CUST15492,Lucknow,Student
CUST15493,Visakhapatnam,Small Business
CUST15494,Jodhpur,Consumer
CUST15495,Kochi,Consumer
CUST15496,Mysore,Consumer
CUST15497,Patna,Consumer
CUST15498,Bangalore,Small Business
CUST15499,Bangalore,Small Business
CUST15500,Nashik,Consumer
CUST15501,Nashik,Corporate
CUST15502,Nashik,Consumer
CUST15503,Mysore,Student
CUST15504,Madurai,Corporate
CUST15505,Noida,Small Business
CUST15506,Chandigarh,Corporate
CUST15507,Trivandrum,Consumer
CUST15508,Thane,Small Business
CUST15509,Coimbatore,Small Business
CUST15510,Coimbatore,Corporate
CUST15511,Coimbatore,Consumer
CUST15512,Trivandrum,Corporate
CUST15513,Noida,Small Business
CUST15514,Ahmedabad,Corporate
CUST15515,Kolkata,Consumer
CUST15516,Mumbai,Student
CUST15517,Ahmedabad,Corporate
CUST15518,Visakhapatnam,Corporate
CUST15519,Vadodara,Small Business
CUST15520,Bangalore,Student
CUST15521,Jodhpur,Small Business
CUST15522,Jaipur,Student
CUST15523,Mumbai,Corporate
CUST15524,Mysore,Student
CUST15525,Coimbatore,Consumer
CUST15526,Kochi,Corporate
CUST15527,Nagpur,Small Business
CUST15528,Jaipur,Consumer
CUST15529,Nashik,Consumer
CUST15530,Surat,Student
CUST15531,Bangalore,Consumer
CUST15532,Thane,Corporate
CUST15533,Trivandrum,Consumer
CUST15534,Bhopal,Corporate
CUST15535,Madurai,Small Business
CUST15536,Mysore,Corporate
CUST15537,Visakhapatnam,Consumer
CUST15538,Nashik,Consumer
CUST15539,Indore,Student
CUST15540,Hyderabad,Consumer
CUST15541,Pune,Corporate
CUST15542,Mumbai,Consumer
CUST15543,Ahmedabad,Student
CUST15544,Jodhpur,Corporate
CUST15545,Chandigarh,Corporate
CUST15546,Mumbai,Consumer
CUST15547,Vadodara,Small Business
CUST15548,Madurai,Corporate
CUST15549,Hyderabad,Student
CUST15550,Patna,Consumer
CUST15551,Jodhpur,Consumer
CUST15552,Chennai,Small Business
CUST15553,Kolkata,Corporate
CUST15554,Vadodara,Student
CUST15555,Nagpur,Student
CUST15556,Indore,Small Business
CUST15557,Gurgaon,Small Business
CUST15558,Jaipur,Consumer
CUST15559,Trivandrum,Corporate
CUST15560,Mumbai,Corporate
CUST15561,Delhi,Student
CUST15562,Bangalore,Corporate
CUST15563,Noida,Student
CUST15564,Coimbatore,Small Business
CUST15565,Coimbatore,Small Business
CUST15566,Pune,Student
CUST15567,Nashik,Consumer
CUST15568,Mysore,Student
CUST15569,Nashik,Student
CUST15570,Ahmedabad,Small Business
CUST15571,Rajkot,Consumer
CUST15572,Surat,Small Business
CUST15573,Vadodara,Consumer
CUST15574,Nagpur,Consumer
CUST15575,Mysore,Consumer
CUST15576,Patna,Small Business
CUST15577,Chandigarh,Corporate
CUST15578,Bhopal,Student
CUST15579,Thane,Small Business
CUST15580,Trivandrum,Corporate
CUST15581,Indore,Corporate
CUST15582,Vadodara,Consumer
CUST15583,Kochi,Small Business
CUST15584,Patna,Small Business
CUST15585,Pune,Corporate
CUST15586,Bhopal,Consumer
CUST15587,Bangalore,Consumer
CUST15588,Madurai,Corporate
CUST15589,Chennai,Consumer
CUST15590,Pune,Student
CUST15591,Noida,Student
CUST15592,Bangalore,Small Business
CUST15593,Rajkot,Small Business
CUST15594,Gurgaon,Small Business
CUST15595,Mysore,Small Business
CUST15596,Gurgaon,Corporate
CUST15597,Pune,Small Business
CUST15598,Hyderabad,Consumer
CUST15599,Hyderabad,Consumer
CUST15600,Visakhapatnam,Small Business
CUST15601,Vadodara,Small Business
CUST15602,Gurgaon,Student
CUST15603,Jaipur,Consumer
CUST15604,Noida,Consumer
CUST15605,Coimbatore,Consumer
CUST15606,Patna,Corporate
CUST15607,Chennai,Corporate
CUST15608,Madurai,Corporate
CUST15609,Hyderabad,Consumer
CUST15610,Nashik,Student
CUST15611,Jodhpur,Consumer
CUST15612,Chennai,Consumer
CUST15613,Noida,Consumer
CUST15614,Kolkata,Corporate
CUST15615,Rajkot,Student
CUST15616,Mumbai,Consumer
CUST15617,Jodhpur,Corporate
CUST15618,Nashik,Consumer
CUST15619,Hyderabad,Student
CUST15620,Delhi,Consumer
CUST15621,Kolkata,Small Business
CUST15622,Jaipur,Small Business
CUST15623,Ahmedabad,Small Business
CUST15624,Pune,Small Business
CUST15625,Indore,Corporate
CUST15626,Nagpur,Small Business
CUST15627,Delhi,Small Business
CUST15628,Chennai,Corporate
CUST15629,Indore,Corporate
CUST15630,Nagpur,Consumer
CUST15631,Indore,Student
CUST15632,Bangalore,Student
CUST15633,Lucknow,Small Business
CUST15634,Bangalore,Student
CUST15635,Patna,Student
CUST15636,Chennai,Student
CUST15637,Jaipur,Corporate
CUST15638,Nashik,Corporate
CUST15639,Coimbatore,Consumer
CUST15640,Kolkata,Student
CUST15641,Mysore,Small Business
CUST15642,Mysore,Consumer
CUST15643,Thane,Student
CUST15644,Thane,Student
CUST15645,Lucknow,Consumer
CUST15646,Nagpur,Corporate
CUST15647,Coimbatore,Consumer
CUST15648,Kanpur,Small Business
CUST15649,Kolkata,Corporate
CUST15650,Coimbatore,Small Business
CUST15651,Rajkot,Student
CUST15652,Indore,Corporate
CUST15653,Mumbai,Small Business
CUST15654,Madurai,Consumer
CUST15655,Kochi,Corporate
CUST15656,Chandigarh,Consumer
CUST15657,Trivandrum,Consumer
CUST15658,Vadodara,Corporate
CUST15659,Kanpur,Student
CUST15660,Madurai,Corporate
CUST15661,Ahmedabad,Consumer
CUST15662,Kolkata,Small Business
CUST15663,Mumbai,Student
CUST15664,Mysore,Student
CUST15665,Rajkot,Student
CUST15666,Jodhpur,Student
CUST15667,Chennai,Consumer
CUST15668,Gurgaon,Consumer
CUST15669,Chennai,Small Business
CUST15670,Mysore,Small Business
CUST15671,Ahmedabad,Consumer
CUST15672,Bhopal,Consumer
CUST15673,Delhi,Student
CUST15674,Rajkot,Consumer
CUST15675,Gurgaon,Student
CUST15676,Pune,Student
CUST15677,Ahmedabad,Small Business
CUST15678,Rajkot,Small Business
CUST15679,Nagpur,Student
CUST15680,Bangalore,Student
CUST15681,Mysore,Consumer
CUST15682,Rajkot,Consumer
CUST15683,Kanpur,Corporate
CUST15684,Bhopal,Corporate
CUST15685,Jaipur,Consumer
CUST15686,Kochi,Consumer
CUST15687,Pune,Consumer
CUST15688,Kanpur,Corporate
CUST15689,Indore,Consumer
CUST15690,Mysore,Small Business
CUST15691,Ahmedabad,Consumer
CUST15692,Chennai,Corporate
CUST15693,Kanpur,Small Business
CUST15694,Kolkata,Corporate
CUST15695,Kanpur,Student
CUST15696,Mumbai,Consumer
CUST15697,Coimbatore,Small Business
CUST15698,Mumbai,Small Business
CUST15699,Kanpur,Corporate
CUST15700,Noida,Small Business
CUST15701,Chandigarh,Corporate
CUST15702,Surat,Consumer
CUST15703,Gurgaon,Small Business
CUST15704,Kolkata,Corporate
CUST15705,Chandigarh,Student
CUST15706,Indore,Small Business
CUST15707,Nagpur,Corporate
CUST15708,Delhi,Student
CUST15709,Bangalore,Corporate
CUST15710,Hyderabad,Consumer
CUST15711,Lucknow,Consumer
CUST15712,Bhopal,Student
CUST15713,Kolkata,Consumer
CUST15714,Mumbai,Small Business
CUST15715,Surat,Corporate
CUST15716,Patna,Student
CUST15717,Chennai,Corporate
CUST15718,Kolkata,Corporate
CUST15719,Hyderabad,Corporate
CUST15720,Rajkot,Corporate
CUST15721,Noida,Consumer
CUST15722,Nagpur,Small Business
CUST15723,Mysore,Small Business
CUST15724,Vadodara,Corporate
CUST15725,Vadodara,Corporate
CUST15726,Kolkata,Small Business
CUST15727,Hyderabad,Consumer
CUST15728,Patna,Student
CUST15729,Patna,Student
CUST15730,Visakhapatnam,Student
CUST15731,Indore,Corporate
CUST15732,Chennai,Consumer
CUST15733,Thane,Student
CUST15734,Nashik,Small Business
CUST15735,Bangalore,Student
CUST15736,Kochi,Consumer
CUST15737,Bhopal,Small Business
CUST15738,Coimbatore,Student
CUST15739,Nagpur,Corporate
CUST15740,Kolkata,Corporate
CUST15741,Chandigarh,Small Business
CUST15742,Trivandrum,Corporate
CUST15743,Bhopal,Student
CUST15744,Pune,Student
CUST15745,Bangalore,Consumer
CUST15746,Jaipur,Corporate
CUST15747,Mumbai,Student
CUST15748,Madurai,Small Business
CUST15749,Bhopal,Consumer
CUST15750,Pune,Corporate
CUST15751,Thane,Consumer
CUST15752,Chandigarh,Corporate
CUST15753,Coimbatore,Small Business
CUST15754,Jaipur,Consumer
CUST15755,Bangalore,Corporate
CUST15756,Bhopal,Student
CUST15757,Patna,Small Business
CUST15758,Pune,Student
CUST15759,Patna,Small Business
CUST15760,Surat,Consumer
CUST15761,Nagpur,Student
CUST15762,Surat,Consumer
CUST15763,Delhi,Student
CUST15764,Bangalore,Student
CUST15765,Jaipur,Small Business
CUST15766,Vadodara,Corporate
CUST15767,Patna,Student
CUST15768,Gurgaon,Corporate
CUST15769,Mysore,Student
CUST15770,Trivandrum,Student
CUST15771,Kochi,Small Business
CUST15772,Trivandrum,Student
CUST15773,Indore,Small Business
CUST15774,Bhopal,Small Business
CUST15775,Chennai,Consumer
CUST15776,Vadodara,Corporate
CUST15777,Jaipur,Student
CUST15778,Kochi,Small Business
CUST15779,Coimbatore,Corporate
CUST15780,Madurai,Corporate
CUST15781,Coimbatore,Student
CUST15782,Nagpur,Consumer
CUST15783,Vadodara,Corporate
CUST15784,Patna,Consumer
CUST15785,Patna,Student
CUST15786,Trivandrum,Student
CUST15787,Bangalore,Small Business
CUST15788,Hyderabad,Small Business
CUST15789,Vadodara,Small Business
CUST15790,Delhi,Small Business
CUST15791,Bhopal,Corporate
CUST15792,Chennai,Consumer
CUST15793,Pune,Corporate
CUST15794,Madurai,Student
CUST15795,Ahmedabad,Small Business
CUST15796,Chandigarh,Small Business
CUST15797,Gurgaon,Student
CUST15798,Mumbai,Consumer
CUST15799,Bangalore,Corporate
CUST15800,Kanpur,Student
CUST15801,Kochi,Small Business
CUST15802,Pune,Corporate
CUST15803,Lucknow,Student
CUST15804,Ahmedabad,Consumer
CUST15805,Mumbai,Corporate
CUST15806,Indore,Corporate
CUST15807,Kanpur,Small Business
CUST15808,Hyderabad,Small Business
CUST15809,Ahmedabad,Student
CUST15810,Madurai,Small Business
CUST15811,Trivandrum,Corporate
CUST15812,Bangalore,Corporate
CUST15813,Nagpur,Student
CUST15814,Chennai,Consumer
CUST15815,Hyderabad,Student
CUST15816,Bhopal,Small Business
CUST15817,Kanpur,Student
CUST15818,Mysore,Corporate
CUST15819,Jodhpur,Corporate
CUST15820,Gurgaon,Student
CUST15821,Trivandrum,Small Business
CUST15822,Bangalore,Small Business
CUST15823,Visakhapatnam,Consumer
CUST15824,Jodhpur,Consumer
CUST15825,Jodhpur,Small Business
CUST15826,Mysore,Small Business
CUST15827,Mumbai,Corporate
CUST15828,Kochi,Small Business
CUST15829,Vadodara,Student
CUST15830,Bangalore,Consumer
CUST15831,Rajkot,Small Business
CUST15832,Visakhapatnam,Student
CUST15833,Kolkata,Corporate
CUST15834,Pune,Student
CUST15835,Chandigarh,Student
CUST15836,Surat,Consumer
CUST15837,Mumbai,Student
CUST15838,Bhopal,Student
CUST15839,Bhopal,Small Business
CUST15840,Indore,Small Business
CUST15841,Nagpur,Corporate
CUST15842,Madurai,Student
CUST15843,Lucknow,Corporate
CUST15844,Kochi,Small Business
CUST15845,Jaipur,Small Business
CUST15846,Nagpur,Student
CUST15847,Chandigarh,Small Business
CUST15848,Kochi,Small Business
CUST15849,Jodhpur,Student
CUST15850,Pune,Small Business
CUST15851,Chandigarh,Consumer
CUST15852,Visakhapatnam,Corporate
CUST15853,Gurgaon,Student
CUST15854,Madurai,Student
CUST15855,Ahmedabad,Small Business
CUST15856,Chennai,Corporate
CUST15857,Rajkot,Student
CUST15858,Mysore,Small Business
CUST15859,Jodhpur,Consumer
CUST15860,Mumbai,Corporate
CUST15861,Chennai,Consumer
CUST15862,Noida,Corporate
CUST15863,Surat,Student
CUST15864,Nashik,Consumer
CUST15865,Kochi,Corporate
CUST15866,Delhi,Corporate
CUST15867,Chennai,Corporate
CUST15868,Surat,Student
CUST15869,Mysore,Consumer
CUST15870,Visakhapatnam,Consumer
CUST15871,Chandigarh,Small Business
CUST15872,Hyderabad,Student
CUST15873,Madurai,Corporate
CUST15874,Jaipur,Consumer
CUST15875,Surat,Student
CUST15876,Surat,Consumer
CUST15877,Surat,Corporate
CUST15878,Chandigarh,Student
CUST15879,Noida,Consumer
CUST15880,Lucknow,Consumer
CUST15881,Thane,Consumer
CUST15882,Chennai,Small Business
CUST15883,Kanpur,Corporate
CUST15884,Coimbatore,Corporate
CUST15885,Delhi,Corporate
CUST15886,Chennai,Student
CUST15887,Surat,Consumer
CUST15888,Bangalore,Small Business
CUST15889,Delhi,Small Business
CUST15890,Kochi,Small Business
CUST15891,Chennai,Corporate
CUST15892,Nashik,Student
CUST15893,Jaipur,Student
CUST15894,Noida,Small Business
CUST15895,Coimbatore,Corporate
CUST15896,Delhi,Small Business
CUST15897,Mysore,Consumer
CUST15898,Chennai,Corporate
CUST15899,Madurai,Small Business
CUST15900,Delhi,Small Business
CUST15901,Delhi,Corporate
CUST15902,Nagpur,Consumer
CUST15903,Pune,Consumer
CUST15904,Surat,Student
CUST15905,Delhi,Consumer
CUST15906,Mysore,Corporate
CUST15907,Surat,Small Business
CUST15908,Jaipur,Corporate
CUST15909,Surat,Small Business
CUST15910,Rajkot,Corporate
CUST15911,Bangalore,Consumer
CUST15912,Kochi,Consumer
CUST15913,Vadodara,Small Business
CUST15914,Bhopal,Small Business
CUST15915,Pune,Small Business
CUST15916,Mysore,Small Business
CUST15917,Kanpur,Consumer
CUST15918,Kanpur,Consumer
CUST15919,Gurgaon,Small Business
CUST15920,Madurai,Consumer
CUST15921,Mumbai,Student
CUST15922,Madurai,Student
CUST15923,Thane,Corporate
CUST15924,Kochi,Small Business
CUST15925,Jaipur,Consumer
CUST15926,Hyderabad,Consumer
CUST15927,Ahmedabad,Student
CUST15928,Nagpur,Student
CUST15929,Rajkot,Student
CUST15930,Thane,Small Business
CUST15931,Visakhapatnam,Student
CUST15932,Nashik,Corporate
CUST15933,Hyderabad,Consumer
CUST15934,Vadodara,Student
CUST15935,Madurai,Corporate
CUST15936,Jodhpur,Student
CUST15937,Thane,Student
CUST15938,Lucknow,Consumer
CUST15939,Chennai,Small Business
CUST15940,Ahmedabad,Consumer
CUST15941,Chandigarh,Student
CUST15942,Visakhapatnam,Consumer
CUST15943,Kanpur,Student
CUST15944,Patna,Small Business
CUST15945,Chennai,Small Business
CUST15946,Ahmedabad,Student
CUST15947,Bangalore,Corporate
CUST15948,Bangalore,Student
CUST15949,Bhopal,Small Business
CUST15950,Vadodara,Small Business
CUST15951,Kochi,Small Business
CUST15952,Coimbatore,Consumer
CUST15953,Thane,Corporate
CUST15954,Lucknow,Small Business
CUST15955,Kochi,Small Business
CUST15956,Madurai,Student
CUST15957,Kanpur,Corporate
CUST15958,Visakhapatnam,Corporate
CUST15959,Bangalore,Student
CUST15960,Nagpur,Student
CUST15961,Indore,Corporate
CUST15962,Lucknow,Consumer
CUST15963,Chennai,Corporate
CUST15964,Jodhpur,Corporate
CUST15965,Kolkata,Small Business
CUST15966,Kolkata,Small Business
CUST15967,Surat,Corporate
CUST15968,Rajkot,Corporate
CUST15969,Mysore,Consumer
CUST15970,Lucknow,Consumer
CUST15971,Nashik,Small Business
CUST15972,Kolkata,Small Business
CUST15973,Surat,Student
CUST15974,Surat,Student
CUST15975,Patna,Consumer
CUST15976,Kolkata,Student
CUST15977,Coimbatore,Student
CUST15978,Gurgaon,Corporate
CUST15979,Gurgaon,Small Business
CUST15980,Visakhapatnam,Small Business
CUST15981,Gurgaon,Student
CUST15982,Jodhpur,Corporate
CUST15983,Kochi,Corporate
CUST15984,Trivandrum,Corporate
CUST15985,Mysore,Small Business
CUST15986,Pune,Student
CUST15987,Noida,Corporate
CUST15988,Vadodara,Small Business
CUST15989,Nashik,Consumer
CUST15990,Kolkata,Consumer
CUST15991,Trivandrum,Consumer
CUST15992,Thane,Corporate
CUST15993,Vadodara,Student
CUST15994,Thane,Small Business
CUST15995,Surat,Student
CUST15996,Madurai,Student
CUST15997,Visakhapatnam,Corporate
CUST15998,Jaipur,Student
CUST15999,Mysore,Corporate
CUST16000,Trivandrum,Student
CUST16001,Patna,Consumer
CUST16002,Ahmedabad,Corporate
CUST16003,Mysore,Small Business
CUST16004,Coimbatore,Student
CUST16005,Noida,Student
CUST16006,Bangalore,Corporate
CUST16007,Mumbai,Student
CUST16008,Mumbai,Small Business
CUST16009,Surat,Consumer
CUST16010,Patna,Student
CUST16011,Nagpur,Small Business
CUST16012,Coimbatore,Consumer
CUST16013,Coimbatore,Small Business
CUST16014,Madurai,Corporate
CUST16015,Mumbai,Consumer
CUST16016,Indore,Consumer
CUST16017,Chennai,Small Business
CUST16018,Bangalore,Corporate
CUST16019,Mumbai,Student
CUST16020,Pune,Student
CUST16021,Mysore,Small Business
CUST16022,Chandigarh,Consumer
CUST16023,Nashik,Student
CUST16024,Mumbai,Small Business
CUST16025,Visakhapatnam,Consumer
CUST16026,Lucknow,Student
CUST16027,Ahmedabad,Student
CUST16028,Mysore,Corporate
CUST16029,Nagpur,Student
CUST16030,Mysore,Corporate
CUST16031,Chandigarh,Small Business
CUST16032,Ahmedabad,Consumer
CUST16033,Bhopal,Student
CUST16034,Kolkata,Consumer
CUST16035,Noida,Student
CUST16036,Kanpur,Small Business
CUST16037,Hyderabad,Student
CUST16038,Thane,Small Business
CUST16039,Mysore,Small Business
CUST16040,Jodhpur,Consumer
CUST16041,Mysore,Corporate
CUST16042,Madurai,Corporate
CUST16043,Jaipur,Small Business
CUST16044,Noida,Student
CUST16045,Patna,Corporate
CUST16046,Surat,Small Business
CUST16047,Chandigarh,Small Business
CUST16048,Patna,Student
CUST16049,Bangalore,Corporate
CUST16050,Madurai,Small Business
CUST16051,Nagpur,Consumer
CUST16052,Surat,Consumer
CUST16053,Coimbatore,Consumer
CUST16054,Pune,Student
CUST16055,Pune,Consumer
CUST16056,Pune,Student
CUST16057,Nashik,Corporate
CUST16058,Indore,Consumer
CUST16059,Delhi,Consumer
CUST16060,Bhopal,Small Business
CUST16061,Lucknow,Consumer
CUST16062,Nashik,Small Business
CUST16063,Bangalore,Small Business
CUST16064,Nashik,Corporate
CUST16065,Jodhpur,Consumer
CUST16066,Kanpur,Corporate
CUST16067,Madurai,Corporate
CUST16068,Noida,Student
CUST16069,Jodhpur,Corporate
CUST16070,Ahmedabad,Student
CUST16071,Madurai,Consumer
CUST16072,Kanpur,Corporate
CUST16073,Gurgaon,Corporate
CUST16074,Bangalore,Small Business
CUST16075,Nashik,Student
CUST16076,Surat,Student
CUST16077,Mysore,Corporate
CUST16078,Kochi,Small Business
CUST16079,Trivandrum,Small Business
CUST16080,Kolkata,Consumer
CUST16081,Kochi,Corporate
CUST16082,Noida,Small Business
CUST16083,Surat,Small Business
CUST16084,Ahmedabad,Small Business
CUST16085,Vadodara,Small Business
CUST16086,Chennai,Consumer
CUST16087,Bhopal,Consumer
CUST16088,Vadodara,Small Business
CUST16089,Nashik,Consumer
CUST16090,Lucknow,Small Business
CUST16091,Gurgaon,Student
CUST16092,Kolkata,Consumer
CUST16093,Bangalore,Consumer
CUST16094,Kolkata,Small Business
CUST16095,Chandigarh,Small Business
CUST16096,Patna,Small Business
CUST16097,Hyderabad,Corporate
CUST16098,Nashik,Corporate
CUST16099,Bhopal,Student
CUST16100,Ahmedabad,Consumer
CUST16101,Rajkot,Small Business
CUST16102,Surat,Corporate
CUST16103,Thane,Consumer
CUST16104,Kochi,Small Business
CUST16105,Kolkata,Student
CUST16106,Patna,Corporate
CUST16107,Thane,Small Business
CUST16108,Kanpur,Small Business
CUST16109,Chandigarh,Small Business
CUST16110,Trivandrum,Consumer
CUST16111,Jaipur,Corporate
CUST16112,Jodhpur,Consumer
CUST16113,Pune,Consumer
CUST16114,Indore,Corporate
CUST16115,Chennai,Small Business
CUST16116,Madurai,Corporate
CUST16117,Kolkata,Consumer
CUST16118,Rajkot,Consumer
CUST16119,Hyderabad,Student
CUST16120,Bangalore,Small Business
CUST16121,Delhi,Corporate
CUST16122,Visakhapatnam,Consumer
CUST16123,Surat,Corporate
CUST16124,Jaipur,Small Business
CUST16125,Visakhapatnam,Student
CUST16126,Patna,Corporate
CUST16127,Jodhpur,Consumer
CUST16128,Hyderabad,Corporate
CUST16129,Chennai,Corporate
CUST16130,Gurgaon,Small Business
CUST16131,Lucknow,Student
CUST16132,Noida,Corporate
CUST16133,Indore,Corporate
CUST16134,Nagpur,Corporate
CUST16135,Gurgaon,Corporate
CUST16136,Trivandrum,Student
CUST16137,Surat,Student
CUST16138,Ahmedabad,Student
CUST16139,Chandigarh,Student
CUST16140,Kochi,Consumer
CUST16141,Patna,Consumer
CUST16142,Delhi,Corporate
CUST16143,Indore,Student
CUST16144,Kochi,Small Business
CUST16145,Bangalore,Corporate
CUST16146,Nagpur,Student
CUST16147,Jaipur,Small Business
CUST16148,Jodhpur,Corporate
CUST16149,Surat,Small Business
CUST16150,Bhopal,Student
CUST16151,Hyderabad,Corporate
CUST16152,Thane,Consumer
CUST16153,Madurai,Small Business
CUST16154,Mysore,Consumer
CUST16155,Nashik,Consumer
CUST16156,Visakhapatnam,Student
CUST16157,Coimbatore,Student
CUST16158,Kochi,Student
CUST16159,Hyderabad,Small Business
CUST16160,Kochi,Consumer
CUST16161,Hyderabad,Small Business
CUST16162,Jodhpur,Consumer
CUST16163,Jaipur,Student
CUST16164,Indore,Student
CUST16165,Surat,Consumer
CUST16166,Indore,Small Business
CUST16167,Rajkot,Student
CUST16168,Hyderabad,Corporate
CUST16169,Vadodara,Consumer
CUST16170,Surat,Student
CUST16171,Kolkata,Student
CUST16172,Gurgaon,Small Business
CUST16173,Mysore,Small Business
CUST16174,Pune,Student
CUST16175,Mumbai,Corporate
CUST16176,Pune,Corporate
CUST16177,Ahmedabad,Student
CUST16178,Hyderabad,Small Business
CUST16179,Rajkot,Student
CUST16180,Jaipur,Small Business
CUST16181,Vadodara,Student
CUST16182,Coimbatore,Corporate
CUST16183,Kanpur,Student
CUST16184,Kochi,Corporate
CUST16185,Jodhpur,Student
CUST16186,Indore,Consumer
CUST16187,Nagpur,Small Business
CUST16188,Madurai,Corporate
CUST16189,Madurai,Corporate
CUST16190,Patna,Student
CUST16191,Kanpur,Corporate
CUST16192,Coimbatore,Student
CUST16193,Kolkata,Corporate
CUST16194,Jodhpur,Corporate
CUST16195,Nagpur,Small Business
CUST16196,Trivandrum,Consumer
CUST16197,Rajkot,Small Business
CUST16198,Visakhapatnam,Consumer
CUST16199,Lucknow,Consumer
CUST16200,Nashik,Consumer
CUST16201,Vadodara,Corporate
CUST16202,Indore,Consumer
CUST16203,Bangalore,Small Business
CUST16204,Thane,Consumer
CUST16205,Surat,Corporate
CUST16206,Thane,Small Business
CUST16207,Visakhapatnam,Small Business
CUST16208,Indore,Corporate
CUST16209,Chandigarh,Student
CUST16210,Noida,Student
CUST16211,Chandigarh,Small Business
CUST16212,Coimbatore,Corporate
CUST16213,Thane,Corporate
CUST16214,Rajkot,Small Business
CUST16215,Kanpur,Consumer
CUST16216,Trivandrum,Consumer
CUST16217,Thane,Corporate
CUST16218,Kolkata,Corporate
CUST16219,Kolkata,Consumer
CUST16220,Pune,Student
CUST16221,Jaipur,Consumer
CUST16222,Mumbai,Small Business
CUST16223,Pune,Student
CUST16224,Bhopal,Student
CUST16225,Indore,Consumer
CUST16226,Lucknow,Corporate
CUST16227,Pune,Consumer
CUST16228,Chennai,Consumer
CUST16229,Delhi,Consumer
CUST16230,Rajkot,Small Business
CUST16231,Kanpur,Consumer
CUST16232,Vadodara,Consumer
CUST16233,Nashik,Small Business
CUST16234,Chandigarh,Small Business
CUST16235,Kochi,Corporate
CUST16236,Kolkata,Student
CUST16237,Mysore,Consumer
CUST16238,Chennai,Small Business
CUST16239,Lucknow,Corporate
CUST16240,Noida,Small Business
CUST16241,Jodhpur,Student
CUST16242,Jodhpur,Small Business
CUST16243,Thane,Consumer
CUST16244,Coimbatore,Small Business
CUST16245,Delhi,Corporate
CUST16246,Trivandrum,Consumer
CUST16247,Indore,Consumer
CUST16248,Surat,Consumer
CUST16249,Surat,Student
CUST16250,Indore,Small Business
CUST16251,Hyderabad,Consumer
CUST16252,Kochi,Small Business
CUST16253,Nashik,Corporate
CUST16254,Indore,Student
CUST16255,Mumbai,Consumer
CUST16256,Indore,Consumer
CUST16257,Bangalore,Corporate
CUST16258,Thane,Small Business
CUST16259,Hyderabad,Small Business
CUST16260,Mysore,Student
CUST16261,Trivandrum,Small Business
CUST16262,Delhi,Consumer
CUST16263,Kolkata,Small Business
CUST16264,Jodhpur,Consumer
CUST16265,Indore,Small Business
CUST16266,Visakhapatnam,Corporate
CUST16267,Visakhapatnam,Small Business
CUST16268,Chennai,Consumer
CUST16269,Hyderabad,Consumer
CUST16270,Nagpur,Corporate
CUST16271,Coimbatore,Student
CUST16272,Bangalore,Corporate
CUST16273,Ahmedabad,Student
CUST16274,Bhopal,Small Business
CUST16275,Trivandrum,Consumer
CUST16276,Nagpur,Consumer
CUST16277,Nagpur,Student
CUST16278,Mumbai,Corporate
CUST16279,Visakhapatnam,Small Business
CUST16280,Patna,Corporate
CUST16281,Hyderabad,Corporate
CUST16282,Surat,Consumer
CUST16283,Ahmedabad,Corporate
CUST16284,Mysore,Corporate
CUST16285,Chandigarh,Student
CUST16286,Noida,Corporate
CUST16287,Lucknow,Corporate
CUST16288,Rajkot,Small Business
CUST16289,Noida,Student
CUST16290,Chennai,Corporate
CUST16291,Indore,Corporate
CUST16292,Chandigarh,Small Business
CUST16293,Mumbai,Corporate
CUST16294,Nagpur,Small Business
CUST16295,Surat,Student
CUST16296,Coimbatore,Corporate
CUST16297,Mumbai,Corporate
CUST16298,Nashik,Small Business
CUST16299,Indore,Consumer
CUST16300,Lucknow,Small Business
CUST16301,Nashik,Consumer
CUST16302,Rajkot,Corporate
CUST16303,Rajkot,Small Business
CUST16304,Delhi,Student
CUST16305,Coimbatore,Student
CUST16306,Surat,Consumer
CUST16307,Bhopal,Corporate
CUST16308,Kochi,Small Business
CUST16309,Delhi,Small Business
CUST16310,Thane,Small Business
CUST16311,Vadodara,Student
CUST16312,Visakhapatnam,Corporate
CUST16313,Mysore,Small Business
CUST16314,Nashik,Consumer
CUST16315,Noida,Small Business
CUST16316,Pune,Corporate
CUST16317,Mumbai,Consumer
CUST16318,Kanpur,Consumer
CUST16319,Jodhpur,Small Business
CUST16320,Patna,Student
CUST16321,Mysore,Student
CUST16322,Mysore,Student
CUST16323,Visakhapatnam,Corporate
CUST16324,Indore,Student
CUST16325,Ahmedabad,Corporate
CUST16326,Bhopal,Consumer
CUST16327,Visakhapatnam,Small Business
CUST16328,Surat,Consumer
CUST16329,Trivandrum,Small Business
CUST16330,Kolkata,Corporate
CUST16331,Kanpur,Student
CUST16332,Jaipur,Student
CUST16333,Surat,Consumer
CUST16334,Thane,Student
CUST16335,Nashik,Small Business
CUST16336,Vadodara,Consumer
CUST16337,Kanpur,Small Business
CUST16338,Gurgaon,Corporate
CUST16339,Nagpur,Small Business
CUST16340,Kanpur,Consumer
CUST16341,Nashik,Corporate
CUST16342,Vadodara,Small Business
CUST16343,Surat,Student
CUST16344,Rajkot,Small Business
CUST16345,Vadodara,Corporate
CUST16346,Jodhpur,Small Business
CUST16347,Surat,Small Business
CUST16348,Delhi,Small Business
CUST16349,Nashik,Consumer
CUST16350,Pune,Corporate
CUST16351,Visakhapatnam,Consumer
CUST16352,Kochi,Student
CUST16353,Bhopal,Consumer
CUST16354,Ahmedabad,Small Business
CUST16355,Kanpur,Student
CUST16356,Lucknow,Small Business
CUST16357,Nashik,Small Business
CUST16358,Pune,Corporate
CUST16359,Jaipur,Student
CUST16360,Noida,Consumer
CUST16361,Ahmedabad,Corporate
CUST16362,Nagpur,Small Business
CUST16363,Patna,Consumer
CUST16364,Bangalore,Small Business
CUST16365,Thane,Small Business
CUST16366,Coimbatore,Student
CUST16367,Kochi,Consumer
CUST16368,Patna,Corporate
CUST16369,Chandigarh,Corporate
CUST16370,Madurai,Student
CUST16371,Mysore,Corporate
CUST16372,Delhi,Student
CUST16373,Visakhapatnam,Corporate
CUST16374,Nagpur,Corporate
CUST16375,Delhi,Consumer
CUST16376,Pune,Corporate
CUST16377,Indore,Student
CUST16378,Vadodara,Consumer
CUST16379,Kochi,Small Business
CUST16380,Bangalore,Small Business
CUST16381,Indore,Consumer
CUST16382,Nagpur,Student
CUST16383,Gurgaon,Corporate
CUST16384,Indore,Consumer
CUST16385,Trivandrum,Small Business
CUST16386,Delhi,Small Business
CUST16387,Indore,Student
CUST16388,Visakhapatnam,Consumer
CUST16389,Mysore,Small Business
CUST16390,Mysore,Consumer
CUST16391,Nagpur,Corporate
CUST16392,Nashik,Student
CUST16393,Coimbatore,Small Business
CUST16394,Jaipur,Consumer
CUST16395,Coimbatore,Corporate
CUST16396,Jodhpur,Corporate
CUST16397,Indore,Student
CUST16398,Trivandrum,Corporate
CUST16399,Kochi,Student
CUST16400,Vadodara,Consumer
CUST16401,Trivandrum,Small Business
CUST16402,Patna,Corporate
CUST16403,Mysore,Student
CUST16404,Nagpur,Small Business
CUST16405,Trivandrum,Consumer
CUST16406,Surat,Corporate
CUST16407,Lucknow,Small Business
CUST16408,Lucknow,Small Business
CUST16409,Bhopal,Consumer
CUST16410,Nashik,Consumer
CUST16411,Bangalore,Corporate
CUST16412,Chennai,Corporate
CUST16413,Visakhapatnam,Small Business
CUST16414,Visakhapatnam,Small Business
CUST16415,Vadodara,Student
CUST16416,Trivandrum,Consumer
CUST16417,Vadodara,Consumer
CUST16418,Nashik,Consumer
CUST16419,Bhopal,Student
CUST16420,Visakhapatnam,Small Business
CUST16421,Jodhpur,Corporate
CUST16422,Coimbatore,Corporate
CUST16423,Hyderabad,Small Business
CUST16424,Madurai,Student
CUST16425,Nagpur,Small Business
CUST16426,Visakhapatnam,Consumer
CUST16427,Noida,Small Business
CUST16428,Jaipur,Student
CUST16429,Madurai,Consumer
CUST16430,Pune,Corporate
CUST16431,Lucknow,Small Business
CUST16432,Bangalore,Small Business
CUST16433,Indore,Small Business
CUST16434,Bhopal,Student
CUST16435,Hyderabad,Small Business
CUST16436,Visakhapatnam,Corporate
CUST16437,Surat,Corporate
CUST16438,Jaipur,Small Business
CUST16439,Nagpur,Consumer
CUST16440,Visakhapatnam,Consumer
CUST16441,Delhi,Small Business
CUST16442,Visakhapatnam,Student
CUST16443,Mysore,Small Business
CUST16444,Rajkot,Consumer
CUST16445,Jaipur,Corporate
CUST16446,Chandigarh,Student
CUST16447,Kolkata,Student
CUST16448,Kolkata,Student
CUST16449,Delhi,Consumer
CUST16450,Lucknow,Consumer
CUST16451,Delhi,Consumer
CUST16452,Jodhpur,Corporate
CUST16453,Trivandrum,Small Business
CUST16454,Visakhapatnam,Consumer
CUST16455,Patna,Corporate
CUST16456,Delhi,Consumer
CUST16457,Chennai,Student
CUST16458,Noida,Consumer
CUST16459,Kochi,Corporate
CUST16460,Rajkot,Small Business
CUST16461,Coimbatore,Student
CUST16462,Hyderabad,Corporate
CUST16463,Kochi,Consumer
CUST16464,Indore,Corporate
CUST16465,Lucknow,Small Business
CUST16466,Noida,Consumer
CUST16467,Kolkata,Corporate
CUST16468,Thane,Consumer
CUST16469,Bhopal,Consumer
CUST16470,Thane,Student
CUST16471,Ahmedabad,Consumer
CUST16472,Jaipur,Student
CUST16473,Kolkata,Small Business
CUST16474,Kochi,Corporate
CUST16475,Noida,Small Business
CUST16476,Indore,Student
CUST16477,Madurai,Corporate
CUST16478,Kochi,Corporate
CUST16479,Trivandrum,Consumer
CUST16480,Coimbatore,Consumer
CUST16481,Jodhpur,Corporate
CUST16482,Rajkot,Consumer
CUST16483,Kanpur,Small Business
CUST16484,Lucknow,Small Business
CUST16485,Chennai,Student
CUST16486,Kolkata,Student
CUST16487,Thane,Consumer
CUST16488,Bangalore,Small Business
CUST16489,Patna,Consumer
CUST16490,Patna,Consumer
CUST16491,Kochi,Small Business
CUST16492,Vadodara,Corporate
CUST16493,Pune,Student
CUST16494,Surat,Small Business
CUST16495,Kochi,Corporate
CUST16496,Indore,Small Business
CUST16497,Indore,Small Business
CUST16498,Thane,Consumer
CUST16499,Patna,Small Business
CUST16500,Jodhpur,Small Business
CUST16501,Nagpur,Student
CUST16502,Ahmedabad,Consumer
CUST16503,Vadodara,Consumer
CUST16504,Nagpur,Corporate
CUST16505,Vadodara,Student
CUST16506,Bhopal,Small Business
CUST16507,Patna,Consumer
CUST16508,Chennai,Small Business
CUST16509,Chandigarh,Small Business
CUST16510,Delhi,Consumer
CUST16511,Nagpur,Corporate
CUST16512,Hyderabad,Student
CUST16513,Gurgaon,Student
CUST16514,Pune,Corporate
CUST16515,Jaipur,Student
CUST16516,Hyderabad,Student
CUST16517,Visakhapatnam,Small Business
CUST16518,Visakhapatnam,Student
CUST16519,Coimbatore,Small Business
CUST16520,Thane,Corporate
CUST16521,Mumbai,Consumer
CUST16522,Rajkot,Consumer
CUST16523,Ahmedabad,Corporate
CUST16524,Nashik,Corporate
CUST16525,Trivandrum,Student
CUST16526,Kolkata,Student
CUST16527,Visakhapatnam,Consumer
CUST16528,Mumbai,Corporate
CUST16529,Gurgaon,Student
CUST16530,Mumbai,Consumer
CUST16531,Chandigarh,Student
CUST16532,Noida,Corporate
CUST16533,Delhi,Small Business
CUST16534,Thane,Small Business
CUST16535,Nagpur,Student
CUST16536,Lucknow,Consumer
CUST16537,Coimbatore,Student
CUST16538,Jodhpur,Consumer
CUST16539,Patna,Student
CUST16540,Rajkot,Student
CUST16541,Lucknow,Corporate
CUST16542,Ahmedabad,Consumer
CUST16543,Surat,Corporate
CUST16544,Noida,Corporate
CUST16545,Chennai,Consumer
CUST16546,Noida,Corporate
CUST16547,Bhopal,Corporate
CUST16548,Kanpur,Consumer
CUST16549,Bhopal,Corporate
CUST16550,Kolkata,Corporate
CUST16551,Gurgaon,Student
CUST16552,Thane,Corporate
CUST16553,Nashik,Small Business
CUST16554,Delhi,Small Business
CUST16555,Gurgaon,Student
CUST16556,Vadodara,Small Business
CUST16557,Surat,Small Business
CUST16558,Lucknow,Student
CUST16559,Mysore,Corporate
CUST16560,Noida,Small Business
CUST16561,Kanpur,Consumer
CUST16562,Nashik,Student
CUST16563,Delhi,Student
CUST16564,Pune,Consumer
CUST16565,Nagpur,Student
CUST16566,Nashik,Corporate
CUST16567,Rajkot,Small Business
CUST16568,Gurgaon,Small Business
CUST16569,Hyderabad,Consumer
CUST16570,Thane,Student
CUST16571,Mumbai,Student
CUST16572,Noida,Student
CUST16573,Vadodara,Small Business
CUST16574,Rajkot,Consumer
CUST16575,Madurai,Corporate
CUST16576,Chennai,Corporate
CUST16577,Surat,Consumer
CUST16578,Jodhpur,Student
CUST16579,Mysore,Consumer
CUST16580,Trivandrum,Small Business
CUST16581,Bhopal,Corporate
CUST16582,Delhi,Student
CUST16583,Nashik,Consumer
CUST16584,Mysore,Student
CUST16585,Gurgaon,Corporate
CUST16586,Bhopal,Consumer
CUST16587,Visakhapatnam,Consumer
CUST16588,Trivandrum,Consumer
CUST16589,Coimbatore,Student
CUST16590,Madurai,Small Business
CUST16591,Mysore,Consumer
CUST16592,Madurai,Small Business
CUST16593,Thane,Consumer
CUST16594,Ahmedabad,Small Business
CUST16595,Bangalore,Corporate
CUST16596,Bangalore,Small Business
CUST16597,Thane,Corporate
CUST16598,Madurai,Small Business
CUST16599,Pune,Student
CUST16600,Nagpur,Student
CUST16601,Ahmedabad,Student
CUST16602,Mumbai,Consumer
CUST16603,Nagpur,Corporate
CUST16604,Kochi,Consumer
CUST16605,Patna,Small Business
CUST16606,Trivandrum,Small Business
CUST16607,Coimbatore,Consumer
CUST16608,Thane,Consumer
CUST16609,Indore,Student
CUST16610,Gurgaon,Corporate
CUST16611,Lucknow,Corporate
CUST16612,Bhopal,Student
CUST16613,Mysore,Consumer
CUST16614,Pune,Small Business
CUST16615,Jaipur,Student
CUST16616,Nashik,Corporate
CUST16617,Chandigarh,Consumer
CUST16618,Chennai,Small Business
CUST16619,Bangalore,Student
CUST16620,Ahmedabad,Student
CUST16621,Indore,Student
CUST16622,Noida,Consumer
CUST16623,Mysore,Corporate
CUST16624,Rajkot,Student
CUST16625,Nashik,Consumer
CUST16626,Patna,Small Business
CUST16627,Patna,Corporate
CUST16628,Visakhapatnam,Consumer
CUST16629,Kochi,Student
CUST16630,Bangalore,Corporate
CUST16631,Thane,Consumer
CUST16632,Jodhpur,Student
CUST16633,Nagpur,Small Business
CUST16634,Jaipur,Small Business
CUST16635,Nagpur,Consumer
CUST16636,Thane,Consumer
CUST16637,Bhopal,Student
CUST16638,Gurgaon,Student
CUST16639,Patna,Consumer
CUST16640,Vadodara,Corporate
CUST16641,Noida,Corporate
CUST16642,Gurgaon,Small Business
CUST16643,Mysore,Student
CUST16644,Jodhpur,Small Business
CUST16645,Mumbai,Corporate
CUST16646,Jaipur,Corporate
CUST16647,Coimbatore,Small Business
CUST16648,Bhopal,Corporate
CUST16649,Rajkot,Corporate
CUST16650,Visakhapatnam,Small Business
CUST16651,Hyderabad,Student
CUST16652,Patna,Student
CUST16653,Jaipur,Corporate
CUST16654,Kochi,Student
CUST16655,Vadodara,Corporate
CUST16656,Delhi,Student
CUST16657,Surat,Consumer
CUST16658,Mysore,Consumer
CUST16659,Bhopal,Student
CUST16660,Coimbatore,Consumer
CUST16661,Madurai,Small Business
CUST16662,Mumbai,Student
CUST16663,Madurai,Student
CUST16664,Noida,Consumer
CUST16665,Delhi,Student
CUST16666,Thane,Corporate
CUST16667,Hyderabad,Corporate
CUST16668,Nashik,Consumer
CUST16669,Jodhpur,Small Business
CUST16670,Surat,Corporate
CUST16671,Madurai,Student
CUST16672,Vadodara,Corporate
CUST16673,Noida,Corporate
CUST16674,Noida,Student
CUST16675,Jaipur,Corporate
CUST16676,Hyderabad,Consumer
CUST16677,Ahmedabad,Student
CUST16678,Bangalore,Corporate
CUST16679,Coimbatore,Student
CUST16680,Noida,Small Business
CUST16681,Rajkot,Student
CUST16682,Thane,Corporate
CUST16683,Kolkata,Student
CUST16684,Bangalore,Corporate
CUST16685,Surat,Corporate
CUST16686,Chandigarh,Consumer
CUST16687,Vadodara,Student
CUST16688,Visakhapatnam,Corporate
CUST16689,Lucknow,Student
CUST16690,Madurai,Consumer
CUST16691,Jaipur,Small Business
CUST16692,Kanpur,Consumer
CUST16693,Noida,Corporate
CUST16694,Jaipur,Student
CUST16695,Jodhpur,Student
CUST16696,Chandigarh,Student
CUST16697,Hyderabad,Corporate
CUST16698,Bhopal,Small Business
CUST16699,Nagpur,Consumer
CUST16700,Patna,Corporate
CUST16701,Noida,Consumer
CUST16702,Coimbatore,Consumer
CUST16703,Chandigarh,Corporate
CUST16704,Patna,Consumer
CUST16705,Indore,Consumer
CUST16706,Nagpur,Small Business
CUST16707,Ahmedabad,Small Business
CUST16708,Madurai,Student
CUST16709,Noida,Corporate
CUST16710,Nashik,Small Business
CUST16711,Mumbai,Corporate
CUST16712,Mumbai,Corporate
CUST16713,Noida,Corporate
CUST16714,Patna,Small Business
CUST16715,Madurai,Student
CUST16716,Bangalore,Small Business
CUST16717,Indore,Student
CUST16718,Lucknow,Small Business
CUST16719,Bhopal,Consumer
CUST16720,Chandigarh,Corporate
CUST16721,Patna,Student
CUST16722,Thane,Consumer
CUST16723,Thane,Consumer
CUST16724,Kolkata,Small Business
CUST16725,Chandigarh,Student
CUST16726,Indore,Corporate
CUST16727,Rajkot,Corporate
CUST16728,Gurgaon,Consumer
CUST16729,Bangalore,Corporate
CUST16730,Hyderabad,Small Business
CUST16731,Jodhpur,Corporate
CUST16732,Indore,Small Business
CUST16733,Bhopal,Student
CUST16734,Mumbai,Consumer
CUST16735,Mumbai,Small Business
CUST16736,Visakhapatnam,Consumer
CUST16737,Surat,Small Business
CUST16738,Mumbai,Small Business
CUST16739,Kanpur,Small Business
CUST16740,Trivandrum,Consumer
CUST16741,Jodhpur,Small Business
CUST16742,Delhi,Small Business
CUST16743,Noida,Student
CUST16744,Madurai,Student
CUST16745,Jodhpur,Small Business
CUST16746,Ahmedabad,Small Business
CUST16747,Bangalore,Student
CUST16748,Chennai,Consumer
CUST16749,Noida,Student
CUST16750,Hyderabad,Small Business
CUST16751,Surat,Student
CUST16752,Jaipur,Student
CUST16753,Hyderabad,Small Business
CUST16754,Madurai,Student
CUST16755,Nagpur,Consumer
CUST16756,Coimbatore,Consumer
CUST16757,Mumbai,Small Business
CUST16758,Pune,Student
CUST16759,Visakhapatnam,Corporate
CUST16760,Kochi,Student
CUST16761,Patna,Corporate
CUST16762,Visakhapatnam,Consumer
CUST16763,Vadodara,Consumer
CUST16764,Gurgaon,Corporate
CUST16765,Kanpur,Small Business
CUST16766,Indore,Corporate
CUST16767,Bhopal,Small Business
CUST16768,Nagpur,Student
CUST16769,Gurgaon,Consumer
CUST16770,Kanpur,Consumer
CUST16771,Pune,Small Business
CUST16772,Thane,Small Business
CUST16773,Chandigarh,Corporate
CUST16774,Lucknow,Student
CUST16775,Delhi,Consumer
CUST16776,Gurgaon,Student
CUST16777,Jaipur,Small Business
CUST16778,Kanpur,Corporate
CUST16779,Patna,Corporate
CUST16780,Bhopal,Consumer
CUST16781,Ahmedabad,Student
CUST16782,Delhi,Consumer
CUST16783,Coimbatore,Student
CUST16784,Chandigarh,Student
CUST16785,Kanpur,Small Business
CUST16786,Hyderabad,Student
CUST16787,Chandigarh,Student
CUST16788,Rajkot,Small Business
CUST16789,Chennai,Student
CUST16790,Thane,Corporate
CUST16791,Gurgaon,Corporate
CUST16792,Surat,Small Business
CUST16793,Chennai,Corporate
CUST16794,Chandigarh,Small Business
CUST16795,Madurai,Consumer
CUST16796,Indore,Small Business
CUST16797,Chennai,Consumer
CUST16798,Kochi,Student
CUST16799,Thane,Small Business
CUST16800,Trivandrum,Consumer
CUST16801,Rajkot,Consumer
CUST16802,Hyderabad,Student
CUST16803,Visakhapatnam,Corporate
CUST16804,Gurgaon,Consumer
CUST16805,Rajkot,Small Business
CUST16806,Rajkot,Corporate
CUST16807,Patna,Consumer
CUST16808,Jodhpur,Small Business
CUST16809,Chennai,Student
CUST16810,Indore,Small Business
CUST16811,Ahmedabad,Small Business
CUST16812,Mumbai,Corporate
CUST16813,Gurgaon,Student
CUST16814,Delhi,Consumer
CUST16815,Mumbai,Student
CUST16816,Patna,Small Business
CUST16817,Madurai,Corporate
CUST16818,Nagpur,Student
CUST16819,Indore,Corporate
CUST16820,Coimbatore,Consumer
CUST16821,Kanpur,Corporate
CUST16822,Lucknow,Student
CUST16823,Pune,Small Business
CUST16824,Bangalore,Student
CUST16825,Bhopal,Student
CUST16826,Madurai,Consumer
CUST16827,Indore,Consumer
CUST16828,Bangalore,Corporate
CUST16829,Mysore,Consumer
CUST16830,Coimbatore,Corporate
CUST16831,Rajkot,Corporate
CUST16832,Mysore,Consumer
CUST16833,Pune,Corporate
CUST16834,Lucknow,Corporate
CUST16835,Ahmedabad,Small Business
CUST16836,Delhi,Consumer
CUST16837,Chandigarh,Corporate
CUST16838,Bangalore,Student
CUST16839,Hyderabad,Student
CUST16840,Hyderabad,Small Business
CUST16841,Jodhpur,Corporate
CUST16842,Noida,Small Business
CUST16843,Nashik,Consumer
CUST16844,Chennai,Student
CUST16845,Thane,Small Business
CUST16846,Indore,Corporate
CUST16847,Vadodara,Corporate
CUST16848,Patna,Corporate
CUST16849,Surat,Consumer
CUST16850,Nashik,Consumer
CUST16851,Pune,Small Business
CUST16852,Trivandrum,Corporate
CUST16853,Trivandrum,Student
CUST16854,Nagpur,Small Business
CUST16855,Kanpur,Student
CUST16856,Vadodara,Corporate
CUST16857,Mysore,Small Business
CUST16858,Patna,Consumer
CUST16859,Noida,Corporate
CUST16860,Madurai,Student
CUST16861,Mumbai,Student
CUST16862,Madurai,Consumer
CUST16863,Lucknow,Consumer
CUST16864,Kolkata,Consumer
CUST16865,Jaipur,Small Business
CUST16866,Chandigarh,Consumer
CUST16867,Visakhapatnam,Small Business
CUST16868,Nashik,Student
CUST16869,Vadodara,Consumer
CUST16870,Chandigarh,Small Business
CUST16871,Bhopal,Consumer
CUST16872,Jodhpur,Corporate
CUST16873,Nashik,Consumer
CUST16874,Trivandrum,Consumer
CUST16875,Thane,Small Business
CUST16876,Patna,Small Business
CUST16877,Mysore,Corporate
CUST16878,Thane,Small Business
CUST16879,Bhopal,Small Business
CUST16880,Nashik,Consumer
CUST16881,Jodhpur,Consumer
CUST16882,Jodhpur,Student
CUST16883,Chandigarh,Corporate
CUST16884,Coimbatore,Consumer
CUST16885,Madurai,Small Business
CUST16886,Bhopal,Corporate
CUST16887,Surat,Consumer
CUST16888,Coimbatore,Small Business
CUST16889,Pune,Consumer
CUST16890,Trivandrum,Small Business
CUST16891,Thane,Consumer
CUST16892,Chandigarh,Student
CUST16893,Chandigarh,Small Business
CUST16894,Ahmedabad,Small Business
CUST16895,Trivandrum,Small Business
CUST16896,Surat,Student
CUST16897,Vadodara,Small Business
CUST16898,Kochi,Consumer
CUST16899,Trivandrum,Corporate
CUST16900,Patna,Corporate
CUST16901,Trivandrum,Small Business
CUST16902,Rajkot,Student
CUST16903,Bhopal,Student
CUST16904,Kolkata,Corporate
CUST16905,Vadodara,Student
CUST16906,Visakhapatnam,Student
CUST16907,Trivandrum,Student
CUST16908,Vadodara,Student
CUST16909,Mysore,Consumer
CUST16910,Chandigarh,Small Business
CUST16911,Kolkata,Small Business
CUST16912,Hyderabad,Consumer
CUST16913,Visakhapatnam,Corporate
CUST16914,Ahmedabad,Small Business
CUST16915,Pune,Small Business
CUST16916,Thane,Small Business
CUST16917,Nashik,Consumer
CUST16918,Jaipur,Corporate
CUST16919,Mysore,Small Business
CUST16920,Bangalore,Student
CUST16921,Hyderabad,Corporate
CUST16922,Lucknow,Consumer
CUST16923,Bhopal,Consumer
CUST16924,Nagpur,Consumer
CUST16925,Patna,Small Business
CUST16926,Bangalore,Consumer
CUST16927,Kanpur,Corporate
CUST16928,Chennai,Consumer
CUST16929,Nagpur,Small Business
CUST16930,Nashik,Small Business
CUST16931,Noida,Small Business
CUST16932,Bangalore,Corporate
CUST16933,Mumbai,Small Business
CUST16934,Chennai,Student
CUST16935,Vadodara,Student
CUST16936,Bangalore,Student
CUST16937,Hyderabad,Consumer
CUST16938,Jodhpur,Consumer
CUST16939,Jaipur,Corporate
CUST16940,Mysore,Small Business
CUST16941,Chandigarh,Small Business
CUST16942,Visakhapatnam,Small Business
CUST16943,Vadodara,Corporate
CUST16944,Madurai,Small Business
CUST16945,Mysore,Consumer
CUST16946,Chennai,Small Business
CUST16947,Pune,Small Business
CUST16948,Chandigarh,Small Business
CUST16949,Ahmedabad,Student
CUST16950,Thane,Corporate
CUST16951,Kanpur,Corporate
CUST16952,Mysore,Small Business
CUST16953,Ahmedabad,Small Business
CUST16954,Kolkata,Corporate
CUST16955,Madurai,Student
CUST16956,Kochi,Small Business
CUST16957,Visakhapatnam,Student
CUST16958,Nashik,Consumer
CUST16959,Bangalore,Corporate
CUST16960,Hyderabad,Student
CUST16961,Coimbatore,Corporate
CUST16962,Bangalore,Student
CUST16963,Surat,Corporate
CUST16964,Madurai,Student
CUST16965,Indore,Student
CUST16966,Hyderabad,Student
CUST16967,Mysore,Student
CUST16968,Vadodara,Student
CUST16969,Surat,Student
CUST16970,Nagpur,Consumer
CUST16971,Madurai,Consumer
CUST16972,Bangalore,Student
CUST16973,Nashik,Student
CUST16974,Lucknow,Corporate
CUST16975,Rajkot,Student
CUST16976,Coimbatore,Student
CUST16977,Bhopal,Consumer
CUST16978,Ahmedabad,Corporate
CUST16979,Nagpur,Small Business
CUST16980,Chennai,Small Business
CUST16981,Hyderabad,Consumer
CUST16982,Visakhapatnam,Consumer
CUST16983,Pune,Corporate
CUST16984,Lucknow,Small Business
CUST16985,Coimbatore,Student
CUST16986,Surat,Small Business
CUST16987,Jodhpur,Consumer
CUST16988,Mysore,Student
CUST16989,Patna,Corporate
CUST16990,Nashik,Small Business
CUST16991,Delhi,Student
CUST16992,Coimbatore,Consumer
CUST16993,Hyderabad,Student
CUST16994,Lucknow,Consumer
CUST16995,Vadodara,Small Business
CUST16996,Indore,Student
CUST16997,Madurai,Small Business
CUST16998,Trivandrum,Corporate
CUST16999,Patna,Small Business
CUST17000,Noida,Corporate
CUST17001,Madurai,Small Business
CUST17002,Madurai,Student
CUST17003,Hyderabad,Student
CUST17004,Trivandrum,Student
CUST17005,Ahmedabad,Corporate
CUST17006,Noida,Small Business
CUST17007,Nashik,Corporate
CUST17008,Kolkata,Student
CUST17009,Surat,Corporate
CUST17010,Coimbatore,Student
CUST17011,Mumbai,Student
CUST17012,Mysore,Corporate
CUST17013,Patna,Small Business
CUST17014,Gurgaon,Corporate
CUST17015,Lucknow,Small Business
CUST17016,Thane,Consumer
CUST17017,Vadodara,Corporate
CUST17018,Noida,Corporate
CUST17019,Noida,Consumer
CUST17020,Thane,Consumer
CUST17021,Hyderabad,Consumer
CUST17022,Chennai,Corporate
CUST17023,Kochi,Small Business
CUST17024,Patna,Consumer
CUST17025,Thane,Consumer
CUST17026,Visakhapatnam,Student
CUST17027,Kolkata,Student
CUST17028,Trivandrum,Small Business
CUST17029,Nashik,Small Business
CUST17030,Thane,Corporate
CUST17031,Kanpur,Consumer
CUST17032,Surat,Corporate
CUST17033,Nagpur,Consumer
CUST17034,Trivandrum,Small Business
CUST17035,Chandigarh,Student
CUST17036,Bangalore,Small Business
CUST17037,Hyderabad,Corporate
CUST17038,Trivandrum,Corporate
CUST17039,Patna,Corporate
CUST17040,Madurai,Consumer
CUST17041,Mumbai,Consumer
CUST17042,Kolkata,Corporate
CUST17043,Coimbatore,Consumer
CUST17044,Bangalore,Small Business
CUST17045,Madurai,Small Business
CUST17046,Ahmedabad,Student
CUST17047,Jaipur,Small Business
CUST17048,Patna,Small Business
CUST17049,Kochi,Corporate
CUST17050,Mysore,Student
CUST17051,Indore,Small Business
CUST17052,Vadodara,Student
CUST17053,Visakhapatnam,Consumer
CUST17054,Gurgaon,Corporate
CUST17055,Kanpur,Consumer
CUST17056,Kolkata,Corporate
CUST17057,Jaipur,Small Business
CUST17058,Gurgaon,Corporate
CUST17059,Bangalore,Consumer
CUST17060,Chandigarh,Small Business
CUST17061,Delhi,Corporate
CUST17062,Kanpur,Consumer
CUST17063,Mumbai,Consumer
CUST17064,Lucknow,Small Business
CUST17065,Lucknow,Small Business
CUST17066,Madurai,Student
CUST17067,Mysore,Small Business
CUST17068,Kochi,Corporate
CUST17069,Rajkot,Consumer
CUST17070,Indore,Small Business
CUST17071,Rajkot,Consumer
CUST17072,Ahmedabad,Student
CUST17073,Thane,Consumer
CUST17074,Kochi,Small Business
CUST17075,Rajkot,Small Business
CUST17076,Delhi,Student
CUST17077,Surat,Small Business
CUST17078,Vadodara,Small Business
CUST17079,Nashik,Consumer
CUST17080,Rajkot,Corporate
CUST17081,Jodhpur,Small Business
CUST17082,Chandigarh,Student
CUST17083,Bangalore,Small Business
CUST17084,Trivandrum,Small Business
CUST17085,Bhopal,Student
CUST17086,Vadodara,Student
CUST17087,Indore,Student
CUST17088,Coimbatore,Student
CUST17089,Visakhapatnam,Small Business
CUST17090,Mysore,Small Business
CUST17091,Delhi,Student
CUST17092,Vadodara,Small Business
CUST17093,Visakhapatnam,Corporate
CUST17094,Bhopal,Corporate
CUST17095,Vadodara,Consumer
CUST17096,Mysore,Corporate
CUST17097,Bhopal,Corporate
CUST17098,Coimbatore,Consumer
CUST17099,Madurai,Corporate
CUST17100,Pune,Consumer
CUST17101,Madurai,Small Business
CUST17102,Indore,Small Business
CUST17103,Patna,Small Business
CUST17104,Chennai,Corporate
CUST17105,Gurgaon,Corporate
CUST17106,Kolkata,Student
CUST17107,Mysore,Small Business
CUST17108,Thane,Corporate
CUST17109,Kochi,Consumer
CUST17110,Jodhpur,Consumer
CUST17111,Jodhpur,Student
CUST17112,Madurai,Corporate
CUST17113,Kolkata,Consumer
CUST17114,Hyderabad,Consumer
CUST17115,Nagpur,Student
CUST17116,Trivandrum,Consumer
CUST17117,Mysore,Corporate
CUST17118,Coimbatore,Small Business
CUST17119,Kochi,Corporate
CUST17120,Lucknow,Corporate
CUST17121,Trivandrum,Small Business
CUST17122,Nagpur,Consumer
CUST17123,Indore,Consumer
CUST17124,Patna,Corporate
CUST17125,Ahmedabad,Small Business
CUST17126,Mysore,Consumer
CUST17127,Patna,Consumer
CUST17128,Coimbatore,Corporate
CUST17129,Madurai,Consumer
CUST17130,Rajkot,Corporate
CUST17131,Mumbai,Student
CUST17132,Lucknow,Consumer
CUST17133,Delhi,Corporate
CUST17134,Madurai,Small Business
CUST17135,Mysore,Small Business
CUST17136,Rajkot,Student
CUST17137,Lucknow,Small Business
CUST17138,Ahmedabad,Consumer
CUST17139,Visakhapatnam,Corporate
CUST17140,Bangalore,Small Business
CUST17141,Madurai,Student
CUST17142,Bangalore,Small Business
CUST17143,Chandigarh,Small Business
CUST17144,Lucknow,Corporate
CUST17145,Chennai,Small Business
CUST17146,Gurgaon,Small Business
CUST17147,Bhopal,Consumer
CUST17148,Patna,Corporate
CUST17149,Rajkot,Small Business
CUST17150,Ahmedabad,Small Business
CUST17151,Lucknow,Consumer
CUST17152,Thane,Small Business
CUST17153,Indore,Corporate
CUST17154,Bangalore,Small Business
CUST17155,Kanpur,Small Business
CUST17156,Lucknow,Small Business
CUST17157,Jaipur,Student
CUST17158,Indore,Consumer
CUST17159,Bangalore,Student
CUST17160,Madurai,Corporate
CUST17161,Gurgaon,Consumer
CUST17162,Chandigarh,Corporate
CUST17163,Mysore,Corporate
CUST17164,Pune,Student
CUST17165,Nagpur,Consumer
CUST17166,Pune,Small Business
CUST17167,Coimbatore,Consumer
CUST17168,Rajkot,Corporate
CUST17169,Nashik,Corporate
CUST17170,Mysore,Small Business
CUST17171,Mumbai,Small Business
CUST17172,Thane,Corporate
CUST17173,Visakhapatnam,Corporate
CUST17174,Kolkata,Corporate
CUST17175,Chennai,Small Business
CUST17176,Delhi,Small Business
CUST17177,Kolkata,Student
CUST17178,Kanpur,Consumer
CUST17179,Kanpur,Small Business
CUST17180,Mumbai,Corporate
CUST17181,Surat,Small Business
CUST17182,Gurgaon,Student
CUST17183,Chennai,Student
CUST17184,Visakhapatnam,Small Business
CUST17185,Bhopal,Student
CUST17186,Kanpur,Corporate
CUST17187,Madurai,Small Business
CUST17188,Bhopal,Student
CUST17189,Visakhapatnam,Consumer
CUST17190,Jaipur,Consumer
CUST17191,Chandigarh,Small Business
CUST17192,Hyderabad,Corporate
CUST17193,Bhopal,Student
CUST17194,Thane,Student
CUST17195,Trivandrum,Small Business
CUST17196,Jaipur,Student
CUST17197,Ahmedabad,Corporate
CUST17198,Nashik,Corporate
CUST17199,Gurgaon,Student
CUST17200,Nagpur,Consumer
CUST17201,Bhopal,Consumer
CUST17202,Kolkata,Corporate
CUST17203,Jodhpur,Corporate
CUST17204,Kanpur,Small Business
CUST17205,Lucknow,Student
CUST17206,Jodhpur,Small Business
CUST17207,Hyderabad,Student
CUST17208,Thane,Consumer
CUST17209,Bhopal,Corporate
CUST17210,Rajkot,Student
CUST17211,Jodhpur,Consumer
CUST17212,Kolkata,Small Business
CUST17213,Jodhpur,Student
CUST17214,Bangalore,Small Business
CUST17215,Trivandrum,Corporate
CUST17216,Gurgaon,Consumer
CUST17217,Vadodara,Consumer
CUST17218,Coimbatore,Corporate
CUST17219,Bangalore,Small Business
CUST17220,Madurai,Corporate
CUST17221,Pune,Corporate
CUST17222,Coimbatore,Consumer
CUST17223,Kolkata,Small Business
CUST17224,Kanpur,Consumer
CUST17225,Gurgaon,Corporate
CUST17226,Chennai,Student
CUST17227,Surat,Consumer
CUST17228,Trivandrum,Corporate
CUST17229,Bhopal,Small Business
CUST17230,Kanpur,Corporate
CUST17231,Kolkata,Small Business
CUST17232,Rajkot,Corporate
CUST17233,Indore,Consumer
CUST17234,Trivandrum,Corporate
CUST17235,Surat,Corporate
CUST17236,Nashik,Small Business
CUST17237,Kolkata,Student
CUST17238,Chennai,Consumer
CUST17239,Gurgaon,Small Business
CUST17240,Jodhpur,Small Business
CUST17241,Nagpur,Student
CUST17242,Bhopal,Corporate
CUST17243,Jaipur,Small Business
CUST17244,Rajkot,Student
CUST17245,Visakhapatnam,Corporate
CUST17246,Trivandrum,Consumer
CUST17247,Chennai,Corporate
CUST17248,Bhopal,Student
CUST17249,Kolkata,Small Business
CUST17250,Chennai,Student
CUST17251,Noida,Corporate
CUST17252,Rajkot,Small Business
CUST17253,Kanpur,Student
CUST17254,Patna,Small Business
CUST17255,Jodhpur,Small Business
CUST17256,Hyderabad,Small Business
CUST17257,Bhopal,Student
CUST17258,Ahmedabad,Small Business
CUST17259,Mumbai,Corporate
CUST17260,Lucknow,Student
CUST17261,Madurai,Small Business
CUST17262,Madurai,Small Business
CUST17263,Trivandrum,Student
CUST17264,Patna,Student
CUST17265,Trivandrum,Consumer
CUST17266,Chandigarh,Small Business
CUST17267,Kochi,Corporate
CUST17268,Bangalore,Small Business
CUST17269,Chennai,Small Business
CUST17270,Noida,Corporate
CUST17271,Lucknow,Student
CUST17272,Hyderabad,Consumer
CUST17273,Rajkot,Student
CUST17274,Bangalore,Corporate
CUST17275,Mysore,Corporate
CUST17276,Gurgaon,Student
CUST17277,Mysore,Student
CUST17278,Jodhpur,Corporate
CUST17279,Bhopal,Corporate
CUST17280,Pune,Corporate
CUST17281,Coimbatore,Student
CUST17282,Indore,Corporate
CUST17283,Noida,Consumer
CUST17284,Chandigarh,Consumer
CUST17285,Mysore,Small Business
CUST17286,Noida,Consumer
CUST17287,Indore,Corporate
CUST17288,Noida,Consumer
CUST17289,Kolkata,Small Business
CUST17290,Vadodara,Small Business
CUST17291,Nagpur,Consumer
CUST17292,Chandigarh,Consumer
CUST17293,Nagpur,Small Business
CUST17294,Kochi,Small Business
CUST17295,Coimbatore,Small Business
CUST17296,Kanpur,Corporate
CUST17297,Mysore,Consumer
CUST17298,Pune,Corporate
CUST17299,Jaipur,Small Business
CUST17300,Bhopal,Consumer
CUST17301,Patna,Small Business
CUST17302,Madurai,Student
CUST17303,Chandigarh,Student
CUST17304,Indore,Corporate
CUST17305,Thane,Student
CUST17306,Jaipur,Student
CUST17307,Chandigarh,Consumer
CUST17308,Trivandrum,Student
CUST17309,Visakhapatnam,Student
CUST17310,Delhi,Corporate
CUST17311,Ahmedabad,Consumer
CUST17312,Hyderabad,Corporate
CUST17313,Rajkot,Corporate
CUST17314,Gurgaon,Consumer
CUST17315,Jaipur,Corporate
CUST17316,Madurai,Student
CUST17317,Jaipur,Small Business
CUST17318,Trivandrum,Small Business
CUST17319,Madurai,Student
CUST17320,Kolkata,Small Business
CUST17321,Kanpur,Consumer
CUST17322,Bangalore,Corporate
CUST17323,Chennai,Small Business
CUST17324,Ahmedabad,Small Business
CUST17325,Bhopal,Student
CUST17326,Bhopal,Corporate
CUST17327,Kanpur,Consumer
CUST17328,Coimbatore,Consumer
CUST17329,Patna,Corporate
CUST17330,Mysore,Small Business
CUST17331,Kolkata,Consumer
CUST17332,Nagpur,Consumer
CUST17333,Mumbai,Corporate
CUST17334,Patna,Consumer
CUST17335,Kanpur,Small Business
CUST17336,Chennai,Small Business
CUST17337,Patna,Consumer
CUST17338,Surat,Consumer
CUST17339,Delhi,Student
CUST17340,Nashik,Consumer
CUST17341,Visakhapatnam,Consumer
CUST17342,Chandigarh,Corporate
CUST17343,Coimbatore,Consumer
CUST17344,Nagpur,Corporate
CUST17345,Lucknow,Student
CUST17346,Mysore,Corporate
CUST17347,Jaipur,Consumer
CUST17348,Hyderabad,Corporate
CUST17349,Mysore,Student
CUST17350,Kolkata,Student
CUST17351,Trivandrum,Student
CUST17352,Vadodara,Corporate
CUST17353,Chandigarh,Consumer
CUST17354,Ahmedabad,Small Business
CUST17355,Noida,Small Business
CUST17356,Hyderabad,Student
CUST17357,Thane,Small Business
CUST17358,Visakhapatnam,Corporate
CUST17359,Surat,Consumer
CUST17360,Jaipur,Corporate
CUST17361,Visakhapatnam,Corporate
CUST17362,Ahmedabad,Corporate
CUST17363,Chandigarh,Student
CUST17364,Ahmedabad,Consumer
CUST17365,Mysore,Small Business
CUST17366,Chennai,Consumer
CUST17367,Mumbai,Small Business
CUST17368,Trivandrum,Corporate
CUST17369,Pune,Student
CUST17370,Visakhapatnam,Corporate
CUST17371,Gurgaon,Corporate
CUST17372,Noida,Corporate
CUST17373,Gurgaon,Small Business
CUST17374,Nagpur,Student
CUST17375,Nashik,Corporate
CUST17376,Surat,Small Business
CUST17377,Visakhapatnam,Student
CUST17378,Chennai,Student
CUST17379,Nashik,Corporate
CUST17380,Coimbatore,Corporate
CUST17381,Thane,Corporate
CUST17382,Nashik,Consumer
CUST17383,Indore,Consumer
CUST17384,Ahmedabad,Small Business
CUST17385,Kolkata,Corporate
CUST17386,Nagpur,Consumer
CUST17387,Kochi,Small Business
CUST17388,Gurgaon,Consumer
CUST17389,Bangalore,Corporate
CUST17390,Coimbatore,Student
CUST17391,Coimbatore,Corporate
CUST17392,Visakhapatnam,Consumer
CUST17393,Patna,Small Business
CUST17394,Kochi,Consumer
CUST17395,Madurai,Consumer
CUST17396,Kochi,Small Business
CUST17397,Bhopal,Student
CUST17398,Pune,Student
CUST17399,Trivandrum,Small Business
CUST17400,Bangalore,Corporate
CUST17401,Hyderabad,Student
CUST17402,Visakhapatnam,Small Business
CUST17403,Noida,Consumer
CUST17404,Kochi,Consumer
CUST17405,Lucknow,Student
CUST17406,Lucknow,Consumer
CUST17407,Madurai,Consumer
CUST17408,Coimbatore,Small Business
CUST17409,Madurai,Consumer
CUST17410,Surat,Student
CUST17411,Coimbatore,Small Business
CUST17412,Jaipur,Consumer
CUST17413,Thane,Small Business
CUST17414,Pune,Student
CUST17415,Patna,Student
CUST17416,Pune,Student
CUST17417,Kanpur,Student
CUST17418,Gurgaon,Consumer
CUST17419,Kochi,Consumer
CUST17420,Chandigarh,Student
CUST17421,Delhi,Small Business
CUST17422,Vadodara,Small Business
CUST17423,Kochi,Student
CUST17424,Patna,Student
CUST17425,Jodhpur,Corporate
CUST17426,Pune,Student
CUST17427,Bhopal,Small Business
CUST17428,Jodhpur,Corporate
CUST17429,Mysore,Student
CUST17430,Indore,Student
CUST17431,Thane,Small Business
CUST17432,Coimbatore,Small Business
CUST17433,Lucknow,Consumer
CUST17434,Chandigarh,Small Business
CUST17435,Thane,Small Business
CUST17436,Trivandrum,Student
CUST17437,Mumbai,Consumer
CUST17438,Trivandrum,Consumer
CUST17439,Noida,Student
CUST17440,Madurai,Consumer
CUST17441,Nashik,Small Business
CUST17442,Jodhpur,Student
CUST17443,Nagpur,Student
CUST17444,Indore,Corporate
CUST17445,Bhopal,Student
CUST17446,Jaipur,Corporate
CUST17447,Gurgaon,Small Business
CUST17448,Jodhpur,Student
CUST17449,Ahmedabad,Student
CUST17450,Madurai,Small Business
CUST17451,Trivandrum,Student
CUST17452,Mumbai,Student
CUST17453,Coimbatore,Student
CUST17454,Mysore,Consumer
CUST17455,Patna,Small Business
CUST17456,Ahmedabad,Consumer
CUST17457,Surat,Student
CUST17458,Nashik,Corporate
CUST17459,Bangalore,Consumer
CUST17460,Mumbai,Consumer
CUST17461,Mumbai,Consumer
CUST17462,Patna,Student
CUST17463,Coimbatore,Consumer
CUST17464,Mysore,Corporate
CUST17465,Ahmedabad,Consumer
CUST17466,Hyderabad,Student
CUST17467,Mysore,Consumer
CUST17468,Rajkot,Student
CUST17469,Kanpur,Student
CUST17470,Gurgaon,Corporate
CUST17471,Lucknow,Corporate
CUST17472,Thane,Consumer
CUST17473,Mysore,Student
CUST17474,Pune,Student
CUST17475,Chennai,Corporate
CUST17476,Chennai,Student
CUST17477,Chennai,Student
CUST17478,Bangalore,Small Business
CUST17479,Visakhapatnam,Small Business
CUST17480,Bhopal,Consumer
CUST17481,Delhi,Consumer
CUST17482,Mysore,Small Business
CUST17483,Trivandrum,Student
CUST17484,Madurai,Corporate
CUST17485,Chandigarh,Consumer
CUST17486,Kolkata,Corporate
CUST17487,Noida,Small Business
CUST17488,Surat,Consumer
CUST17489,Surat,Consumer
CUST17490,Madurai,Small Business
CUST17491,Kolkata,Consumer
CUST17492,Kanpur,Corporate
CUST17493,Indore,Student
CUST17494,Mumbai,Small Business
CUST17495,Lucknow,Consumer
CUST17496,Jaipur,Small Business
CUST17497,Coimbatore,Student
CUST17498,Pune,Consumer
CUST17499,Madurai,Student
CUST17500,Kolkata,Small Business
CUST17501,Vadodara,Student
CUST17502,Jaipur,Small Business
CUST17503,Bangalore,Student
CUST17504,Indore,Corporate
CUST17505,Ahmedabad,Small Business
CUST17506,Delhi,Student
CUST17507,Chennai,Small Business
CUST17508,Visakhapatnam,Consumer
CUST17509,Chennai,Consumer
CUST17510,Jaipur,Student
CUST17511,Noida,Small Business
CUST17512,Jaipur,Consumer
CUST17513,Surat,Small Business
CUST17514,Ahmedabad,Student
CUST17515,Chandigarh,Student
CUST17516,Madurai,Student
CUST17517,Rajkot,Small Business
CUST17518,Pune,Student
CUST17519,Madurai,Corporate
CUST17520,Noida,Corporate
CUST17521,Kochi,Small Business
CUST17522,Coimbatore,Small Business
CUST17523,Nashik,Consumer
CUST17524,Rajkot,Small Business
CUST17525,Kolkata,Student
CUST17526,Nagpur,Small Business
CUST17527,Pune,Corporate
CUST17528,Patna,Corporate
CUST17529,Surat,Student
CUST17530,Vadodara,Small Business
CUST17531,Jaipur,Small Business
CUST17532,Bangalore,Student
CUST17533,Madurai,Consumer
CUST17534,Mumbai,Small Business
CUST17535,Bhopal,Small Business
CUST17536,Patna,Small Business
CUST17537,Chandigarh,Consumer
CUST17538,Nashik,Consumer
CUST17539,Nagpur,Corporate
CUST17540,Chandigarh,Consumer
CUST17541,Ahmedabad,Small Business
CUST17542,Bhopal,Corporate
CUST17543,Ahmedabad,Consumer
CUST17544,Nagpur,Corporate
CUST17545,Jaipur,Small Business
CUST17546,Madurai,Student
CUST17547,Patna,Small Business
CUST17548,Nagpur,Consumer
CUST17549,Kolkata,Small Business
CUST17550,Gurgaon,Corporate
CUST17551,Bhopal,Consumer
CUST17552,Bhopal,Consumer
CUST17553,Gurgaon,Corporate
CUST17554,Jodhpur,Consumer
CUST17555,Thane,Corporate
CUST17556,Kochi,Small Business
CUST17557,Pune,Corporate
CUST17558,Trivandrum,Small Business
CUST17559,Bhopal,Small Business
CUST17560,Thane,Student
CUST17561,Mumbai,Consumer
CUST17562,Kolkata,Small Business
CUST17563,Pune,Student
CUST17564,Thane,Small Business
CUST17565,Jodhpur,Student
CUST17566,Gurgaon,Corporate
CUST17567,Vadodara,Student
CUST17568,Chandigarh,Corporate
CUST17569,Noida,Student
CUST17570,Kolkata,Small Business
CUST17571,Nashik,Corporate
CUST17572,Noida,Student
CUST17573,Gurgaon,Student
CUST17574,Nashik,Corporate
CUST17575,Kolkata,Small Business
CUST17576,Mysore,Student
CUST17577,Kanpur,Consumer
CUST17578,Mysore,Corporate
CUST17579,Indore,Consumer
CUST17580,Kanpur,Student
CUST17581,Chandigarh,Consumer
CUST17582,Ahmedabad,Consumer
CUST17583,Rajkot,Consumer
CUST17584,Lucknow,Corporate
CUST17585,Bhopal,Student
CUST17586,Kanpur,Consumer
CUST17587,Thane,Student
CUST17588,Kanpur,Student
CUST17589,Kolkata,Corporate
CUST17590,Chandigarh,Small Business
CUST17591,Jaipur,Small Business
CUST17592,Noida,Small Business
CUST17593,Delhi,Consumer
CUST17594,Trivandrum,Corporate
CUST17595,Ahmedabad,Student
CUST17596,Mumbai,Consumer
CUST17597,Vadodara,Small Business
CUST17598,Delhi,Consumer
CUST17599,Vadodara,Small Business
CUST17600,Thane,Student
CUST17601,Vadodara,Student
CUST17602,Jaipur,Consumer
CUST17603,Kanpur,Consumer
CUST17604,Kolkata,Corporate
CUST17605,Patna,Student
CUST17606,Kanpur,Corporate
CUST17607,Coimbatore,Consumer
CUST17608,Chennai,Consumer
CUST17609,Indore,Student
CUST17610,Noida,Corporate
CUST17611,Chennai,Small Business
CUST17612,Kanpur,Small Business
CUST17613,Jodhpur,Small Business
CUST17614,Visakhapatnam,Student
CUST17615,Bangalore,Student
CUST17616,Nashik,Consumer
CUST17617,Jodhpur,Corporate
CUST17618,Coimbatore,Small Business
CUST17619,Delhi,Small Business
CUST17620,Jaipur,Consumer
CUST17621,Surat,Consumer
CUST17622,Chennai,Corporate
CUST17623,Nashik,Corporate
CUST17624,Indore,Consumer
CUST17625,Rajkot,Student
CUST17626,Rajkot,Student
CUST17627,Chennai,Small Business
CUST17628,Mysore,Student
CUST17629,Trivandrum,Student
CUST17630,Nashik,Student
CUST17631,Indore,Student
CUST17632,Coimbatore,Consumer
CUST17633,Jodhpur,Consumer
CUST17634,Mysore,Consumer
CUST17635,Surat,Student
CUST17636,Hyderabad,Consumer
CUST17637,Gurgaon,Small Business
CUST17638,Visakhapatnam,Consumer
CUST17639,Visakhapatnam,Consumer
CUST17640,Surat,Student
CUST17641,Patna,Small Business
CUST17642,Patna,Consumer
CUST17643,Delhi,Small Business
CUST17644,Pune,Corporate
CUST17645,Noida,Corporate
CUST17646,Chennai,Small Business
CUST17647,Chandigarh,Consumer
CUST17648,Lucknow,Small Business
CUST17649,Bhopal,Student
CUST17650,Mumbai,Small Business
CUST17651,Lucknow,Consumer
CUST17652,Kanpur,Small Business
CUST17653,Visakhapatnam,Small Business
CUST17654,Chennai,Consumer
CUST17655,Surat,Small Business
CUST17656,Rajkot,Consumer
CUST17657,Noida,Student
CUST17658,Madurai,Corporate
CUST17659,Rajkot,Corporate
CUST17660,Trivandrum,Small Business
CUST17661,Kolkata,Student
CUST17662,Noida,Corporate
CUST17663,Mysore,Consumer
CUST17664,Jodhpur,Corporate
CUST17665,Chandigarh,Small Business
CUST17666,Trivandrum,Small Business
CUST17667,Ahmedabad,Small Business
CUST17668,Chandigarh,Consumer
CUST17669,Indore,Small Business
CUST17670,Patna,Student
CUST17671,Gurgaon,Small Business
CUST17672,Madurai,Consumer
CUST17673,Patna,Corporate
CUST17674,Nagpur,Consumer
CUST17675,Bangalore,Student
CUST17676,Indore,Small Business
CUST17677,Surat,Consumer
CUST17678,Jaipur,Small Business
CUST17679,Trivandrum,Small Business
CUST17680,Chandigarh,Corporate
CUST17681,Kolkata,Student
CUST17682,Noida,Consumer
CUST17683,Gurgaon,Student
CUST17684,Nashik,Student
CUST17685,Kochi,Small Business
CUST17686,Kolkata,Small Business
CUST17687,Nashik,Corporate
CUST17688,Vadodara,Corporate
CUST17689,Chandigarh,Consumer
CUST17690,Patna,Consumer
CUST17691,Visakhapatnam,Corporate
CUST17692,Hyderabad,Student
CUST17693,Nagpur,Student
CUST17694,Hyderabad,Small Business
CUST17695,Bangalore,Corporate
CUST17696,Jodhpur,Student
CUST17697,Visakhapatnam,Consumer
CUST17698,Kochi,Consumer
CUST17699,Ahmedabad,Small Business
CUST17700,Visakhapatnam,Consumer
CUST17701,Patna,Small Business
CUST17702,Visakhapatnam,Corporate
CUST17703,Patna,Small Business
CUST17704,Chennai,Corporate
CUST17705,Bhopal,Small Business
CUST17706,Coimbatore,Small Business
CUST17707,Hyderabad,Student
CUST17708,Chandigarh,Small Business
CUST17709,Nagpur,Student
CUST17710,Trivandrum,Corporate
CUST17711,Gurgaon,Consumer
CUST17712,Pune,Small Business
CUST17713,Kolkata,Corporate
CUST17714,Bhopal,Small Business
CUST17715,Madurai,Consumer
CUST17716,Pune,Small Business
CUST17717,Noida,Small Business
CUST17718,Gurgaon,Corporate
CUST17719,Bhopal,Small Business
CUST17720,Chennai,Corporate
CUST17721,Lucknow,Small Business
CUST17722,Trivandrum,Student
CUST17723,Bhopal,Consumer
CUST17724,Trivandrum,Small Business
CUST17725,Trivandrum,Student
CUST17726,Kolkata,Consumer
CUST17727,Nashik,Corporate
CUST17728,Mumbai,Student
CUST17729,Kochi,Consumer
CUST17730,Bangalore,Corporate
CUST17731,Madurai,Small Business
CUST17732,Mysore,Small Business
CUST17733,Ahmedabad,Corporate
CUST17734,Patna,Small Business
CUST17735,Madurai,Corporate
CUST17736,Vadodara,Consumer
CUST17737,Lucknow,Corporate
CUST17738,Kochi,Consumer
CUST17739,Pune,Consumer
CUST17740,Vadodara,Consumer
CUST17741,Surat,Small Business
CUST17742,Lucknow,Student
CUST17743,Kochi,Corporate
CUST17744,Madurai,Small Business
CUST17745,Pune,Student
CUST17746,Bangalore,Student
CUST17747,Chandigarh,Student
CUST17748,Lucknow,Consumer
CUST17749,Surat,Corporate
CUST17750,Kochi,Student
CUST17751,Patna,Student
CUST17752,Rajkot,Corporate
CUST17753,Patna,Consumer
CUST17754,Nashik,Small Business
CUST17755,Gurgaon,Small Business
CUST17756,Noida,Corporate
CUST17757,Hyderabad,Small Business
CUST17758,Patna,Consumer
CUST17759,Noida,Consumer
CUST17760,Ahmedabad,Corporate
CUST17761,Kochi,Corporate
CUST17762,Kanpur,Consumer
CUST17763,Trivandrum,Small Business
CUST17764,Gurgaon,Student
CUST17765,Mumbai,Consumer
CUST17766,Visakhapatnam,Consumer
CUST17767,Bangalore,Small Business
CUST17768,Delhi,Consumer
CUST17769,Bangalore,Consumer
CUST17770,Thane,Consumer
CUST17771,Ahmedabad,Consumer
CUST17772,Pune,Small Business
CUST17773,Visakhapatnam,Corporate
CUST17774,Ahmedabad,Small Business
CUST17775,Chennai,Student
CUST17776,Madurai,Consumer
CUST17777,Rajkot,Consumer
CUST17778,Hyderabad,Consumer
CUST17779,Delhi,Small Business
CUST17780,Kolkata,Corporate
CUST17781,Chennai,Corporate
CUST17782,Hyderabad,Corporate
CUST17783,Bhopal,Corporate
CUST17784,Rajkot,Student
CUST17785,Bhopal,Small Business
CUST17786,Ahmedabad,Student
CUST17787,Delhi,Student
CUST17788,Kolkata,Student
CUST17789,Nashik,Consumer
CUST17790,Pune,Consumer
CUST17791,Bangalore,Corporate
CUST17792,Patna,Consumer
CUST17793,Chandigarh,Small Business
CUST17794,Bhopal,Consumer
CUST17795,Indore,Student
CUST17796,Vadodara,Corporate
CUST17797,Kanpur,Small Business
CUST17798,Pune,Small Business
CUST17799,Rajkot,Corporate
CUST17800,Thane,Corporate
CUST17801,Bhopal,Corporate
CUST17802,Jodhpur,Consumer
CUST17803,Delhi,Corporate
CUST17804,Nashik,Consumer
CUST17805,Chennai,Small Business
CUST17806,Ahmedabad,Small Business
CUST17807,Noida,Student
CUST17808,Hyderabad,Small Business
CUST17809,Mumbai,Small Business
CUST17810,Lucknow,Small Business
CUST17811,Trivandrum,Consumer
CUST17812,Kanpur,Consumer
CUST17813,Lucknow,Student
CUST17814,Chandigarh,Consumer
CUST17815,Pune,Consumer
CUST17816,Bangalore,Student
CUST17817,Coimbatore,Small Business
CUST17818,Trivandrum,Student
CUST17819,Madurai,Consumer
CUST17820,Madurai,Consumer
CUST17821,Surat,Corporate
CUST17822,Ahmedabad,Consumer
CUST17823,Gurgaon,Corporate
CUST17824,Mumbai,Student
CUST17825,Patna,Small Business
CUST17826,Nagpur,Consumer
CUST17827,Indore,Student
CUST17828,Mysore,Consumer
CUST17829,Rajkot,Student
CUST17830,Patna,Student
CUST17831,Jaipur,Consumer
CUST17832,Kochi,Student
CUST17833,Delhi,Small Business
CUST17834,Gurgaon,Corporate
CUST17835,Chennai,Corporate
CUST17836,Chandigarh,Student
CUST17837,Thane,Student
CUST17838,Indore,Student
CUST17839,Surat,Consumer
CUST17840,Kolkata,Consumer
CUST17841,Lucknow,Student
CUST17842,Nagpur,Small Business
CUST17843,Nashik,Corporate
CUST17844,Nashik,Corporate
CUST17845,Visakhapatnam,Corporate
CUST17846,Noida,Student
CUST17847,Kolkata,Consumer
CUST17848,Vadodara,Small Business
CUST17849,Kolkata,Small Business
CUST17850,Mumbai,Corporate
CUST17851,Noida,Student
CUST17852,Jodhpur,Consumer
CUST17853,Delhi,Student
CUST17854,Chennai,Student
CUST17855,Visakhapatnam,Small Business
CUST17856,Surat,Student
CUST17857,Trivandrum,Consumer
CUST17858,Vadodara,Corporate
CUST17859,Rajkot,Corporate
CUST17860,Hyderabad,Student
CUST17861,Nashik,Consumer
CUST17862,Coimbatore,Student
CUST17863,Mysore,Small Business
CUST17864,Nashik,Corporate
CUST17865,Thane,Consumer
CUST17866,Hyderabad,Consumer
CUST17867,Mysore,Consumer
CUST17868,Mysore,Corporate
CUST17869,Jaipur,Student
CUST17870,Kolkata,Student
CUST17871,Gurgaon,Student
CUST17872,Indore,Small Business
CUST17873,Indore,Small Business
CUST17874,Nagpur,Consumer
CUST17875,Coimbatore,Student
CUST17876,Thane,Student
CUST17877,Vadodara,Corporate
CUST17878,Jodhpur,Corporate
CUST17879,Lucknow,Consumer
CUST17880,Hyderabad,Student
CUST17881,Hyderabad,Student
CUST17882,Thane,Small Business
CUST17883,Visakhapatnam,Student
CUST17884,Surat,Student
CUST17885,Chennai,Corporate
CUST17886,Bhopal,Student
CUST17887,Pune,Small Business
CUST17888,Lucknow,Student
CUST17889,Coimbatore,Corporate
CUST17890,Nagpur,Small Business
CUST17891,Jodhpur,Consumer
CUST17892,Kolkata,Student
CUST17893,Nashik,Corporate
CUST17894,Gurgaon,Small Business
CUST17895,Gurgaon,Student
CUST17896,Kochi,Small Business
CUST17897,Kolkata,Consumer
CUST17898,Jaipur,Student
CUST17899,Madurai,Small Business
CUST17900,Hyderabad,Consumer
CUST17901,Vadodara,Consumer
CUST17902,Kanpur,Student
CUST17903,Gurgaon,Corporate
CUST17904,Noida,Small Business
CUST17905,Surat,Consumer
CUST17906,Mumbai,Small Business
CUST17907,Bangalore,Student
CUST17908,Gurgaon,Corporate
CUST17909,Visakhapatnam,Consumer
CUST17910,Hyderabad,Student
CUST17911,Gurgaon,Student
CUST17912,Ahmedabad,Student
CUST17913,Jaipur,Small Business
CUST17914,Thane,Consumer
CUST17915,Coimbatore,Student
CUST17916,Indore,Student
CUST17917,Gurgaon,Consumer
CUST17918,Lucknow,Small Business
CUST17919,Rajkot,Small Business
CUST17920,Chennai,Small Business
CUST17921,Mysore,Small Business
CUST17922,Coimbatore,Corporate
CUST17923,Chandigarh,Corporate
CUST17924,Nashik,Student
CUST17925,Coimbatore,Consumer
CUST17926,Thane,Student
CUST17927,Mysore,Student
CUST17928,Patna,Corporate
CUST17929,Delhi,Small Business
CUST17930,Patna,Consumer
CUST17931,Trivandrum,Small Business
CUST17932,Bhopal,Small Business
CUST17933,Jaipur,Consumer
CUST17934,Rajkot,Small Business
CUST17935,Kolkata,Small Business
CUST17936,Indore,Student
CUST17937,Ahmedabad,Student
CUST17938,Trivandrum,Consumer
CUST17939,Coimbatore,Consumer
CUST17940,Nagpur,Student
CUST17941,Kochi,Small Business
CUST17942,Ahmedabad,Corporate
CUST17943,Nashik,Student
CUST17944,Chandigarh,Student
CUST17945,Nagpur,Student
CUST17946,Nagpur,Corporate
CUST17947,Trivandrum,Consumer
CUST17948,Trivandrum,Consumer
CUST17949,Hyderabad,Consumer
CUST17950,Chennai,Corporate
CUST17951,Gurgaon,Consumer
CUST17952,Rajkot,Student
CUST17953,Rajkot,Corporate
CUST17954,Vadodara,Student
CUST17955,Hyderabad,Small Business
CUST17956,Lucknow,Small Business
CUST17957,Jaipur,Consumer
CUST17958,Kolkata,Corporate
CUST17959,Noida,Consumer
CUST17960,Coimbatore,Consumer
CUST17961,Ahmedabad,Consumer
CUST17962,Surat,Small Business
CUST17963,Kanpur,Corporate
CUST17964,Jaipur,Student
CUST17965,Patna,Consumer
CUST17966,Indore,Corporate
CUST17967,Bhopal,Corporate
CUST17968,Jodhpur,Student
CUST17969,Noida,Student
CUST17970,Lucknow,Consumer
CUST17971,Kolkata,Small Business
CUST17972,Nagpur,Student
CUST17973,Surat,Small Business
CUST17974,Mumbai,Consumer
CUST17975,Indore,Small Business
CUST17976,Coimbatore,Small Business
CUST17977,Gurgaon,Small Business
CUST17978,Thane,Student
CUST17979,Noida,Corporate
CUST17980,Kanpur,Consumer
CUST17981,Rajkot,Corporate
CUST17982,Surat,Student
CUST17983,Vadodara,Consumer
CUST17984,Noida,Consumer
CUST17985,Jaipur,Student
CUST17986,Visakhapatnam,Small Business
CUST17987,Delhi,Student
CUST17988,Mumbai,Small Business
CUST17989,Kanpur,Consumer
CUST17990,Ahmedabad,Corporate
CUST17991,Chandigarh,Corporate
CUST17992,Mysore,Corporate
CUST17993,Ahmedabad,Small Business
CUST17994,Nashik,Consumer
CUST17995,Patna,Student
CUST17996,Hyderabad,Consumer
CUST17997,Jodhpur,Small Business
CUST17998,Kanpur,Corporate
CUST17999,Bhopal,Consumer
CUST18000,Surat,Corporate
CUST18001,Mysore,Consumer
CUST18002,Kolkata,Small Business
CUST18003,Surat,Student
CUST18004,Rajkot,Consumer
CUST18005,Ahmedabad,Corporate
CUST18006,Thane,Small Business
CUST18007,Chennai,Student
CUST18008,Lucknow,Corporate
CUST18009,Jaipur,Corporate
CUST18010,Trivandrum,Small Business
CUST18011,Surat,Corporate
CUST18012,Coimbatore,Small Business
CUST18013,Chennai,Corporate
CUST18014,Bhopal,Corporate
CUST18015,Kolkata,Consumer
CUST18016,Noida,Consumer
CUST18017,Delhi,Small Business
CUST18018,Bhopal,Corporate
CUST18019,Chennai,Consumer
CUST18020,Coimbatore,Student
CUST18021,Lucknow,Corporate
CUST18022,Bangalore,Student
CUST18023,Thane,Small Business
CUST18024,Coimbatore,Consumer
CUST18025,Rajkot,Corporate
CUST18026,Jodhpur,Small Business
CUST18027,Visakhapatnam,Small Business
CUST18028,Surat,Small Business
CUST18029,Chennai,Consumer
CUST18030,Mysore,Consumer
CUST18031,Rajkot,Consumer
CUST18032,Noida,Small Business
CUST18033,Bhopal,Student
CUST18034,Surat,Corporate
CUST18035,Nashik,Corporate
CUST18036,Mumbai,Corporate
CUST18037,Noida,Student
CUST18038,Visakhapatnam,Small Business
CUST18039,Rajkot,Corporate
CUST18040,Hyderabad,Student
CUST18041,Coimbatore,Consumer
CUST18042,Surat,Consumer
CUST18043,Kolkata,Consumer
CUST18044,Ahmedabad,Corporate
CUST18045,Bangalore,Consumer
CUST18046,Kanpur,Small Business
CUST18047,Chandigarh,Corporate
CUST18048,Ahmedabad,Consumer
CUST18049,Rajkot,Student
CUST18050,Lucknow,Small Business
CUST18051,Jodhpur,Corporate
CUST18052,Nashik,Small Business
CUST18053,Mysore,Corporate
CUST18054,Trivandrum,Corporate
CUST18055,Rajkot,Corporate
CUST18056,Mumbai,Consumer
CUST18057,Lucknow,Student
CUST18058,Chennai,Consumer
CUST18059,Madurai,Student
CUST18060,Kanpur,Consumer
CUST18061,Thane,Consumer
CUST18062,Lucknow,Student
CUST18063,Trivandrum,Consumer
CUST18064,Hyderabad,Student
CUST18065,Coimbatore,Consumer
CUST18066,Gurgaon,Student
CUST18067,Thane,Corporate
CUST18068,Indore,Consumer
CUST18069,Bangalore,Student
CUST18070,Ahmedabad,Student
CUST18071,Kanpur,Corporate
CUST18072,Mysore,Consumer
CUST18073,Rajkot,Student
CUST18074,Jaipur,Consumer
CUST18075,Kolkata,Small Business
CUST18076,Coimbatore,Corporate
CUST18077,Vadodara,Student
CUST18078,Delhi,Student
CUST18079,Gurgaon,Student
CUST18080,Gurgaon,Small Business
CUST18081,Chennai,Consumer
CUST18082,Lucknow,Corporate
CUST18083,Gurgaon,Small Business
CUST18084,Madurai,Small Business
CUST18085,Kanpur,Small Business
CUST18086,Nashik,Corporate
CUST18087,Madurai,Corporate
CUST18088,Bangalore,Student
CUST18089,Jodhpur,Consumer
CUST18090,Thane,Student
CUST18091,Jodhpur,Corporate
CUST18092,Thane,Small Business
CUST18093,Mumbai,Corporate
CUST18094,Noida,Student
CUST18095,Ahmedabad,Student
CUST18096,Madurai,Small Business
CUST18097,Mumbai,Corporate
CUST18098,Chandigarh,Consumer
CUST18099,Trivandrum,Corporate
CUST18100,Visakhapatnam,Consumer
CUST18101,Pune,Student
CUST18102,Gurgaon,Corporate
CUST18103,Kanpur,Corporate
CUST18104,Delhi,Small Business
CUST18105,Noida,Corporate
CUST18106,Surat,Student
CUST18107,Madurai,Student
CUST18108,Madurai,Consumer
CUST18109,Thane,Student
CUST18110,Trivandrum,Corporate
CUST18111,Nashik,Corporate
CUST18112,Nagpur,Student
CUST18113,Madurai,Student
CUST18114,Jodhpur,Corporate
CUST18115,Rajkot,Small Business
CUST18116,Kanpur,Consumer
CUST18117,Lucknow,Small Business
CUST18118,Vadodara,Student
CUST18119,Jaipur,Student
CUST18120,Delhi,Corporate
CUST18121,Jodhpur,Consumer
CUST18122,Lucknow,Student
CUST18123,Ahmedabad,Student
CUST18124,Rajkot,Small Business
CUST18125,Chandigarh,Corporate
CUST18126,Bangalore,Consumer
CUST18127,Jodhpur,Small Business
CUST18128,Lucknow,Corporate
CUST18129,Nashik,Corporate
CUST18130,Pune,Consumer
CUST18131,Kolkata,Student
CUST18132,Surat,Small Business
CUST18133,Lucknow,Small Business
CUST18134,Coimbatore,Corporate
CUST18135,Indore,Consumer
CUST18136,Kanpur,Corporate
CUST18137,Vadodara,Corporate
CUST18138,Indore,Consumer
CUST18139,Gurgaon,Small Business
CUST18140,Madurai,Student
CUST18141,Delhi,Student
CUST18142,Kanpur,Small Business
CUST18143,Nashik,Corporate
CUST18144,Jaipur,Small Business
CUST18145,Pune,Corporate
CUST18146,Thane,Student
CUST18147,Rajkot,Small Business
CUST18148,Nashik,Small Business
CUST18149,Kanpur,Student
CUST18150,Bhopal,Small Business
CUST18151,Visakhapatnam,Student
CUST18152,Delhi,Small Business
CUST18153,Nagpur,Consumer
CUST18154,Mysore,Student
CUST18155,Patna,Student
CUST18156,Nagpur,Consumer
CUST18157,Bangalore,Corporate
CUST18158,Thane,Corporate
CUST18159,Bangalore,Student
CUST18160,Madurai,Small Business
CUST18161,Vadodara,Small Business
CUST18162,Pune,Consumer
CUST18163,Surat,Consumer
CUST18164,Pune,Small Business
CUST18165,Ahmedabad,Corporate
CUST18166,Delhi,Small Business
CUST18167,Jaipur,Consumer
CUST18168,Mumbai,Consumer
CUST18169,Kolkata,Student
CUST18170,Mysore,Small Business
CUST18171,Nashik,Consumer
CUST18172,Ahmedabad,Student
CUST18173,Kochi,Consumer
CUST18174,Pune,Small Business
CUST18175,Jaipur,Small Business
CUST18176,Surat,Corporate
CUST18177,Rajkot,Small Business
CUST18178,Rajkot,Corporate
CUST18179,Chennai,Small Business
CUST18180,Surat,Corporate
CUST18181,Mysore,Student
CUST18182,Hyderabad,Corporate
CUST18183,Kanpur,Student
CUST18184,Mysore,Corporate
CUST18185,Rajkot,Consumer
CUST18186,Mysore,Corporate
CUST18187,Ahmedabad,Corporate
CUST18188,Thane,Small Business
CUST18189,Kolkata,Small Business
CUST18190,Mumbai,Small Business
CUST18191,Mysore,Small Business
CUST18192,Ahmedabad,Small Business
CUST18193,Indore,Consumer
CUST18194,Pune,Corporate
CUST18195,Mumbai,Consumer
CUST18196,Gurgaon,Consumer
CUST18197,Kochi,Consumer
CUST18198,Bhopal,Corporate
CUST18199,Noida,Corporate
CUST18200,Kanpur,Small Business
CUST18201,Ahmedabad,Consumer
CUST18202,Jaipur,Small Business
CUST18203,Chandigarh,Consumer
CUST18204,Rajkot,Corporate
CUST18205,Coimbatore,Student
CUST18206,Bangalore,Consumer
CUST18207,Delhi,Small Business
CUST18208,Hyderabad,Student
CUST18209,Nashik,Small Business
CUST18210,Nashik,Consumer
CUST18211,Mysore,Small Business
CUST18212,Mumbai,Student
CUST18213,Madurai,Corporate
CUST18214,Gurgaon,Consumer
CUST18215,Vadodara,Student
CUST18216,Delhi,Consumer
CUST18217,Pune,Corporate
CUST18218,Mysore,Student
CUST18219,Bangalore,Corporate
CUST18220,Vadodara,Small Business
CUST18221,Madurai,Small Business
CUST18222,Noida,Small Business
CUST18223,Vadodara,Student
CUST18224,Kanpur,Student
CUST18225,Indore,Student
CUST18226,Hyderabad,Corporate
CUST18227,Ahmedabad,Consumer
CUST18228,Delhi,Consumer
CUST18229,Madurai,Corporate
CUST18230,Pune,Consumer
CUST18231,Kanpur,Consumer
CUST18232,Jodhpur,Corporate
CUST18233,Madurai,Consumer
CUST18234,Trivandrum,Small Business
CUST18235,Trivandrum,Consumer
CUST18236,Vadodara,Consumer
CUST18237,Indore,Consumer
CUST18238,Coimbatore,Corporate
CUST18239,Mysore,Consumer
CUST18240,Bhopal,Student
CUST18241,Indore,Corporate
CUST18242,Kanpur,Corporate
CUST18243,Bhopal,Corporate
CUST18244,Noida,Corporate
CUST18245,Mumbai,Student
CUST18246,Visakhapatnam,Student
CUST18247,Ahmedabad,Small Business
CUST18248,Surat,Small Business
CUST18249,Surat,Consumer
CUST18250,Mumbai,Small Business
CUST18251,Surat,Small Business
CUST18252,Mysore,Student
CUST18253,Patna,Corporate
CUST18254,Ahmedabad,Consumer
CUST18255,Chandigarh,Student
CUST18256,Nashik,Corporate
CUST18257,Coimbatore,Student
CUST18258,Bangalore,Consumer
CUST18259,Trivandrum,Consumer
CUST18260,Nashik,Consumer
CUST18261,Bangalore,Small Business
CUST18262,Kochi,Consumer
CUST18263,Jodhpur,Consumer
CUST18264,Mysore,Consumer
CUST18265,Patna,Small Business
CUST18266,Mysore,Consumer
CUST18267,Surat,Student
CUST18268,Jodhpur,Small Business
CUST18269,Jaipur,Consumer
CUST18270,Madurai,Small Business
CUST18271,Jaipur,Student
CUST18272,Chandigarh,Consumer
CUST18273,Bhopal,Consumer
CUST18274,Kolkata,Student
CUST18275,Madurai,Corporate
CUST18276,Coimbatore,Corporate
CUST18277,Thane,Student
CUST18278,Jaipur,Student
CUST18279,Bangalore,Small Business
CUST18280,Noida,Consumer
CUST18281,Patna,Small Business
CUST18282,Jodhpur,Corporate
CUST18283,Noida,Corporate
CUST18284,Ahmedabad,Student
CUST18285,Thane,Student
CUST18286,Bhopal,Student
CUST18287,Surat,Corporate
CUST18288,Madurai,Corporate
CUST18289,Nashik,Corporate
CUST18290,Indore,Student
CUST18291,Kolkata,Consumer
CUST18292,Vadodara,Small Business
CUST18293,Lucknow,Small Business
CUST18294,Patna,Student
CUST18295,Jodhpur,Student
CUST18296,Bangalore,Consumer
CUST18297,Chandigarh,Corporate
CUST18298,Surat,Student
CUST18299,Gurgaon,Consumer
CUST18300,Coimbatore,Consumer
CUST18301,Thane,Consumer
CUST18302,Surat,Small Business
CUST18303,Thane,Small Business
CUST18304,Madurai,Corporate
CUST18305,Indore,Consumer
CUST18306,Jodhpur,Corporate
CUST18307,Pune,Consumer
CUST18308,Jaipur,Student
CUST18309,Kolkata,Consumer
CUST18310,Jodhpur,Consumer
CUST18311,Vadodara,Corporate
CUST18312,Lucknow,Small Business
CUST18313,Madurai,Consumer
CUST18314,Mumbai,Student
CUST18315,Noida,Small Business
CUST18316,Kanpur,Small Business
CUST18317,Hyderabad,Student
CUST18318,Coimbatore,Corporate
CUST18319,Visakhapatnam,Consumer
CUST18320,Kochi,Student
CUST18321,Lucknow,Consumer
CUST18322,Thane,Corporate
CUST18323,Madurai,Corporate
CUST18324,Bangalore,Consumer
CUST18325,Mysore,Small Business
CUST18326,Trivandrum,Small Business
CUST18327,Chandigarh,Student
CUST18328,Jodhpur,Corporate
CUST18329,Bhopal,Small Business
CUST18330,Gurgaon,Corporate
CUST18331,Bhopal,Corporate
CUST18332,Chandigarh,Corporate
CUST18333,Gurgaon,Small Business
CUST18334,Gurgaon,Small Business
CUST18335,Nagpur,Corporate
CUST18336,Indore,Small Business
CUST18337,Lucknow,Consumer
CUST18338,Jaipur,Corporate
CUST18339,Thane,Consumer
CUST18340,Madurai,Student
CUST18341,Trivandrum,Consumer
CUST18342,Thane,Corporate
CUST18343,Bhopal,Consumer
CUST18344,Indore,Student
CUST18345,Mysore,Student
CUST18346,Surat,Consumer
CUST18347,Bangalore,Consumer
CUST18348,Noida,Consumer
CUST18349,Bhopal,Consumer
CUST18350,Trivandrum,Small Business
CUST18351,Gurgaon,Student
CUST18352,Rajkot,Corporate
CUST18353,Chennai,Small Business
CUST18354,Indore,Corporate
CUST18355,Gurgaon,Consumer
CUST18356,Lucknow,Corporate
CUST18357,Mysore,Student
CUST18358,Lucknow,Consumer
CUST18359,Thane,Small Business
CUST18360,Lucknow,Student
CUST18361,Nagpur,Corporate
CUST18362,Mumbai,Corporate
CUST18363,Mumbai,Consumer
CUST18364,Nashik,Small Business
CUST18365,Pune,Corporate
CUST18366,Lucknow,Corporate
CUST18367,Mysore,Corporate
CUST18368,Nashik,Corporate
CUST18369,Trivandrum,Student
CUST18370,Mysore,Corporate
CUST18371,Surat,Corporate
CUST18372,Lucknow,Consumer
CUST18373,Visakhapatnam,Small Business
CUST18374,Mumbai,Consumer
CUST18375,Kolkata,Small Business
CUST18376,Surat,Small Business
CUST18377,Kolkata,Small Business
CUST18378,Jodhpur,Student
CUST18379,Delhi,Small Business
CUST18380,Pune,Student
CUST18381,Delhi,Student
CUST18382,Kanpur,Small Business
CUST18383,Noida,Consumer
CUST18384,Jodhpur,Student
CUST18385,Coimbatore,Student
CUST18386,Thane,Small Business
CUST18387,Noida,Small Business
CUST18388,Nashik,Consumer
CUST18389,Jaipur,Student
CUST18390,Pune,Consumer
CUST18391,Surat,Student
CUST18392,Jaipur,Corporate
CUST18393,Jaipur,Small Business
CUST18394,Patna,Student
CUST18395,Nagpur,Student
CUST18396,Trivandrum,Consumer
CUST18397,Gurgaon,Student
CUST18398,Mumbai,Small Business
CUST18399,Indore,Student
CUST18400,Mumbai,Corporate
CUST18401,Chennai,Consumer
CUST18402,Bangalore,Student
CUST18403,Madurai,Student
CUST18404,Jodhpur,Consumer
CUST18405,Vadodara,Student
CUST18406,Jodhpur,Consumer
CUST18407,Visakhapatnam,Corporate
CUST18408,Chennai,Student
CUST18409,Pune,Student
CUST18410,Chandigarh,Student
CUST18411,Kolkata,Small Business
CUST18412,Nagpur,Small Business
CUST18413,Ahmedabad,Corporate
CUST18414,Mysore,Consumer
CUST18415,Vadodara,Consumer
CUST18416,Chennai,Consumer
CUST18417,Ahmedabad,Small Business
CUST18418,Vadodara,Small Business
CUST18419,Delhi,Consumer
CUST18420,Nashik,Small Business
CUST18421,Kolkata,Small Business
CUST18422,Thane,Student
CUST18423,Kochi,Small Business
CUST18424,Nashik,Small Business
CUST18425,Madurai,Student
CUST18426,Rajkot,Student
CUST18427,Pune,Small Business
CUST18428,Gurgaon,Student
CUST18429,Pune,Student
CUST18430,Jaipur,Consumer
CUST18431,Vadodara,Corporate
CUST18432,Pune,Consumer
CUST18433,Jodhpur,Student
CUST18434,Bhopal,Student
CUST18435,Surat,Small Business
CUST18436,Jaipur,Corporate
CUST18437,Chandigarh,Corporate
CUST18438,Gurgaon,Student
CUST18439,Thane,Small Business
CUST18440,Hyderabad,Corporate
CUST18441,Nagpur,Corporate
CUST18442,Kochi,Consumer
CUST18443,Ahmedabad,Small Business
CUST18444,Nashik,Small Business
CUST18445,Thane,Student
CUST18446,Ahmedabad,Small Business
CUST18447,Nagpur,Corporate
CUST18448,Nagpur,Consumer
CUST18449,Chennai,Corporate
CUST18450,Rajkot,Corporate
CUST18451,Jodhpur,Corporate
CUST18452,Jaipur,Consumer
CUST18453,Jaipur,Small Business
CUST18454,Bhopal,Corporate
CUST18455,Bhopal,Student
CUST18456,Chennai,Student
CUST18457,Ahmedabad,Corporate
CUST18458,Rajkot,Consumer
CUST18459,Chandigarh,Consumer
CUST18460,Nashik,Consumer
CUST18461,Jaipur,Student
CUST18462,Jaipur,Student
CUST18463,Madurai,Small Business
CUST18464,Pune,Small Business
CUST18465,Nagpur,Student
CUST18466,Nagpur,Student
CUST18467,Gurgaon,Student
CUST18468,Kochi,Corporate
CUST18469,Patna,Student
CUST18470,Nagpur,Consumer
CUST18471,Gurgaon,Small Business
CUST18472,Kochi,Small Business
CUST18473,Nashik,Consumer
CUST18474,Patna,Consumer
CUST18475,Bangalore,Small Business
CUST18476,Mumbai,Student
CUST18477,Madurai,Student
CUST18478,Coimbatore,Consumer
CUST18479,Vadodara,Consumer
CUST18480,Ahmedabad,Student
CUST18481,Chennai,Student
CUST18482,Coimbatore,Student
CUST18483,Surat,Small Business
CUST18484,Lucknow,Corporate
CUST18485,Patna,Consumer
CUST18486,Nagpur,Corporate
CUST18487,Patna,Student
CUST18488,Surat,Small Business
CUST18489,Rajkot,Corporate
CUST18490,Chandigarh,Corporate
CUST18491,Indore,Consumer
CUST18492,Jaipur,Small Business
CUST18493,Ahmedabad,Small Business
CUST18494,Patna,Small Business
CUST18495,Gurgaon,Consumer
CUST18496,Patna,Consumer
CUST18497,Pune,Small Business
CUST18498,Bhopal,Corporate
CUST18499,Hyderabad,Consumer
CUST18500,Trivandrum,Small Business
CUST18501,Nagpur,Small Business
CUST18502,Indore,Student
CUST18503,Nashik,Corporate
CUST18504,Nagpur,Student
CUST18505,Hyderabad,Consumer
CUST18506,Jaipur,Student
CUST18507,Ahmedabad,Corporate
CUST18508,Jaipur,Small Business
CUST18509,Delhi,Corporate
CUST18510,Indore,Student
CUST18511,Delhi,Consumer
CUST18512,Kochi,Student
CUST18513,Kolkata,Small Business
CUST18514,Hyderabad,Small Business
CUST18515,Nagpur,Corporate
CUST18516,Thane,Consumer
CUST18517,Gurgaon,Corporate
CUST18518,Rajkot,Student
CUST18519,Hyderabad,Student
CUST18520,Coimbatore,Student
CUST18521,Delhi,Consumer
CUST18522,Thane,Corporate
CUST18523,Nashik,Consumer
CUST18524,Pune,Corporate
CUST18525,Delhi,Student
CUST18526,Madurai,Consumer
CUST18527,Kochi,Consumer
CUST18528,Ahmedabad,Corporate
CUST18529,Indore,Corporate
CUST18530,Kolkata,Student
CUST18531,Mysore,Consumer
CUST18532,Thane,Corporate
CUST18533,Kochi,Student
CUST18534,Mumbai,Small Business
CUST18535,Rajkot,Small Business
CUST18536,Delhi,Corporate
CUST18537,Lucknow,Small Business
CUST18538,Kanpur,Student
CUST18539,Rajkot,Student
CUST18540,Bangalore,Consumer
CUST18541,Coimbatore,Consumer
CUST18542,Nagpur,Consumer
CUST18543,Surat,Corporate
CUST18544,Nagpur,Corporate
CUST18545,Nashik,Corporate
CUST18546,Visakhapatnam,Small Business
CUST18547,Delhi,Small Business
CUST18548,Bhopal,Consumer
CUST18549,Rajkot,Small Business
CUST18550,Thane,Corporate
CUST18551,Nagpur,Small Business
CUST18552,Kolkata,Student
CUST18553,Jaipur,Small Business
CUST18554,Surat,Student
CUST18555,Madurai,Consumer
CUST18556,Nashik,Consumer
CUST18557,Noida,Consumer
CUST18558,Kanpur,Consumer
CUST18559,Coimbatore,Corporate
CUST18560,Bhopal,Student
CUST18561,Chandigarh,Corporate
CUST18562,Patna,Small Business
CUST18563,Surat,Small Business
CUST18564,Vadodara,Consumer
CUST18565,Chandigarh,Consumer
CUST18566,Nashik,Corporate
CUST18567,Jodhpur,Corporate
CUST18568,Jodhpur,Student
CUST18569,Coimbatore,Small Business
CUST18570,Coimbatore,Student
CUST18571,Vadodara,Corporate
CUST18572,Pune,Corporate
CUST18573,Kanpur,Small Business
CUST18574,Vadodara,Consumer
CUST18575,Mysore,Student
CUST18576,Pune,Student
CUST18577,Surat,Consumer
CUST18578,Delhi,Small Business
CUST18579,Mysore,Small Business
CUST18580,Madurai,Consumer
CUST18581,Mysore,Consumer
CUST18582,Patna,Corporate
CUST18583,Madurai,Corporate
CUST18584,Mumbai,Corporate
CUST18585,Nashik,Corporate
CUST18586,Jodhpur,Corporate
CUST18587,Trivandrum,Small Business
CUST18588,Gurgaon,Student
CUST18589,Chennai,Corporate
CUST18590,Thane,Corporate
CUST18591,Nashik,Corporate
CUST18592,Lucknow,Student
CUST18593,Coimbatore,Student
CUST18594,Kanpur,Corporate
CUST18595,Kolkata,Small Business
CUST18596,Trivandrum,Corporate
CUST18597,Kanpur,Consumer
CUST18598,Kanpur,Small Business
CUST18599,Nashik,Small Business
CUST18600,Visakhapatnam,Student
CUST18601,Kochi,Consumer
CUST18602,Lucknow,Consumer
CUST18603,Lucknow,Student
CUST18604,Mysore,Corporate
CUST18605,Kochi,Small Business
CUST18606,Jodhpur,Corporate
CUST18607,Hyderabad,Consumer
CUST18608,Trivandrum,Student
CUST18609,Nagpur,Consumer
CUST18610,Chennai,Student
CUST18611,Kolkata,Corporate
CUST18612,Visakhapatnam,Small Business
CUST18613,Gurgaon,Consumer
CUST18614,Pune,Consumer
CUST18615,Jodhpur,Small Business
CUST18616,Lucknow,Small Business
CUST18617,Coimbatore,Student
CUST18618,Gurgaon,Student
CUST18619,Rajkot,Student
CUST18620,Vadodara,Student
CUST18621,Gurgaon,Small Business
CUST18622,Trivandrum,Small Business
CUST18623,Mumbai,Small Business
CUST18624,Bangalore,Corporate
CUST18625,Vadodara,Consumer
CUST18626,Chandigarh,Corporate
CUST18627,Noida,Consumer
CUST18628,Mumbai,Corporate
CUST18629,Kanpur,Small Business
CUST18630,Patna,Consumer
CUST18631,Patna,Student
CUST18632,Bangalore,Consumer
CUST18633,Ahmedabad,Small Business
CUST18634,Mysore,Corporate
CUST18635,Noida,Corporate
CUST18636,Thane,Consumer
CUST18637,Pune,Student
CUST18638,Trivandrum,Student
CUST18639,Nagpur,Student
CUST18640,Chennai,Consumer
CUST18641,Jodhpur,Consumer
CUST18642,Bangalore,Student
CUST18643,Kanpur,Student
CUST18644,Mumbai,Student
CUST18645,Lucknow,Student
CUST18646,Lucknow,Consumer
CUST18647,Thane,Consumer
CUST18648,Visakhapatnam,Consumer
CUST18649,Nashik,Corporate
CUST18650,Rajkot,Corporate
CUST18651,Surat,Corporate
CUST18652,Hyderabad,Small Business
CUST18653,Mumbai,Small Business
CUST18654,Chennai,Corporate
CUST18655,Bangalore,Student
CUST18656,Kanpur,Corporate
CUST18657,Lucknow,Small Business
CUST18658,Rajkot,Corporate
CUST18659,Jaipur,Corporate
CUST18660,Lucknow,Student
CUST18661,Gurgaon,Student
CUST18662,Nagpur,Corporate
CUST18663,Coimbatore,Consumer
CUST18664,Trivandrum,Consumer
CUST18665,Thane,Corporate
CUST18666,Vadodara,Corporate
CUST18667,Mumbai,Corporate
CUST18668,Pune,Corporate
CUST18669,Pune,Student
CUST18670,Gurgaon,Student
CUST18671,Lucknow,Student
CUST18672,Trivandrum,Small Business
CUST18673,Noida,Corporate
CUST18674,Patna,Small Business
CUST18675,Chennai,Small Business
CUST18676,Rajkot,Consumer
CUST18677,Chennai,Corporate
CUST18678,Chandigarh,Corporate
CUST18679,Hyderabad,Corporate
CUST18680,Jaipur,Small Business
CUST18681,Chandigarh,Corporate
CUST18682,Madurai,Corporate
CUST18683,Gurgaon,Consumer
CUST18684,Surat,Small Business
CUST18685,Thane,Corporate
CUST18686,Chandigarh,Student
CUST18687,Coimbatore,Student
CUST18688,Rajkot,Consumer
CUST18689,Noida,Student
CUST18690,Trivandrum,Small Business
CUST18691,Kochi,Student
CUST18692,Ahmedabad,Small Business
CUST18693,Lucknow,Consumer
CUST18694,Chandigarh,Small Business
CUST18695,Kolkata,Consumer
CUST18696,Ahmedabad,Consumer
CUST18697,Hyderabad,Consumer
CUST18698,Coimbatore,Corporate
CUST18699,Mysore,Student
CUST18700,Kolkata,Student
CUST18701,Surat,Student
CUST18702,Chennai,Small Business
CUST18703,Indore,Corporate
CUST18704,Patna,Corporate
CUST18705,Nagpur,Student
CUST18706,Trivandrum,Corporate
CUST18707,Gurgaon,Corporate
CUST18708,Visakhapatnam,Small Business
CUST18709,Mumbai,Consumer
CUST18710,Delhi,Corporate
CUST18711,Rajkot,Corporate
CUST18712,Jodhpur,Small Business
CUST18713,Delhi,Consumer
CUST18714,Indore,Corporate
CUST18715,Vadodara,Corporate
CUST18716,Nagpur,Small Business
CUST18717,Indore,Consumer
CUST18718,Nashik,Student
CUST18719,Lucknow,Student
CUST18720,Patna,Corporate
CUST18721,Chandigarh,Consumer
CUST18722,Kochi,Corporate
CUST18723,Jaipur,Small Business
CUST18724,Nagpur,Consumer
CUST18725,Patna,Corporate
CUST18726,Kolkata,Corporate
CUST18727,Patna,Corporate
CUST18728,Jaipur,Consumer
CUST18729,Kolkata,Corporate
CUST18730,Ahmedabad,Student
CUST18731,Rajkot,Small Business
CUST18732,Patna,Small Business
CUST18733,Noida,Small Business
CUST18734,Coimbatore,Student
CUST18735,Visakhapatnam,Corporate
CUST18736,Jodhpur,Consumer
CUST18737,Coimbatore,Corporate
CUST18738,Hyderabad,Corporate
CUST18739,Noida,Consumer
CUST18740,Chandigarh,Small Business
CUST18741,Jaipur,Student
CUST18742,Vadodara,Corporate
CUST18743,Jaipur,Small Business
CUST18744,Mumbai,Student
CUST18745,Nashik,Student
CUST18746,Jaipur,Student
CUST18747,Gurgaon,Consumer
CUST18748,Trivandrum,Consumer
CUST18749,Indore,Small Business
CUST18750,Kanpur,Corporate
CUST18751,Pune,Corporate
CUST18752,Patna,Consumer
CUST18753,Coimbatore,Consumer
CUST18754,Nashik,Student
CUST18755,Ahmedabad,Small Business
CUST18756,Indore,Small Business
CUST18757,Kanpur,Corporate
CUST18758,Kolkata,Consumer
CUST18759,Lucknow,Small Business
CUST18760,Patna,Student
CUST18761,Noida,Consumer
CUST18762,Mumbai,Student
CUST18763,Hyderabad,Corporate
CUST18764,Hyderabad,Consumer
CUST18765,Bhopal,Corporate
CUST18766,Kanpur,Student
CUST18767,Trivandrum,Consumer
CUST18768,Delhi,Consumer
CUST18769,Noida,Consumer
CUST18770,Rajkot,Small Business
CUST18771,Jaipur,Student
CUST18772,Kochi,Student
CUST18773,Kanpur,Consumer
CUST18774,Kanpur,Small Business
CUST18775,Patna,Student
CUST18776,Indore,Corporate
CUST18777,Jodhpur,Consumer
CUST18778,Delhi,Consumer
CUST18779,Nashik,Small Business
CUST18780,Lucknow,Student
CUST18781,Bangalore,Corporate
CUST18782,Indore,Corporate
CUST18783,Coimbatore,Small Business
CUST18784,Madurai,Corporate
CUST18785,Patna,Consumer
CUST18786,Jaipur,Consumer
CUST18787,Hyderabad,Consumer
CUST18788,Trivandrum,Consumer
CUST18789,Bhopal,Consumer
CUST18790,Nashik,Consumer
CUST18791,Gurgaon,Student
CUST18792,Rajkot,Small Business
CUST18793,Kochi,Consumer
CUST18794,Nagpur,Student
CUST18795,Kanpur,Corporate
CUST18796,Pune,Corporate
CUST18797,Thane,Student
CUST18798,Chandigarh,Corporate
CUST18799,Pune,Small Business
CUST18800,Indore,Small Business
CUST18801,Trivandrum,Student
CUST18802,Gurgaon,Consumer
CUST18803,Nagpur,Student
CUST18804,Bhopal,Corporate
CUST18805,Hyderabad,Corporate
CUST18806,Kochi,Consumer
CUST18807,Patna,Student
CUST18808,Kolkata,Corporate
CUST18809,Lucknow,Consumer
CUST18810,Kanpur,Corporate
CUST18811,Trivandrum,Corporate
CUST18812,Visakhapatnam,Consumer
CUST18813,Kanpur,Small Business
CUST18814,Chandigarh,Corporate
CUST18815,Nagpur,Small Business
CUST18816,Kolkata,Consumer
CUST18817,Mumbai,Corporate
CUST18818,Kochi,Corporate
CUST18819,Surat,Student
CUST18820,Vadodara,Consumer
CUST18821,Kanpur,Corporate
CUST18822,Mysore,Consumer
CUST18823,Kolkata,Consumer
CUST18824,Mysore,Consumer
CUST18825,Kochi,Small Business
CUST18826,Chennai,Small Business
CUST18827,Mysore,Student
CUST18828,Coimbatore,Student
CUST18829,Pune,Student
CUST18830,Rajkot,Student
CUST18831,Coimbatore,Consumer
CUST18832,Kanpur,Consumer
CUST18833,Patna,Corporate
CUST18834,Bhopal,Student
CUST18835,Jodhpur,Corporate
CUST18836,Ahmedabad,Corporate
CUST18837,Pune,Corporate
CUST18838,Nagpur,Small Business
CUST18839,Kochi,Corporate
CUST18840,Jodhpur,Student
CUST18841,Surat,Corporate
CUST18842,Trivandrum,Student
CUST18843,Visakhapatnam,Small Business
CUST18844,Visakhapatnam,Consumer
CUST18845,Thane,Consumer
CUST18846,Coimbatore,Consumer
CUST18847,Coimbatore,Consumer
CUST18848,Visakhapatnam,Corporate
CUST18849,Kochi,Corporate
CUST18850,Pune,Small Business
CUST18851,Hyderabad,Student
CUST18852,Kolkata,Small Business
CUST18853,Vadodara,Consumer
CUST18854,Gurgaon,Corporate
CUST18855,Madurai,Small Business
CUST18856,Thane,Student
CUST18857,Nagpur,Small Business
CUST18858,Mumbai,Consumer
CUST18859,Indore,Corporate
CUST18860,Trivandrum,Small Business
CUST18861,Patna,Consumer
CUST18862,Vadodara,Corporate
CUST18863,Vadodara,Corporate
CUST18864,Gurgaon,Consumer
CUST18865,Bhopal,Consumer
CUST18866,Surat,Small Business
CUST18867,Thane,Small Business
CUST18868,Ahmedabad,Student
CUST18869,Madurai,Student
CUST18870,Kanpur,Consumer
CUST18871,Mumbai,Small Business
CUST18872,Kanpur,Student
CUST18873,Vadodara,Small Business
CUST18874,Jaipur,Consumer
CUST18875,Mysore,Student
CUST18876,Lucknow,Corporate
CUST18877,Jaipur,Corporate
CUST18878,Patna,Student
CUST18879,Gurgaon,Small Business
CUST18880,Ahmedabad,Small Business
CUST18881,Ahmedabad,Consumer
CUST18882,Pune,Student
CUST18883,Indore,Student
CUST18884,Kochi,Student
CUST18885,Thane,Small Business
CUST18886,Gurgaon,Student
CUST18887,Jaipur,Consumer
CUST18888,Chandigarh,Student
CUST18889,Nagpur,Student
CUST18890,Madurai,Consumer
CUST18891,Surat,Consumer
CUST18892,Visakhapatnam,Small Business
CUST18893,Noida,Consumer
CUST18894,Coimbatore,Small Business
CUST18895,Coimbatore,Student
CUST18896,Patna,Small Business
CUST18897,Kanpur,Small Business
CUST18898,Surat,Corporate
CUST18899,Rajkot,Small Business
CUST18900,Chandigarh,Student
CUST18901,Pune,Small Business
CUST18902,Gurgaon,Corporate
CUST18903,Bhopal,Corporate
CUST18904,Coimbatore,Student
CUST18905,Rajkot,Student
CUST18906,Noida,Small Business
CUST18907,Trivandrum,Consumer
CUST18908,Mumbai,Corporate
CUST18909,Vadodara,Consumer
CUST18910,Ahmedabad,Consumer
CUST18911,Nashik,Consumer
CUST18912,Ahmedabad,Consumer
CUST18913,Chandigarh,Consumer
CUST18914,Bangalore,Student
CUST18915,Lucknow,Consumer
CUST18916,Madurai,Corporate
CUST18917,Jodhpur,Small Business
CUST18918,Trivandrum,Consumer
CUST18919,Coimbatore,Student
CUST18920,Patna,Corporate
CUST18921,Ahmedabad,Consumer
CUST18922,Visakhapatnam,Student
CUST18923,Chennai,Corporate
CUST18924,Delhi,Student
CUST18925,Kolkata,Consumer
CUST18926,Thane,Small Business
CUST18927,Vadodara,Consumer
CUST18928,Visakhapatnam,Student
CUST18929,Indore,Small Business
CUST18930,Kolkata,Small Business
CUST18931,Kochi,Consumer
CUST18932,Indore,Small Business
CUST18933,Madurai,Corporate
CUST18934,Chandigarh,Consumer
CUST18935,Nagpur,Small Business
CUST18936,Hyderabad,Consumer
CUST18937,Bhopal,Small Business
CUST18938,Jaipur,Student
CUST18939,Thane,Corporate
CUST18940,Jaipur,Consumer
CUST18941,Kochi,Corporate
CUST18942,Bhopal,Student
CUST18943,Pune,Consumer
CUST18944,Patna,Consumer
CUST18945,Madurai,Student
CUST18946,Chandigarh,Consumer
CUST18947,Indore,Small Business
CUST18948,Vadodara,Student
CUST18949,Jaipur,Corporate
CUST18950,Kolkata,Small Business
CUST18951,Kochi,Small Business
CUST18952,Mysore,Consumer
CUST18953,Surat,Small Business
CUST18954,Nashik,Consumer
CUST18955,Coimbatore,Consumer
CUST18956,Trivandrum,Corporate
CUST18957,Madurai,Corporate
CUST18958,Trivandrum,Student
CUST18959,Pune,Consumer
CUST18960,Pune,Student
CUST18961,Rajkot,Corporate
CUST18962,Kolkata,Student
CUST18963,Mumbai,Corporate
CUST18964,Visakhapatnam,Consumer
CUST18965,Jodhpur,Corporate
CUST18966,Ahmedabad,Student
CUST18967,Chandigarh,Small Business
CUST18968,Visakhapatnam,Corporate
CUST18969,Hyderabad,Corporate
CUST18970,Jodhpur,Small Business
CUST18971,Patna,Small Business
CUST18972,Indore,Consumer
CUST18973,Nagpur,Small Business
CUST18974,Jaipur,Corporate
CUST18975,Vadodara,Student
CUST18976,Mysore,Small Business
CUST18977,Rajkot,Student
CUST18978,Kanpur,Corporate
CUST18979,Jodhpur,Student
CUST18980,Lucknow,Consumer
CUST18981,Visakhapatnam,Consumer
CUST18982,Surat,Consumer
CUST18983,Trivandrum,Corporate
CUST18984,Pune,Corporate
CUST18985,Nagpur,Corporate
CUST18986,Vadodara,Student
CUST18987,Chandigarh,Student
CUST18988,Chennai,Student
CUST18989,Nashik,Corporate
CUST18990,Kanpur,Student
CUST18991,Kolkata,Small Business
CUST18992,Jodhpur,Small Business
CUST18993,Madurai,Consumer
CUST18994,Coimbatore,Corporate
CUST18995,Chennai,Corporate
CUST18996,Delhi,Consumer
CUST18997,Bhopal,Consumer
CUST18998,Indore,Student
CUST18999,Madurai,Small Business
CUST19000,Gurgaon,Corporate
CUST19001,Nashik,Corporate
CUST19002,Lucknow,Corporate
CUST19003,Thane,Small Business
CUST19004,Patna,Small Business
CUST19005,Chandigarh,Consumer
CUST19006,Nagpur,Corporate
CUST19007,Nashik,Student
CUST19008,Nagpur,Corporate
CUST19009,Nagpur,Corporate
CUST19010,Gurgaon,Corporate
CUST19011,Thane,Small Business
CUST19012,Noida,Small Business
CUST19013,Surat,Student
CUST19014,Kanpur,Corporate
CUST19015,Kolkata,Consumer
CUST19016,Gurgaon,Consumer
CUST19017,Kanpur,Student
CUST19018,Nagpur,Consumer
CUST19019,Mumbai,Small Business
CUST19020,Thane,Student
CUST19021,Chennai,Corporate
CUST19022,Chennai,Small Business
CUST19023,Lucknow,Student
CUST19024,Mysore,Small Business
CUST19025,Chennai,Small Business
CUST19026,Chandigarh,Small Business
CUST19027,Ahmedabad,Consumer
CUST19028,Ahmedabad,Small Business
CUST19029,Surat,Small Business
CUST19030,Gurgaon,Consumer
CUST19031,Chennai,Consumer
CUST19032,Jaipur,Corporate
CUST19033,Kolkata,Small Business
CUST19034,Noida,Student
CUST19035,Ahmedabad,Corporate
CUST19036,Vadodara,Student
CUST19037,Hyderabad,Student
CUST19038,Trivandrum,Small Business
CUST19039,Visakhapatnam,Student
CUST19040,Madurai,Consumer
CUST19041,Hyderabad,Small Business
CUST19042,Vadodara,Consumer
CUST19043,Pune,Corporate
CUST19044,Visakhapatnam,Corporate
CUST19045,Bhopal,Corporate
CUST19046,Mumbai,Consumer
CUST19047,Surat,Corporate
CUST19048,Vadodara,Student
CUST19049,Surat,Corporate
CUST19050,Hyderabad,Corporate
CUST19051,Patna,Corporate
CUST19052,Kochi,Small Business
CUST19053,Kolkata,Small Business
CUST19054,Gurgaon,Corporate
CUST19055,Mysore,Consumer
CUST19056,Bangalore,Student
CUST19057,Noida,Consumer
CUST19058,Ahmedabad,Small Business
CUST19059,Kolkata,Student
CUST19060,Ahmedabad,Consumer
CUST19061,Coimbatore,Corporate
CUST19062,Kochi,Corporate
CUST19063,Visakhapatnam,Student
CUST19064,Bhopal,Student
CUST19065,Bangalore,Corporate
CUST19066,Bhopal,Student
CUST19067,Jodhpur,Corporate
CUST19068,Surat,Corporate
CUST19069,Gurgaon,Small Business
CUST19070,Rajkot,Corporate
CUST19071,Delhi,Student
CUST19072,Thane,Corporate
CUST19073,Visakhapatnam,Student
CUST19074,Nagpur,Small Business
CUST19075,Patna,Corporate
CUST19076,Chennai,Corporate
CUST19077,Chandigarh,Student
CUST19078,Noida,Small Business
CUST19079,Kanpur,Small Business
CUST19080,Hyderabad,Consumer
CUST19081,Nagpur,Student
CUST19082,Kochi,Small Business
CUST19083,Delhi,Small Business
CUST19084,Gurgaon,Small Business
CUST19085,Indore,Small Business
CUST19086,Kolkata,Small Business
CUST19087,Nagpur,Consumer
CUST19088,Noida,Consumer
CUST19089,Kochi,Corporate
CUST19090,Bhopal,Corporate
CUST19091,Patna,Student
CUST19092,Lucknow,Consumer
CUST19093,Visakhapatnam,Consumer
CUST19094,Hyderabad,Consumer
CUST19095,Jodhpur,Consumer
CUST19096,Surat,Corporate
CUST19097,Chennai,Student
CUST19098,Delhi,Consumer
CUST19099,Madurai,Corporate
CUST19100,Patna,Consumer
CUST19101,Jaipur,Consumer
CUST19102,Patna,Corporate
CUST19103,Chandigarh,Corporate
CUST19104,Rajkot,Corporate
CUST19105,Chennai,Student
CUST19106,Thane,Student
CUST19107,Kochi,Corporate
CUST19108,Pune,Student
CUST19109,Patna,Small Business
CUST19110,Kanpur,Small Business
CUST19111,Nashik,Small Business
CUST19112,Nagpur,Corporate
CUST19113,Patna,Consumer
CUST19114,Lucknow,Corporate
CUST19115,Gurgaon,Corporate
CUST19116,Indore,Consumer
CUST19117,Mumbai,Consumer
CUST19118,Kochi,Student
CUST19119,Vadodara,Student
CUST19120,Pune,Student
CUST19121,Mumbai,Consumer
CUST19122,Delhi,Corporate
CUST19123,Kolkata,Student
CUST19124,Coimbatore,Small Business
CUST19125,Coimbatore,Small Business
CUST19126,Nashik,Small Business
CUST19127,Bangalore,Consumer
CUST19128,Chandigarh,Corporate
CUST19129,Delhi,Small Business
CUST19130,Indore,Small Business
CUST19131,Kolkata,Corporate
CUST19132,Mysore,Student
CUST19133,Chandigarh,Small Business
CUST19134,Noida,Consumer
CUST19135,Surat,Consumer
CUST19136,Kolkata,Consumer
CUST19137,Thane,Student
CUST19138,Bangalore,Consumer
CUST19139,Patna,Small Business
CUST19140,Vadodara,Small Business
CUST19141,Patna,Corporate
CUST19142,Chennai,Student
CUST19143,Noida,Corporate
CUST19144,Coimbatore,Corporate
CUST19145,Jodhpur,Student
CUST19146,Gurgaon,Corporate
CUST19147,Kochi,Consumer
CUST19148,Visakhapatnam,Consumer
CUST19149,Coimbatore,Small Business
CUST19150,Surat,Small Business
CUST19151,Jodhpur,Small Business
CUST19152,Bangalore,Consumer
CUST19153,Jodhpur,Student
CUST19154,Bhopal,Small Business
CUST19155,Indore,Small Business
CUST19156,Nagpur,Small Business
CUST19157,Visakhapatnam,Consumer
CUST19158,Surat,Small Business
CUST19159,Bangalore,Corporate
CUST19160,Hyderabad,Student
CUST19161,Nagpur,Student
CUST19162,Jaipur,Corporate
CUST19163,Lucknow,Corporate
CUST19164,Vadodara,Small Business
CUST19165,Visakhapatnam,Consumer
CUST19166,Nagpur,Small Business
CUST19167,Surat,Corporate
CUST19168,Pune,Small Business
CUST19169,Visakhapatnam,Student
CUST19170,Bangalore,Student
CUST19171,Indore,Corporate
CUST19172,Jaipur,Consumer
CUST19173,Chandigarh,Consumer
CUST19174,Nashik,Student
CUST19175,Ahmedabad,Student
CUST19176,Kolkata,Corporate
CUST19177,Gurgaon,Small Business
CUST19178,Surat,Student
CUST19179,Coimbatore,Student
CUST19180,Kolkata,Corporate
CUST19181,Nashik,Student
CUST19182,Thane,Corporate
CUST19183,Patna,Student
CUST19184,Bhopal,Small Business
CUST19185,Madurai,Consumer
CUST19186,Indore,Consumer
CUST19187,Surat,Student
CUST19188,Kanpur,Corporate
CUST19189,Chandigarh,Consumer
CUST19190,Lucknow,Consumer
CUST19191,Vadodara,Small Business
CUST19192,Jaipur,Student
CUST19193,Chandigarh,Student
CUST19194,Pune,Small Business
CUST19195,Coimbatore,Consumer
CUST19196,Delhi,Consumer
CUST19197,Nashik,Small Business
CUST19198,Ahmedabad,Consumer
CUST19199,Nagpur,Student
CUST19200,Visakhapatnam,Consumer
CUST19201,Kanpur,Student
CUST19202,Ahmedabad,Small Business
CUST19203,Thane,Small Business
CUST19204,Thane,Student
CUST19205,Kochi,Corporate
CUST19206,Delhi,Small Business
CUST19207,Delhi,Corporate
CUST19208,Chennai,Student
CUST19209,Mysore,Corporate
CUST19210,Pune,Small Business
CUST19211,Gurgaon,Small Business
CUST19212,Noida,Student
CUST19213,Patna,Small Business
CUST19214,Delhi,Student
CUST19215,Pune,Consumer
CUST19216,Chandigarh,Corporate
CUST19217,Delhi,Small Business
CUST19218,Vadodara,Consumer
CUST19219,Rajkot,Small Business
CUST19220,Nagpur,Consumer
CUST19221,Surat,Consumer
CUST19222,Madurai,Consumer
CUST19223,Nagpur,Consumer
CUST19224,Chennai,Small Business
CUST19225,Chennai,Small Business
CUST19226,Hyderabad,Corporate
CUST19227,Nashik,Corporate
CUST19228,Nashik,Small Business
CUST19229,Indore,Consumer
CUST19230,Madurai,Small Business
CUST19231,Kochi,Small Business
CUST19232,Kochi,Student
CUST19233,Kanpur,Corporate
CUST19234,Nashik,Small Business
CUST19235,Nashik,Consumer
CUST19236,Trivandrum,Consumer
CUST19237,Noida,Consumer
CUST19238,Bhopal,Consumer
CUST19239,Kochi,Student
CUST19240,Visakhapatnam,Small Business
CUST19241,Gurgaon,Small Business
CUST19242,Noida,Corporate
CUST19243,Thane,Corporate
CUST19244,Chandigarh,Consumer
CUST19245,Delhi,Student
CUST19246,Gurgaon,Consumer
CUST19247,Vadodara,Corporate
CUST19248,Visakhapatnam,Small Business
CUST19249,Thane,Consumer
CUST19250,Patna,Corporate
CUST19251,Ahmedabad,Student
CUST19252,Visakhapatnam,Corporate
CUST19253,Thane,Student
CUST19254,Mysore,Consumer
CUST19255,Coimbatore,Consumer
CUST19256,Delhi,Corporate
CUST19257,Indore,Consumer
CUST19258,Kochi,Student
CUST19259,Mysore,Student
CUST19260,Delhi,Consumer
CUST19261,Mumbai,Student
CUST19262,Rajkot,Small Business
CUST19263,Trivandrum,Consumer
CUST19264,Ahmedabad,Small Business
CUST19265,Nagpur,Small Business
CUST19266,Hyderabad,Consumer
CUST19267,Mysore,Corporate
CUST19268,Vadodara,Small Business
CUST19269,Lucknow,Student
CUST19270,Jodhpur,Small Business
CUST19271,Kolkata,Student
CUST19272,Jodhpur,Small Business
CUST19273,Mumbai,Small Business
CUST19274,Lucknow,Corporate
CUST19275,Jodhpur,Student
CUST19276,Delhi,Consumer
CUST19277,Delhi,Small Business
CUST19278,Bhopal,Student
CUST19279,Pune,Consumer
CUST19280,Kanpur,Consumer
CUST19281,Delhi,Student
CUST19282,Patna,Consumer
CUST19283,Indore,Small Business
CUST19284,Bangalore,Corporate
CUST19285,Patna,Corporate
CUST19286,Bangalore,Small Business
CUST19287,Mumbai,Corporate
CUST19288,Patna,Corporate
CUST19289,Patna,Student
CUST19290,Hyderabad,Corporate
CUST19291,Mumbai,Small Business
CUST19292,Coimbatore,Small Business
CUST19293,Indore,Corporate
CUST19294,Kolkata,Consumer
CUST19295,Trivandrum,Student
CUST19296,Delhi,Corporate
CUST19297,Gurgaon,Small Business
CUST19298,Mumbai,Student
CUST19299,Kanpur,Student
CUST19300,Vadodara,Small Business
CUST19301,Bangalore,Consumer
CUST19302,Kolkata,Consumer
CUST19303,Kochi,Consumer
CUST19304,Rajkot,Corporate
CUST19305,Thane,Small Business
CUST19306,Jaipur,Consumer
CUST19307,Rajkot,Corporate
CUST19308,Kanpur,Small Business
CUST19309,Kochi,Small Business
CUST19310,Thane,Consumer
CUST19311,Gurgaon,Small Business
CUST19312,Nashik,Consumer
CUST19313,Gurgaon,Consumer
CUST19314,Gurgaon,Student
CUST19315,Rajkot,Small Business
CUST19316,Surat,Small Business
CUST19317,Indore,Consumer
CUST19318,Jodhpur,Student
CUST19319,Pune,Small Business
CUST19320,Nashik,Student
CUST19321,Surat,Student
CUST19322,Jaipur,Small Business
CUST19323,Jaipur,Corporate
CUST19324,Hyderabad,Small Business
CUST19325,Trivandrum,Small Business
CUST19326,Jodhpur,Corporate
CUST19327,Surat,Corporate
CUST19328,Nagpur,Corporate
CUST19329,Rajkot,Small Business
CUST19330,Thane,Student
CUST19331,Lucknow,Corporate
CUST19332,Bhopal,Corporate
CUST19333,Nagpur,Small Business
CUST19334,Jaipur,Small Business
CUST19335,Trivandrum,Student
CUST19336,Bangalore,Consumer
CUST19337,Kanpur,Corporate
CUST19338,Lucknow,Small Business
CUST19339,Bangalore,Consumer
CUST19340,Rajkot,Corporate
CUST19341,Vadodara,Consumer
CUST19342,Rajkot,Student
CUST19343,Jaipur,Consumer
CUST19344,Bhopal,Student
CUST19345,Visakhapatnam,Corporate
CUST19346,Nagpur,Small Business
CUST19347,Noida,Corporate
CUST19348,Kolkata,Consumer
CUST19349,Ahmedabad,Small Business
CUST19350,Pune,Consumer
CUST19351,Bangalore,Corporate
CUST19352,Visakhapatnam,Small Business
CUST19353,Pune,Student
CUST19354,Noida,Corporate
CUST19355,Coimbatore,Small Business
CUST19356,Coimbatore,Corporate
CUST19357,Coimbatore,Corporate
CUST19358,Surat,Student
CUST19359,Chandigarh,Corporate
CUST19360,Ahmedabad,Small Business
CUST19361,Kanpur,Consumer
CUST19362,Surat,Corporate
CUST19363,Surat,Small Business
CUST19364,Vadodara,Consumer
CUST19365,Patna,Student
CUST19366,Trivandrum,Student
CUST19367,Ahmedabad,Student
CUST19368,Trivandrum,Corporate
CUST19369,Nashik,Student
CUST19370,Mysore,Small Business
CUST19371,Trivandrum,Corporate
CUST19372,Mysore,Small Business
CUST19373,Chennai,Small Business
CUST19374,Coimbatore,Small Business
CUST19375,Vadodara,Consumer
CUST19376,Jodhpur,Student
CUST19377,Chennai,Consumer
CUST19378,Mumbai,Consumer
CUST19379,Gurgaon,Consumer
CUST19380,Bangalore,Consumer
CUST19381,Madurai,Consumer
CUST19382,Mysore,Student
CUST19383,Indore,Consumer
CUST19384,Patna,Small Business
CUST19385,Nagpur,Small Business
CUST19386,Jaipur,Small Business
CUST19387,Visakhapatnam,Student
CUST19388,Surat,Consumer
CUST19389,Chennai,Corporate
CUST19390,Gurgaon,Student
CUST19391,Bhopal,Consumer
CUST19392,Jaipur,Corporate
CUST19393,Mumbai,Small Business
CUST19394,Noida,Consumer
CUST19395,Jaipur,Student
CUST19396,Vadodara,Corporate
CUST19397,Nagpur,Consumer
CUST19398,Lucknow,Corporate
CUST19399,Jaipur,Small Business
CUST19400,Nashik,Student
CUST19401,Mysore,Student
CUST19402,Visakhapatnam,Corporate
CUST19403,Chennai,Corporate
CUST19404,Chennai,Small Business
CUST19405,Madurai,Consumer
CUST19406,Mysore,Student
CUST19407,Chennai,Student
CUST19408,Kochi,Consumer
CUST19409,Mysore,Small Business
CUST19410,Vadodara,Small Business
CUST19411,Kolkata,Student
CUST19412,Nashik,Consumer
CUST19413,Visakhapatnam,Small Business
CUST19414,Mumbai,Consumer
CUST19415,Surat,Student
CUST19416,Chandigarh,Student
CUST19417,Lucknow,Student
CUST19418,Pune,Consumer
CUST19419,Nashik,Student
CUST19420,Coimbatore,Corporate
CUST19421,Bangalore,Student
CUST19422,Hyderabad,Consumer
CUST19423,Indore,Consumer
CUST19424,Trivandrum,Consumer
CUST19425,Pune,Student
CUST19426,Hyderabad,Corporate
CUST19427,Hyderabad,Corporate
CUST19428,Mysore,Small Business
CUST19429,Thane,Corporate
CUST19430,Lucknow,Small Business
CUST19431,Ahmedabad,Consumer
CUST19432,Mumbai,Consumer
CUST19433,Vadodara,Consumer
CUST19434,Thane,Small Business
CUST19435,Noida,Consumer
CUST19436,Thane,Corporate
CUST19437,Mumbai,Student
CUST19438,Trivandrum,Corporate
CUST19439,Hyderabad,Small Business
CUST19440,Kochi,Student
CUST19441,Noida,Consumer
CUST19442,Visakhapatnam,Small Business
CUST19443,Ahmedabad,Consumer
CUST19444,Pune,Consumer
CUST19445,Bhopal,Corporate
CUST19446,Rajkot,Small Business
CUST19447,Chennai,Consumer
CUST19448,Patna,Small Business
CUST19449,Chandigarh,Corporate
CUST19450,Trivandrum,Student
CUST19451,Jaipur,Corporate
CUST19452,Kanpur,Student
CUST19453,Chennai,Small Business
CUST19454,Bhopal,Corporate
CUST19455,Indore,Small Business
CUST19456,Nashik,Student
CUST19457,Pune,Small Business
CUST19458,Trivandrum,Consumer
CUST19459,Nashik,Consumer
CUST19460,Jodhpur,Corporate
CUST19461,Bangalore,Small Business
CUST19462,Bhopal,Small Business
CUST19463,Chandigarh,Corporate
CUST19464,Thane,Student
CUST19465,Nashik,Small Business
CUST19466,Nashik,Corporate
CUST19467,Hyderabad,Corporate
CUST19468,Coimbatore,Corporate
CUST19469,Jaipur,Student
CUST19470,Delhi,Small Business
CUST19471,Rajkot,Consumer
CUST19472,Madurai,Small Business
CUST19473,Patna,Corporate
CUST19474,Delhi,Corporate
CUST19475,Chennai,Small Business
CUST19476,Delhi,Student
CUST19477,Mysore,Consumer
CUST19478,Mysore,Small Business
CUST19479,Trivandrum,Corporate
CUST19480,Vadodara,Small Business
CUST19481,Kolkata,Consumer
CUST19482,Bhopal,Consumer
CUST19483,Rajkot,Student
CUST19484,Kochi,Consumer
CUST19485,Hyderabad,Student
CUST19486,Noida,Consumer
CUST19487,Rajkot,Consumer
CUST19488,Jodhpur,Small Business
CUST19489,Kanpur,Student
CUST19490,Mumbai,Corporate
CUST19491,Nagpur,Small Business
CUST19492,Nashik,Corporate
CUST19493,Indore,Consumer
CUST19494,Kanpur,Corporate
CUST19495,Chennai,Corporate
CUST19496,Chennai,Small Business
CUST19497,Nagpur,Corporate
CUST19498,Pune,Student
CUST19499,Surat,Student
CUST19500,Trivandrum,Consumer
CUST19501,Kolkata,Corporate
CUST19502,Rajkot,Corporate
CUST19503,Bangalore,Student
CUST19504,Kochi,Consumer
CUST19505,Vadodara,Student
CUST19506,Chennai,Corporate
CUST19507,Visakhapatnam,Consumer
CUST19508,Delhi,Student
CUST19509,Chennai,Corporate
CUST19510,Bhopal,Consumer
CUST19511,Madurai,Student
CUST19512,Mumbai,Small Business
CUST19513,Vadodara,Consumer
CUST19514,Noida,Consumer
CUST19515,Kanpur,Corporate
CUST19516,Hyderabad,Corporate
CUST19517,Trivandrum,Corporate
CUST19518,Rajkot,Corporate
CUST19519,Lucknow,Student
CUST19520,Delhi,Consumer
CUST19521,Gurgaon,Corporate
CUST19522,Chandigarh,Corporate
CUST19523,Nashik,Consumer
CUST19524,Visakhapatnam,Small Business
CUST19525,Gurgaon,Student
CUST19526,Surat,Student
CUST19527,Chennai,Consumer
CUST19528,Jaipur,Consumer
CUST19529,Bangalore,Consumer
CUST19530,Madurai,Student
CUST19531,Visakhapatnam,Student
CUST19532,Vadodara,Small Business
CUST19533,Nagpur,Small Business
CUST19534,Visakhapatnam,Consumer
CUST19535,Vadodara,Consumer
CUST19536,Delhi,Small Business
CUST19537,Noida,Student
CUST19538,Bhopal,Student
CUST19539,Bangalore,Consumer
CUST19540,Jodhpur,Corporate
CUST19541,Vadodara,Student
CUST19542,Pune,Corporate
CUST19543,Surat,Corporate
CUST19544,Jaipur,Consumer
CUST19545,Mumbai,Student
CUST19546,Rajkot,Small Business
CUST19547,Delhi,Corporate
CUST19548,Vadodara,Student
CUST19549,Bangalore,Consumer
CUST19550,Bangalore,Corporate
CUST19551,Rajkot,Small Business
CUST19552,Thane,Consumer
CUST19553,Delhi,Consumer
CUST19554,Gurgaon,Consumer
CUST19555,Pune,Consumer
CUST19556,Gurgaon,Small Business
CUST19557,Chandigarh,Corporate
CUST19558,Indore,Student
CUST19559,Madurai,Corporate
CUST19560,Bhopal,Corporate
CUST19561,Delhi,Small Business
CUST19562,Visakhapatnam,Consumer
CUST19563,Patna,Consumer
CUST19564,Gurgaon,Student
CUST19565,Madurai,Corporate
CUST19566,Bangalore,Small Business
CUST19567,Madurai,Student
CUST19568,Hyderabad,Student
CUST19569,Visakhapatnam,Corporate
CUST19570,Kochi,Consumer
CUST19571,Indore,Corporate
CUST19572,Bangalore,Small Business
CUST19573,Kochi,Small Business
CUST19574,Kanpur,Corporate
CUST19575,Kanpur,Corporate
CUST19576,Rajkot,Small Business
CUST19577,Chandigarh,Corporate
CUST19578,Mysore,Student
CUST19579,Delhi,Small Business
CUST19580,Vadodara,Corporate
CUST19581,Surat,Student
CUST19582,Ahmedabad,Consumer
CUST19583,Indore,Student
CUST19584,Vadodara,Corporate
CUST19585,Jodhpur,Corporate
CUST19586,Bangalore,Consumer
CUST19587,Jodhpur,Corporate
CUST19588,Jodhpur,Student
CUST19589,Vadodara,Small Business
CUST19590,Thane,Corporate
CUST19591,Pune,Student
CUST19592,Trivandrum,Student
CUST19593,Bhopal,Student
CUST19594,Hyderabad,Small Business
CUST19595,Thane,Corporate
CUST19596,Kolkata,Consumer
CUST19597,Surat,Small Business
CUST19598,Jodhpur,Consumer
CUST19599,Surat,Consumer
CUST19600,Rajkot,Consumer
CUST19601,Gurgaon,Consumer
CUST19602,Indore,Small Business
CUST19603,Indore,Student
CUST19604,Mumbai,Student
CUST19605,Lucknow,Corporate
CUST19606,Kochi,Consumer
CUST19607,Nagpur,Small Business
CUST19608,Chandigarh,Student
CUST19609,Bangalore,Small Business
CUST19610,Madurai,Small Business
CUST19611,Chandigarh,Student
CUST19612,Kanpur,Corporate
CUST19613,Ahmedabad,Small Business
CUST19614,Madurai,Corporate
CUST19615,Kanpur,Corporate
CUST19616,Bhopal,Student
CUST19617,Patna,Consumer
CUST19618,Madurai,Corporate
CUST19619,Nashik,Small Business
CUST19620,Jodhpur,Consumer
CUST19621,Noida,Corporate
CUST19622,Gurgaon,Consumer
CUST19623,Lucknow,Consumer
CUST19624,Nagpur,Corporate
CUST19625,Madurai,Corporate
CUST19626,Gurgaon,Student
CUST19627,Indore,Corporate
CUST19628,Lucknow,Small Business
CUST19629,Hyderabad,Small Business
CUST19630,Visakhapatnam,Corporate
CUST19631,Vadodara,Student
CUST19632,Hyderabad,Small Business
CUST19633,Gurgaon,Consumer
CUST19634,Nagpur,Consumer
CUST19635,Kolkata,Consumer
CUST19636,Ahmedabad,Corporate
CUST19637,Coimbatore,Corporate
CUST19638,Jodhpur,Student
CUST19639,Bangalore,Student
CUST19640,Bhopal,Student
CUST19641,Coimbatore,Corporate
CUST19642,Bangalore,Student
CUST19643,Kolkata,Student
CUST19644,Vadodara,Small Business
CUST19645,Surat,Corporate
CUST19646,Ahmedabad,Consumer
CUST19647,Rajkot,Corporate
CUST19648,Ahmedabad,Small Business
CUST19649,Visakhapatnam,Consumer
CUST19650,Rajkot,Corporate
CUST19651,Madurai,Consumer
CUST19652,Jodhpur,Small Business
CUST19653,Chennai,Student
CUST19654,Gurgaon,Small Business
CUST19655,Bhopal,Student
CUST19656,Kochi,Small Business
CUST19657,Noida,Student
CUST19658,Lucknow,Corporate
CUST19659,Bangalore,Small Business
CUST19660,Thane,Small Business
CUST19661,Coimbatore,Small Business
CUST19662,Gurgaon,Small Business
CUST19663,Visakhapatnam,Small Business
CUST19664,Rajkot,Small Business
CUST19665,Gurgaon,Student
CUST19666,Bangalore,Corporate
CUST19667,Jodhpur,Student
CUST19668,Bhopal,Student
CUST19669,Patna,Corporate
CUST19670,Lucknow,Small Business
CUST19671,Kochi,Corporate
CUST19672,Vadodara,Consumer
CUST19673,Madurai,Corporate
CUST19674,Pune,Student
CUST19675,Chennai,Student
CUST19676,Chennai,Student
CUST19677,Kochi,Consumer
CUST19678,Jodhpur,Corporate
CUST19679,Bangalore,Small Business
CUST19680,Jodhpur,Consumer
CUST19681,Surat,Small Business
CUST19682,Bangalore,Student
CUST19683,Coimbatore,Small Business
CUST19684,Mysore,Student
CUST19685,Madurai,Student
CUST19686,Patna,Corporate
CUST19687,Visakhapatnam,Student
CUST19688,Chennai,Small Business
CUST19689,Jodhpur,Small Business
CUST19690,Kochi,Student
CUST19691,Mumbai,Small Business
CUST19692,Visakhapatnam,Student
CUST19693,Vadodara,Consumer
CUST19694,Pune,Consumer
CUST19695,Surat,Student
CUST19696,Kochi,Consumer
CUST19697,Nashik,Student
CUST19698,Vadodara,Corporate
CUST19699,Patna,Small Business
CUST19700,Patna,Student
CUST19701,Trivandrum,Student
CUST19702,Jaipur,Student
CUST19703,Surat,Corporate
CUST19704,Gurgaon,Corporate
CUST19705,Madurai,Corporate
CUST19706,Kanpur,Corporate
CUST19707,Lucknow,Small Business
CUST19708,Nashik,Corporate
CUST19709,Delhi,Small Business
CUST19710,Coimbatore,Corporate
CUST19711,Mumbai,Consumer
CUST19712,Mumbai,Consumer
CUST19713,Kolkata,Student
CUST19714,Indore,Corporate
CUST19715,Bangalore,Student
CUST19716,Kochi,Corporate
CUST19717,Jodhpur,Small Business
CUST19718,Thane,Consumer
CUST19719,Nashik,Small Business
CUST19720,Jaipur,Student
CUST19721,Pune,Student
CUST19722,Ahmedabad,Student
CUST19723,Thane,Student
CUST19724,Trivandrum,Student
CUST19725,Madurai,Corporate
CUST19726,Indore,Consumer
CUST19727,Kanpur,Small Business
CUST19728,Trivandrum,Student
CUST19729,Vadodara,Corporate
CUST19730,Lucknow,Student
CUST19731,Ahmedabad,Student
CUST19732,Kanpur,Corporate
CUST19733,Jodhpur,Small Business
CUST19734,Madurai,Small Business
CUST19735,Nashik,Small Business
CUST19736,Nashik,Corporate
CUST19737,Jaipur,Student
CUST19738,Surat,Student
CUST19739,Thane,Consumer
CUST19740,Surat,Consumer
CUST19741,Chennai,Corporate
CUST19742,Noida,Consumer
CUST19743,Kanpur,Small Business
CUST19744,Mumbai,Consumer
CUST19745,Visakhapatnam,Student
CUST19746,Delhi,Consumer
CUST19747,Kanpur,Student
CUST19748,Bangalore,Student
CUST19749,Visakhapatnam,Small Business
CUST19750,Jaipur,Student
CUST19751,Noida,Small Business
CUST19752,Nagpur,Student
CUST19753,Kolkata,Student
CUST19754,Rajkot,Small Business
CUST19755,Indore,Corporate
CUST19756,Visakhapatnam,Consumer
CUST19757,Trivandrum,Consumer
CUST19758,Kochi,Student
CUST19759,Visakhapatnam,Corporate
CUST19760,Gurgaon,Small Business
CUST19761,Chandigarh,Consumer
CUST19762,Gurgaon,Student
CUST19763,Jaipur,Corporate
CUST19764,Jodhpur,Consumer
CUST19765,Nashik,Corporate
CUST19766,Gurgaon,Corporate
CUST19767,Gurgaon,Small Business
CUST19768,Rajkot,Consumer
CUST19769,Mysore,Small Business
CUST19770,Lucknow,Corporate
CUST19771,Kanpur,Small Business
CUST19772,Ahmedabad,Student
CUST19773,Vadodara,Student
CUST19774,Rajkot,Student
CUST19775,Hyderabad,Student
CUST19776,Visakhapatnam,Corporate
CUST19777,Bhopal,Small Business
CUST19778,Trivandrum,Student
CUST19779,Madurai,Student
CUST19780,Trivandrum,Small Business
CUST19781,Bhopal,Small Business
CUST19782,Hyderabad,Corporate
CUST19783,Indore,Small Business
CUST19784,Hyderabad,Corporate
CUST19785,Thane,Small Business
CUST19786,Patna,Corporate
CUST19787,Vadodara,Student
CUST19788,Jaipur,Consumer
CUST19789,Coimbatore,Student
CUST19790,Chennai,Corporate
CUST19791,Rajkot,Corporate
CUST19792,Hyderabad,Student
CUST19793,Nashik,Small Business
CUST19794,Kochi,Consumer
CUST19795,Hyderabad,Small Business
CUST19796,Indore,Corporate
CUST19797,Bangalore,Small Business
CUST19798,Gurgaon,Consumer
CUST19799,Noida,Consumer
CUST19800,Nagpur,Consumer
CUST19801,Indore,Consumer
CUST19802,Chandigarh,Consumer
CUST19803,Thane,Student
CUST19804,Kanpur,Student
CUST19805,Chennai,Student
CUST19806,Rajkot,Consumer
CUST19807,Noida,Student
CUST19808,Mumbai,Consumer
CUST19809,Patna,Student
CUST19810,Rajkot,Student
CUST19811,Indore,Consumer
CUST19812,Indore,Small Business
CUST19813,Hyderabad,Student
CUST19814,Surat,Corporate
CUST19815,Rajkot,Corporate
CUST19816,Vadodara,Student
CUST19817,Chandigarh,Consumer
CUST19818,Hyderabad,Student
CUST19819,Gurgaon,Consumer
CUST19820,Bhopal,Corporate
CUST19821,Ahmedabad,Small Business
CUST19822,Madurai,Student
CUST19823,Madurai,Consumer
CUST19824,Trivandrum,Corporate
CUST19825,Mumbai,Student
CUST19826,Gurgaon,Corporate
CUST19827,Hyderabad,Corporate
CUST19828,Rajkot,Consumer
CUST19829,Noida,Small Business
CUST19830,Mysore,Small Business
CUST19831,Madurai,Student
CUST19832,Kanpur,Corporate
CUST19833,Coimbatore,Student
CUST19834,Kochi,Student
CUST19835,Ahmedabad,Small Business
CUST19836,Surat,Student
CUST19837,Chandigarh,Small Business
CUST19838,Jaipur,Corporate
CUST19839,Coimbatore,Small Business
CUST19840,Kochi,Small Business
CUST19841,Kolkata,Small Business
CUST19842,Pune,Student
CUST19843,Mumbai,Consumer
CUST19844,Chandigarh,Consumer
CUST19845,Chennai,Corporate
CUST19846,Bhopal,Consumer
CUST19847,Trivandrum,Corporate
CUST19848,Gurgaon,Student
CUST19849,Mysore,Small Business
CUST19850,Mumbai,Corporate
CUST19851,Pune,Small Business
CUST19852,Mumbai,Corporate
CUST19853,Nagpur,Small Business
CUST19854,Pune,Corporate
CUST19855,Nashik,Student
CUST19856,Kanpur,Consumer
CUST19857,Madurai,Consumer
CUST19858,Trivandrum,Consumer
CUST19859,Chandigarh,Student
CUST19860,Nagpur,Student
CUST19861,Nashik,Corporate
CUST19862,Chennai,Small Business
CUST19863,Trivandrum,Corporate
CUST19864,Rajkot,Student
CUST19865,Thane,Corporate
CUST19866,Chennai,Small Business
CUST19867,Mumbai,Corporate
CUST19868,Delhi,Corporate
CUST19869,Madurai,Small Business
CUST19870,Noida,Consumer
CUST19871,Coimbatore,Small Business
CUST19872,Kochi,Small Business
CUST19873,Chandigarh,Consumer
CUST19874,Patna,Consumer
CUST19875,Jaipur,Small Business
CUST19876,Trivandrum,Student
CUST19877,Vadodara,Student
CUST19878,Kochi,Corporate
CUST19879,Madurai,Small Business
CUST19880,Rajkot,Small Business
CUST19881,Surat,Consumer
CUST19882,Kanpur,Small Business
CUST19883,Jodhpur,Small Business
CUST19884,Surat,Small Business
CUST19885,Noida,Corporate
CUST19886,Nashik,Small Business
CUST19887,Pune,Small Business
CUST19888,Pune,Corporate
CUST19889,Chandigarh,Corporate
CUST19890,Noida,Small Business
CUST19891,Chandigarh,Small Business
CUST19892,Jaipur,Corporate
CUST19893,Delhi,Corporate
CUST19894,Mysore,Corporate
CUST19895,Hyderabad,Consumer
CUST19896,Hyderabad,Student
CUST19897,Jaipur,Small Business
CUST19898,Kolkata,Consumer
CUST19899,Rajkot,Student
CUST19900,Nagpur,Corporate
CUST19901,Surat,Small Business
CUST19902,Trivandrum,Consumer
CUST19903,Thane,Consumer
CUST19904,Jodhpur,Small Business
CUST19905,Vadodara,Small Business
CUST19906,Patna,Corporate
CUST19907,Nagpur,Consumer
CUST19908,Rajkot,Small Business
CUST19909,Madurai,Small Business
CUST19910,Lucknow,Consumer
CUST19911,Rajkot,Small Business
CUST19912,Bhopal,Consumer
CUST19913,Patna,Corporate
CUST19914,Lucknow,Small Business
CUST19915,Ahmedabad,Small Business
CUST19916,Nagpur,Student
CUST19917,Delhi,Small Business
CUST19918,Mysore,Small Business
CUST19919,Jaipur,Small Business
CUST19920,Thane,Corporate
CUST19921,Patna,Consumer
CUST19922,Lucknow,Corporate
CUST19923,Delhi,Corporate
CUST19924,Thane,Student
CUST19925,Madurai,Consumer
CUST19926,Chennai,Consumer
CUST19927,Kochi,Student
CUST19928,Visakhapatnam,Small Business
CUST19929,Patna,Corporate
CUST19930,Chandigarh,Small Business
CUST19931,Patna,Small Business
CUST19932,Surat,Consumer
CUST19933,Mumbai,Corporate
CUST19934,Vadodara,Consumer
CUST19935,Chandigarh,Small Business
CUST19936,Trivandrum,Corporate
CUST19937,Mumbai,Student
CUST19938,Madurai,Small Business
CUST19939,Kolkata,Student
CUST19940,Rajkot,Consumer
CUST19941,Jaipur,Small Business
CUST19942,Pune,Corporate
CUST19943,Surat,Corporate
CUST19944,Kanpur,Corporate
CUST19945,Indore,Corporate
CUST19946,Jodhpur,Small Business
CUST19947,Kolkata,Consumer
CUST19948,Visakhapatnam,Corporate
CUST19949,Delhi,Small Business
CUST19950,Kochi,Consumer
CUST19951,Madurai,Corporate
CUST19952,Chennai,Student
CUST19953,Bangalore,Corporate
CUST19954,Chandigarh,Corporate
CUST19955,Madurai,Consumer
CUST19956,Bangalore,Consumer
CUST19957,Trivandrum,Consumer
CUST19958,Vadodara,Small Business
CUST19959,Patna,Student
CUST19960,Jaipur,Corporate
CUST19961,Visakhapatnam,Small Business
CUST19962,Noida,Consumer
CUST19963,Bhopal,Consumer
CUST19964,Delhi,Small Business
CUST19965,Nashik,Corporate
CUST19966,Vadodara,Small Business
CUST19967,Chennai,Student
CUST19968,Madurai,Corporate
CUST19969,Indore,Consumer
CUST19970,Mysore,Student
CUST19971,Noida,Student
CUST19972,Bangalore,Small Business
CUST19973,Delhi,Student
CUST19974,Ahmedabad,Small Business
CUST19975,Ahmedabad,Student
CUST19976,Gurgaon,Student
CUST19977,Chennai,Small Business
CUST19978,Ahmedabad,Small Business
CUST19979,Madurai,Student
CUST19980,Rajkot,Small Business
CUST19981,Vadodara,Student
CUST19982,Kolkata,Corporate
CUST19983,Chandigarh,Consumer
CUST19984,Jaipur,Consumer
CUST19985,Pune,Student
CUST19986,Madurai,Corporate
CUST19987,Bhopal,Student
CUST19988,Rajkot,Small Business
CUST19989,Nashik,Consumer
CUST19990,Gurgaon,Corporate
CUST19991,Chandigarh,Student
CUST19992,Kochi,Student
CUST19993,Mumbai,Corporate
CUST19994,Jodhpur,Consumer
CUST19995,Madurai,Student
CUST19996,Coimbatore,Corporate
CUST19997,Mysore,Consumer
CUST19998,Patna,Consumer
CUST19999,Kolkata,Small Business
CUST20000,Mysore,Corporate
CUST20001,Mysore,Student
CUST20002,Indore,Consumer
CUST20003,Kanpur,Student
CUST20004,Bhopal,Corporate
CUST20005,Noida,Small Business
CUST20006,Coimbatore,Student
CUST20007,Bangalore,Small Business
CUST20008,Lucknow,Corporate
CUST20009,Kochi,Corporate
CUST20010,Chandigarh,Consumer
CUST20011,Coimbatore,Small Business
CUST20012,Madurai,Consumer
CUST20013,Pune,Corporate
CUST20014,Bhopal,Corporate
CUST20015,Visakhapatnam,Consumer
CUST20016,Indore,Small Business
CUST20017,Bhopal,Corporate
CUST20018,Kolkata,Small Business
CUST20019,Visakhapatnam,Consumer
CUST20020,Chandigarh,Student
CUST20021,Bhopal,Corporate
CUST20022,Patna,Corporate
CUST20023,Gurgaon,Consumer
CUST20024,Gurgaon,Consumer
CUST20025,Kochi,Corporate
CUST20026,Indore,Small Business
CUST20027,Visakhapatnam,Corporate
CUST20028,Delhi,Small Business
CUST20029,Ahmedabad,Student
CUST20030,Kanpur,Small Business
CUST20031,Gurgaon,Small Business
CUST20032,Bangalore,Small Business
CUST20033,Nagpur,Corporate
CUST20034,Jaipur,Corporate
CUST20035,Rajkot,Consumer
CUST20036,Mysore,Corporate
CUST20037,Jodhpur,Consumer
CUST20038,Ahmedabad,Corporate
CUST20039,Jodhpur,Corporate
CUST20040,Indore,Student
CUST20041,Hyderabad,Consumer
CUST20042,Pune,Corporate
CUST20043,Bhopal,Corporate
CUST20044,Vadodara,Corporate
CUST20045,Rajkot,Small Business
CUST20046,Visakhapatnam,Consumer
CUST20047,Kochi,Small Business
CUST20048,Mysore,Consumer
CUST20049,Kochi,Small Business
CUST20050,Madurai,Corporate
CUST20051,Madurai,Consumer
CUST20052,Nashik,Small Business
CUST20053,Visakhapatnam,Small Business
CUST20054,Jodhpur,Student
CUST20055,Jodhpur,Student
CUST20056,Patna,Corporate
CUST20057,Lucknow,Consumer
CUST20058,Gurgaon,Consumer
CUST20059,Gurgaon,Corporate
CUST20060,Bhopal,Consumer
CUST20061,Vadodara,Small Business
CUST20062,Kolkata,Student
CUST20063,Surat,Consumer
CUST20064,Mumbai,Consumer
CUST20065,Noida,Consumer
CUST20066,Nashik,Student
CUST20067,Trivandrum,Student
CUST20068,Indore,Student
CUST20069,Mumbai,Corporate
CUST20070,Nashik,Small Business
CUST20071,Visakhapatnam,Consumer
CUST20072,Kanpur,Corporate
CUST20073,Mysore,Corporate
CUST20074,Nagpur,Consumer
CUST20075,Trivandrum,Small Business
CUST20076,Kanpur,Student
CUST20077,Jaipur,Corporate
CUST20078,Visakhapatnam,Student
CUST20079,Kochi,Small Business
CUST20080,Gurgaon,Consumer
CUST20081,Lucknow,Small Business
CUST20082,Hyderabad,Consumer
CUST20083,Visakhapatnam,Corporate
CUST20084,Delhi,Consumer
CUST20085,Thane,Student
CUST20086,Coimbatore,Student
CUST20087,Pune,Small Business
CUST20088,Bangalore,Corporate
CUST20089,Jodhpur,Corporate
CUST20090,Patna,Small Business
CUST20091,Gurgaon,Corporate
CUST20092,Delhi,Small Business
CUST20093,Nashik,Consumer
CUST20094,Thane,Small Business
CUST20095,Lucknow,Corporate
CUST20096,Surat,Small Business
CUST20097,Surat,Student
CUST20098,Indore,Corporate
CUST20099,Mysore,Consumer
CUST20100,Mumbai,Student
CUST20101,Surat,Small Business
CUST20102,Jaipur,Consumer
CUST20103,Gurgaon,Consumer
CUST20104,Thane,Consumer
CUST20105,Bangalore,Student
CUST20106,Rajkot,Consumer
CUST20107,Lucknow,Student
CUST20108,Rajkot,Small Business
CUST20109,Kanpur,Consumer
CUST20110,Kochi,Small Business
CUST20111,Jaipur,Small Business
CUST20112,Noida,Student
CUST20113,Vadodara,Corporate
CUST20114,Jaipur,Consumer
CUST20115,Bangalore,Small Business
CUST20116,Vadodara,Student
CUST20117,Delhi,Student
CUST20118,Jaipur,Student
CUST20119,Bangalore,Consumer
CUST20120,Mumbai,Small Business
CUST20121,Jaipur,Student
CUST20122,Chandigarh,Corporate
CUST20123,Nagpur,Consumer
CUST20124,Gurgaon,Corporate
CUST20125,Kochi,Student
CUST20126,Kolkata,Corporate
CUST20127,Kanpur,Corporate
CUST20128,Bangalore,Consumer
CUST20129,Hyderabad,Consumer
CUST20130,Jaipur,Consumer
CUST20131,Delhi,Corporate
CUST20132,Mumbai,Small Business
CUST20133,Mumbai,Student
CUST20134,Noida,Consumer
CUST20135,Jodhpur,Student
CUST20136,Lucknow,Consumer
CUST20137,Chandigarh,Consumer
CUST20138,Jaipur,Student
CUST20139,Pune,Student
CUST20140,Bhopal,Corporate
CUST20141,Mysore,Consumer
CUST20142,Mumbai,Corporate
CUST20143,Kolkata,Corporate
CUST20144,Delhi,Small Business
CUST20145,Vadodara,Corporate
CUST20146,Noida,Small Business
CUST20147,Kanpur,Consumer
CUST20148,Visakhapatnam,Corporate
CUST20149,Mysore,Consumer
CUST20150,Kochi,Consumer
CUST20151,Visakhapatnam,Consumer
CUST20152,Indore,Small Business
CUST20153,Coimbatore,Small Business
CUST20154,Bhopal,Consumer
CUST20155,Mumbai,Student
CUST20156,Kanpur,Student
CUST20157,Chennai,Small Business
CUST20158,Delhi,Consumer
CUST20159,Jodhpur,Small Business
CUST20160,Vadodara,Small Business
CUST20161,Surat,Small Business
CUST20162,Thane,Consumer
CUST20163,Mumbai,Corporate
CUST20164,Indore,Corporate
CUST20165,Vadodara,Consumer
CUST20166,Trivandrum,Student
CUST20167,Jaipur,Small Business
CUST20168,Jodhpur,Consumer
CUST20169,Kochi,Small Business
CUST20170,Kolkata,Consumer
CUST20171,Visakhapatnam,Student
CUST20172,Chandigarh,Consumer
CUST20173,Delhi,Corporate
CUST20174,Chennai,Consumer
CUST20175,Kochi,Small Business
CUST20176,Gurgaon,Small Business
CUST20177,Coimbatore,Corporate
CUST20178,Noida,Small Business
CUST20179,Mysore,Small Business
CUST20180,Chandigarh,Small Business
CUST20181,Jodhpur,Small Business
CUST20182,Surat,Student
CUST20183,Noida,Student
CUST20184,Jodhpur,Small Business
CUST20185,Pune,Corporate
CUST20186,Kolkata,Consumer
CUST20187,Chandigarh,Consumer
CUST20188,Ahmedabad,Small Business
CUST20189,Pune,Small Business
CUST20190,Bhopal,Student
CUST20191,Chennai,Student
CUST20192,Pune,Student
CUST20193,Thane,Consumer
CUST20194,Ahmedabad,Small Business
CUST20195,Gurgaon,Student
CUST20196,Jaipur,Corporate
CUST20197,Indore,Small Business
CUST20198,Kochi,Small Business
CUST20199,Mysore,Small Business
CUST20200,Mumbai,Small Business
CUST20201,Pune,Student
CUST20202,Jaipur,Student
CUST20203,Kochi,Corporate
CUST20204,Delhi,Student
CUST20205,Surat,Small Business
CUST20206,Hyderabad,Small Business
CUST20207,Lucknow,Small Business
CUST20208,Nagpur,Corporate
CUST20209,Mysore,Small Business
CUST20210,Nashik,Small Business
CUST20211,Patna,Student
CUST20212,Bangalore,Small Business
CUST20213,Mumbai,Consumer
CUST20214,Mysore,Small Business
CUST20215,Noida,Student
CUST20216,Thane,Corporate
CUST20217,Kolkata,Corporate
CUST20218,Nagpur,Corporate
CUST20219,Jodhpur,Small Business
CUST20220,Vadodara,Corporate
CUST20221,Lucknow,Small Business
CUST20222,Vadodara,Student
CUST20223,Chennai,Small Business
CUST20224,Vadodara,Small Business
CUST20225,Nashik,Corporate
CUST20226,Visakhapatnam,Small Business
CUST20227,Chennai,Small Business
CUST20228,Kolkata,Consumer
CUST20229,Surat,Corporate
CUST20230,Mumbai,Consumer
CUST20231,Patna,Small Business
CUST20232,Surat,Corporate
CUST20233,Hyderabad,Student
CUST20234,Gurgaon,Small Business
CUST20235,Lucknow,Student
CUST20236,Jodhpur,Student
CUST20237,Madurai,Student
CUST20238,Thane,Student
CUST20239,Mumbai,Corporate
CUST20240,Patna,Small Business
CUST20241,Delhi,Student
CUST20242,Vadodara,Corporate
CUST20243,Patna,Student
CUST20244,Kolkata,Student
CUST20245,Patna,Small Business
CUST20246,Delhi,Consumer
CUST20247,Bangalore,Corporate
CUST20248,Gurgaon,Student
CUST20249,Trivandrum,Student
CUST20250,Trivandrum,Small Business
CUST20251,Bhopal,Consumer
CUST20252,Kochi,Consumer
CUST20253,Chennai,Student
CUST20254,Kochi,Corporate
CUST20255,Visakhapatnam,Consumer
CUST20256,Trivandrum,Student
CUST20257,Jaipur,Consumer
CUST20258,Surat,Student
CUST20259,Vadodara,Corporate
CUST20260,Kanpur,Student
CUST20261,Chennai,Consumer
CUST20262,Visakhapatnam,Corporate
CUST20263,Lucknow,Consumer
CUST20264,Trivandrum,Small Business
CUST20265,Thane,Student
CUST20266,Kanpur,Student
CUST20267,Jodhpur,Small Business
CUST20268,Thane,Consumer
CUST20269,Rajkot,Consumer
CUST20270,Thane,Small Business
CUST20271,Vadodara,Small Business
CUST20272,Ahmedabad,Student
CUST20273,Jodhpur,Corporate
CUST20274,Chennai,Corporate
CUST20275,Vadodara,Small Business
CUST20276,Kanpur,Consumer
CUST20277,Delhi,Student
CUST20278,Vadodara,Corporate
CUST20279,Thane,Small Business
CUST20280,Noida,Student
CUST20281,Kolkata,Student
CUST20282,Trivandrum,Small Business
CUST20283,Lucknow,Small Business
CUST20284,Rajkot,Small Business
CUST20285,Delhi,Student
CUST20286,Delhi,Student
CUST20287,Jodhpur,Consumer
CUST20288,Kanpur,Corporate
CUST20289,Bhopal,Corporate
CUST20290,Kolkata,Consumer
CUST20291,Jaipur,Consumer
CUST20292,Jodhpur,Small Business
CUST20293,Thane,Corporate
CUST20294,Kanpur,Small Business
CUST20295,Surat,Student
CUST20296,Kanpur,Consumer
CUST20297,Indore,Consumer
CUST20298,Mumbai,Consumer
CUST20299,Jaipur,Corporate
CUST20300,Kanpur,Student
CUST20301,Visakhapatnam,Student
CUST20302,Surat,Small Business
CUST20303,Vadodara,Student
CUST20304,Kochi,Student
CUST20305,Madurai,Consumer
CUST20306,Madurai,Student
CUST20307,Rajkot,Small Business
CUST20308,Bhopal,Consumer
CUST20309,Hyderabad,Corporate
CUST20310,Jodhpur,Student
CUST20311,Jodhpur,Corporate
CUST20312,Bangalore,Consumer
CUST20313,Bhopal,Corporate
CUST20314,Bangalore,Student
CUST20315,Nagpur,Small Business
CUST20316,Mumbai,Corporate
CUST20317,Pune,Small Business
CUST20318,Mysore,Small Business
CUST20319,Noida,Consumer
CUST20320,Kanpur,Student
CUST20321,Gurgaon,Student
CUST20322,Nashik,Corporate
CUST20323,Bhopal,Corporate
CUST20324,Nagpur,Consumer
CUST20325,Hyderabad,Corporate
CUST20326,Thane,Consumer
CUST20327,Vadodara,Student
CUST20328,Pune,Corporate
CUST20329,Nashik,Student
CUST20330,Kochi,Consumer
CUST20331,Bhopal,Student
CUST20332,Ahmedabad,Consumer
CUST20333,Jaipur,Consumer
CUST20334,Mysore,Corporate
CUST20335,Lucknow,Consumer
CUST20336,Ahmedabad,Consumer
CUST20337,Coimbatore,Student
CUST20338,Kolkata,Small Business
CUST20339,Visakhapatnam,Consumer
CUST20340,Kanpur,Student
CUST20341,Delhi,Small Business
CUST20342,Mumbai,Consumer
CUST20343,Surat,Student
CUST20344,Bangalore,Student
CUST20345,Nashik,Small Business
CUST20346,Kolkata,Small Business
CUST20347,Mysore,Student
CUST20348,Nashik,Small Business
CUST20349,Gurgaon,Corporate
CUST20350,Bangalore,Small Business
CUST20351,Nagpur,Corporate
CUST20352,Delhi,Corporate
CUST20353,Nagpur,Consumer
CUST20354,Bangalore,Corporate
CUST20355,Pune,Consumer
CUST20356,Bhopal,Consumer
CUST20357,Kanpur,Small Business
CUST20358,Madurai,Corporate
CUST20359,Jaipur,Consumer
CUST20360,Visakhapatnam,Student
CUST20361,Bangalore,Student
CUST20362,Kanpur,Consumer
CUST20363,Visakhapatnam,Small Business
CUST20364,Hyderabad,Small Business
CUST20365,Rajkot,Corporate
CUST20366,Bhopal,Small Business
CUST20367,Trivandrum,Student
CUST20368,Ahmedabad,Small Business
CUST20369,Lucknow,Consumer
CUST20370,Bangalore,Consumer
CUST20371,Patna,Student
CUST20372,Pune,Corporate
CUST20373,Jodhpur,Corporate
CUST20374,Chandigarh,Consumer
CUST20375,Bangalore,Student
CUST20376,Visakhapatnam,Corporate
CUST20377,Vadodara,Small Business
CUST20378,Bangalore,Student
CUST20379,Hyderabad,Small Business
CUST20380,Chennai,Corporate
CUST20381,Rajkot,Consumer
CUST20382,Thane,Consumer
CUST20383,Nagpur,Small Business
CUST20384,Kolkata,Consumer
CUST20385,Mumbai,Student
CUST20386,Rajkot,Student
CUST20387,Surat,Small Business
CUST20388,Ahmedabad,Consumer
CUST20389,Chandigarh,Corporate
CUST20390,Chandigarh,Corporate
CUST20391,Indore,Small Business
CUST20392,Trivandrum,Small Business
CUST20393,Kolkata,Small Business
CUST20394,Trivandrum,Corporate
CUST20395,Delhi,Consumer
CUST20396,Jaipur,Student
CUST20397,Jaipur,Consumer
CUST20398,Hyderabad,Student
CUST20399,Jaipur,Student
CUST20400,Ahmedabad,Small Business
CUST20401,Jodhpur,Corporate
CUST20402,Surat,Student
CUST20403,Thane,Corporate
CUST20404,Bhopal,Student
CUST20405,Mysore,Small Business
CUST20406,Patna,Consumer
CUST20407,Mysore,Small Business
CUST20408,Lucknow,Small Business
CUST20409,Surat,Consumer
CUST20410,Mysore,Consumer
CUST20411,Patna,Corporate
CUST20412,Noida,Consumer
CUST20413,Nashik,Small Business
CUST20414,Indore,Consumer
CUST20415,Gurgaon,Consumer
CUST20416,Jodhpur,Student
CUST20417,Chandigarh,Small Business
CUST20418,Jaipur,Consumer
CUST20419,Jodhpur,Consumer
CUST20420,Patna,Corporate
CUST20421,Jaipur,Student
CUST20422,Visakhapatnam,Student
CUST20423,Ahmedabad,Consumer
CUST20424,Lucknow,Corporate
CUST20425,Thane,Consumer
CUST20426,Patna,Student
CUST20427,Surat,Consumer
CUST20428,Vadodara,Student
CUST20429,Indore,Corporate
CUST20430,Nashik,Consumer
CUST20431,Nashik,Consumer
CUST20432,Mysore,Corporate
CUST20433,Hyderabad,Small Business
CUST20434,Pune,Consumer
CUST20435,Delhi,Student
CUST20436,Pune,Consumer
CUST20437,Patna,Consumer
CUST20438,Nashik,Consumer
CUST20439,Kolkata,Small Business
CUST20440,Vadodara,Student
CUST20441,Bangalore,Student
CUST20442,Kolkata,Student
CUST20443,Mysore,Small Business
CUST20444,Visakhapatnam,Corporate
CUST20445,Rajkot,Student
CUST20446,Chandigarh,Consumer
CUST20447,Chennai,Consumer
CUST20448,Nagpur,Corporate
CUST20449,Chandigarh,Consumer
CUST20450,Chennai,Corporate
CUST20451,Indore,Consumer
CUST20452,Mysore,Consumer
CUST20453,Chennai,Consumer
CUST20454,Surat,Consumer
CUST20455,Visakhapatnam,Corporate
CUST20456,Pune,Consumer
CUST20457,Madurai,Corporate
CUST20458,Lucknow,Corporate
CUST20459,Coimbatore,Corporate
CUST20460,Kolkata,Small Business
CUST20461,Trivandrum,Small Business
CUST20462,Bhopal,Consumer
CUST20463,Surat,Small Business
CUST20464,Kochi,Consumer
CUST20465,Ahmedabad,Consumer
CUST20466,Lucknow,Student
CUST20467,Mumbai,Corporate
CUST20468,Patna,Corporate
CUST20469,Jaipur,Student
CUST20470,Kanpur,Student
CUST20471,Bhopal,Student
CUST20472,Mysore,Student
CUST20473,Coimbatore,Consumer
CUST20474,Bangalore,Consumer
CUST20475,Jodhpur,Consumer
CUST20476,Madurai,Consumer
CUST20477,Surat,Student
CUST20478,Patna,Student
CUST20479,Mysore,Corporate
CUST20480,Kanpur,Small Business
CUST20481,Chandigarh,Student
CUST20482,Rajkot,Consumer
CUST20483,Ahmedabad,Student
CUST20484,Hyderabad,Student
CUST20485,Coimbatore,Consumer
CUST20486,Chennai,Small Business
CUST20487,Surat,Student
CUST20488,Delhi,Small Business
CUST20489,Indore,Student
CUST20490,Madurai,Consumer
CUST20491,Indore,Consumer
CUST20492,Mysore,Student
CUST20493,Jodhpur,Corporate
CUST20494,Gurgaon,Corporate
CUST20495,Rajkot,Consumer
CUST20496,Surat,Small Business
CUST20497,Thane,Consumer
CUST20498,Kolkata,Consumer
CUST20499,Trivandrum,Corporate
CUST20500,Jodhpur,Consumer
CUST20501,Indore,Small Business
CUST20502,Bhopal,Corporate
CUST20503,Coimbatore,Student
CUST20504,Hyderabad,Small Business
CUST20505,Jodhpur,Small Business
CUST20506,Noida,Consumer
CUST20507,Madurai,Consumer
CUST20508,Mysore,Corporate
CUST20509,Visakhapatnam,Consumer
CUST20510,Chennai,Small Business
CUST20511,Hyderabad,Corporate
CUST20512,Kanpur,Consumer
CUST20513,Surat,Student
CUST20514,Thane,Consumer
CUST20515,Thane,Corporate
CUST20516,Vadodara,Small Business
CUST20517,Noida,Small Business
CUST20518,Madurai,Corporate
CUST20519,Pune,Consumer
CUST20520,Thane,Consumer
CUST20521,Bangalore,Consumer
CUST20522,Trivandrum,Consumer
CUST20523,Trivandrum,Corporate
CUST20524,Patna,Student
CUST20525,Bhopal,Consumer
CUST20526,Chennai,Student
CUST20527,Coimbatore,Corporate
CUST20528,Kolkata,Corporate
CUST20529,Jodhpur,Corporate
CUST20530,Bangalore,Small Business
CUST20531,Gurgaon,Small Business
CUST20532,Ahmedabad,Corporate
CUST20533,Ahmedabad,Small Business
CUST20534,Patna,Consumer
CUST20535,Ahmedabad,Corporate
CUST20536,Rajkot,Consumer
CUST20537,Coimbatore,Corporate
CUST20538,Vadodara,Consumer
CUST20539,Gurgaon,Corporate
CUST20540,Jaipur,Student
CUST20541,Trivandrum,Small Business
CUST20542,Hyderabad,Corporate
CUST20543,Mumbai,Consumer
CUST20544,Madurai,Student
CUST20545,Chandigarh,Small Business
CUST20546,Jaipur,Corporate
CUST20547,Jaipur,Small Business
CUST20548,Nagpur,Corporate
CUST20549,Mysore,Small Business
CUST20550,Visakhapatnam,Small Business
CUST20551,Jodhpur,Consumer
CUST20552,Visakhapatnam,Small Business
CUST20553,Kanpur,Student
CUST20554,Visakhapatnam,Consumer
CUST20555,Kolkata,Student
CUST20556,Rajkot,Consumer
CUST20557,Indore,Small Business
CUST20558,Madurai,Small Business
CUST20559,Jaipur,Consumer
CUST20560,Jaipur,Corporate
CUST20561,Nashik,Student
CUST20562,Visakhapatnam,Small Business
CUST20563,Mysore,Corporate
CUST20564,Bangalore,Corporate
CUST20565,Nagpur,Corporate
CUST20566,Gurgaon,Corporate
CUST20567,Hyderabad,Small Business
CUST20568,Vadodara,Corporate
CUST20569,Patna,Small Business
CUST20570,Kolkata,Small Business
CUST20571,Lucknow,Corporate
CUST20572,Hyderabad,Student
CUST20573,Bangalore,Small Business
CUST20574,Kanpur,Consumer
CUST20575,Kochi,Consumer
CUST20576,Kanpur,Corporate
CUST20577,Rajkot,Consumer
CUST20578,Gurgaon,Student
CUST20579,Madurai,Consumer
CUST20580,Jodhpur,Small Business
CUST20581,Noida,Small Business
CUST20582,Hyderabad,Consumer
CUST20583,Patna,Corporate
CUST20584,Mumbai,Student
CUST20585,Chandigarh,Small Business
CUST20586,Madurai,Consumer
CUST20587,Jodhpur,Corporate
CUST20588,Bangalore,Small Business
CUST20589,Vadodara,Student
CUST20590,Nashik,Student
CUST20591,Nashik,Corporate
CUST20592,Kochi,Student
CUST20593,Chandigarh,Consumer
CUST20594,Visakhapatnam,Consumer
CUST20595,Indore,Student
CUST20596,Coimbatore,Consumer
CUST20597,Hyderabad,Corporate
CUST20598,Madurai,Student
CUST20599,Kochi,Student
CUST20600,Jaipur,Corporate
CUST20601,Jaipur,Corporate
CUST20602,Bhopal,Small Business
CUST20603,Rajkot,Corporate
CUST20604,Gurgaon,Small Business
CUST20605,Mysore,Small Business
CUST20606,Patna,Student
CUST20607,Kolkata,Student
CUST20608,Coimbatore,Corporate
CUST20609,Nashik,Small Business
CUST20610,Pune,Consumer
CUST20611,Pune,Small Business
CUST20612,Jodhpur,Student
CUST20613,Madurai,Corporate
CUST20614,Pune,Small Business
CUST20615,Mumbai,Corporate
CUST20616,Pune,Student
CUST20617,Bhopal,Corporate
CUST20618,Nashik,Corporate
CUST20619,Surat,Student
CUST20620,Mysore,Small Business
CUST20621,Lucknow,Small Business
CUST20622,Kanpur,Student
CUST20623,Mysore,Student
CUST20624,Lucknow,Consumer
CUST20625,Chennai,Corporate
CUST20626,Madurai,Small Business
CUST20627,Bhopal,Corporate
CUST20628,Jodhpur,Corporate
CUST20629,Kochi,Small Business
CUST20630,Chandigarh,Student
CUST20631,Chandigarh,Small Business
CUST20632,Jodhpur,Student
CUST20633,Jodhpur,Consumer
CUST20634,Kolkata,Consumer
CUST20635,Gurgaon,Student
CUST20636,Patna,Small Business
CUST20637,Nashik,Student
CUST20638,Nagpur,Corporate
CUST20639,Ahmedabad,Small Business
CUST20640,Rajkot,Consumer
CUST20641,Visakhapatnam,Corporate
CUST20642,Kochi,Small Business
CUST20643,Patna,Student
CUST20644,Vadodara,Small Business
CUST20645,Bhopal,Corporate
CUST20646,Madurai,Consumer
CUST20647,Surat,Consumer
CUST20648,Coimbatore,Student
CUST20649,Bhopal,Consumer
CUST20650,Kochi,Small Business
CUST20651,Gurgaon,Student
CUST20652,Bangalore,Student
CUST20653,Trivandrum,Student
CUST20654,Kanpur,Corporate
CUST20655,Kanpur,Corporate
CUST20656,Jodhpur,Corporate
CUST20657,Visakhapatnam,Small Business
CUST20658,Vadodara,Consumer
CUST20659,Bhopal,Small Business
CUST20660,Jodhpur,Student
CUST20661,Bhopal,Student
CUST20662,Rajkot,Consumer
CUST20663,Rajkot,Corporate
CUST20664,Chennai,Corporate
CUST20665,Ahmedabad,Student
CUST20666,Jodhpur,Small Business
CUST20667,Chennai,Small Business
CUST20668,Delhi,Small Business
CUST20669,Pune,Student
CUST20670,Chandigarh,Consumer
CUST20671,Jodhpur,Small Business
CUST20672,Bhopal,Student
CUST20673,Jodhpur,Student
CUST20674,Indore,Small Business
CUST20675,Hyderabad,Corporate
CUST20676,Gurgaon,Consumer
CUST20677,Ahmedabad,Student
CUST20678,Kanpur,Small Business
CUST20679,Lucknow,Student
CUST20680,Lucknow,Corporate
CUST20681,Coimbatore,Small Business
CUST20682,Thane,Student
CUST20683,Bhopal,Student
CUST20684,Rajkot,Consumer
CUST20685,Surat,Student
CUST20686,Noida,Consumer
CUST20687,Patna,Corporate
CUST20688,Thane,Corporate
CUST20689,Surat,Corporate
CUST20690,Rajkot,Consumer
CUST20691,Jodhpur,Small Business
CUST20692,Gurgaon,Consumer
CUST20693,Bhopal,Small Business
CUST20694,Jaipur,Consumer
CUST20695,Coimbatore,Corporate
CUST20696,Kanpur,Consumer
CUST20697,Hyderabad,Student
CUST20698,Rajkot,Student
CUST20699,Surat,Student
CUST20700,Hyderabad,Corporate
CUST20701,Chennai,Consumer
CUST20702,Chennai,Small Business
CUST20703,Kochi,Student
CUST20704,Bangalore,Corporate
CUST20705,Visakhapatnam,Small Business
CUST20706,Nagpur,Corporate
CUST20707,Indore,Consumer
CUST20708,Coimbatore,Corporate
CUST20709,Chennai,Student
CUST20710,Gurgaon,Consumer
CUST20711,Delhi,Small Business
CUST20712,Bangalore,Small Business
CUST20713,Bangalore,Student
CUST20714,Kolkata,Consumer
CUST20715,Mumbai,Student
CUST20716,Chandigarh,Consumer
CUST20717,Delhi,Consumer
CUST20718,Jaipur,Corporate
CUST20719,Vadodara,Small Business
CUST20720,Madurai,Corporate
CUST20721,Kochi,Small Business
CUST20722,Visakhapatnam,Small Business
CUST20723,Trivandrum,Corporate
CUST20724,Madurai,Corporate
CUST20725,Kolkata,Corporate
CUST20726,Visakhapatnam,Small Business
CUST20727,Pune,Corporate
CUST20728,Pune,Student
CUST20729,Rajkot,Student
CUST20730,Chennai,Small Business
CUST20731,Indore,Student
CUST20732,Chennai,Consumer
CUST20733,Ahmedabad,Consumer
CUST20734,Jodhpur,Student
CUST20735,Madurai,Consumer
CUST20736,Rajkot,Student
CUST20737,Lucknow,Consumer
CUST20738,Lucknow,Consumer
CUST20739,Patna,Corporate
CUST20740,Nashik,Consumer
CUST20741,Bangalore,Student
CUST20742,Patna,Consumer
CUST20743,Hyderabad,Student
CUST20744,Vadodara,Student
CUST20745,Indore,Small Business
CUST20746,Visakhapatnam,Small Business
CUST20747,Nagpur,Student
CUST20748,Lucknow,Small Business
CUST20749,Rajkot,Small Business
CUST20750,Surat,Small Business
CUST20751,Bhopal,Consumer
CUST20752,Gurgaon,Small Business
CUST20753,Noida,Small Business
CUST20754,Hyderabad,Consumer
CUST20755,Kochi,Corporate
CUST20756,Trivandrum,Student
CUST20757,Coimbatore,Small Business
CUST20758,Chandigarh,Consumer
CUST20759,Lucknow,Corporate
CUST20760,Delhi,Student
CUST20761,Jodhpur,Consumer
CUST20762,Mysore,Student
CUST20763,Rajkot,Student
CUST20764,Kochi,Small Business
CUST20765,Rajkot,Consumer
CUST20766,Mysore,Small Business
CUST20767,Indore,Small Business
CUST20768,Lucknow,Student
CUST20769,Madurai,Student
CUST20770,Hyderabad,Corporate
CUST20771,Jodhpur,Corporate
CUST20772,Jaipur,Corporate
CUST20773,Chandigarh,Consumer
CUST20774,Chandigarh,Consumer
CUST20775,Patna,Student
CUST20776,Kochi,Small Business
CUST20777,Kolkata,Student
CUST20778,Pune,Small Business
CUST20779,Chennai,Student
CUST20780,Pune,Corporate
CUST20781,Kanpur,Student
CUST20782,Ahmedabad,Corporate
CUST20783,Surat,Corporate
CUST20784,Jaipur,Consumer
CUST20785,Jodhpur,Small Business
CUST20786,Visakhapatnam,Consumer
CUST20787,Pune,Consumer
CUST20788,Chandigarh,Student
CUST20789,Bangalore,Small Business
CUST20790,Jaipur,Small Business
CUST20791,Vadodara,Student
CUST20792,Bhopal,Corporate
CUST20793,Nashik,Student
CUST20794,Madurai,Small Business
CUST20795,Pune,Student
CUST20796,Visakhapatnam,Small Business
CUST20797,Delhi,Corporate
CUST20798,Patna,Student
CUST20799,Pune,Consumer
CUST20800,Mumbai,Small Business
CUST20801,Madurai,Consumer
CUST20802,Chennai,Student
CUST20803,Lucknow,Consumer
CUST20804,Ahmedabad,Small Business
CUST20805,Visakhapatnam,Student
CUST20806,Vadodara,Consumer
CUST20807,Rajkot,Consumer
CUST20808,Mysore,Small Business
CUST20809,Nagpur,Small Business
CUST20810,Trivandrum,Small Business
CUST20811,Trivandrum,Small Business
CUST20812,Gurgaon,Small Business
CUST20813,Chennai,Corporate
CUST20814,Trivandrum,Small Business
CUST20815,Chandigarh,Student
CUST20816,Kanpur,Corporate
CUST20817,Jodhpur,Small Business
CUST20818,Thane,Corporate
CUST20819,Nashik,Corporate
CUST20820,Madurai,Corporate
CUST20821,Trivandrum,Consumer
CUST20822,Indore,Corporate
CUST20823,Lucknow,Consumer
CUST20824,Jaipur,Consumer
CUST20825,Mumbai,Consumer
CUST20826,Patna,Consumer
CUST20827,Jaipur,Consumer
CUST20828,Nagpur,Small Business
CUST20829,Thane,Consumer
CUST20830,Chennai,Consumer
CUST20831,Coimbatore,Student
CUST20832,Nashik,Student
CUST20833,Bhopal,Corporate
CUST20834,Thane,Small Business
CUST20835,Bhopal,Corporate
CUST20836,Chandigarh,Small Business
CUST20837,Pune,Corporate
CUST20838,Nashik,Consumer
CUST20839,Nashik,Corporate
CUST20840,Delhi,Consumer
CUST20841,Hyderabad,Consumer
CUST20842,Hyderabad,Consumer
CUST20843,Bhopal,Student
CUST20844,Coimbatore,Consumer
CUST20845,Gurgaon,Corporate
CUST20846,Surat,Student
CUST20847,Chandigarh,Small Business
CUST20848,Lucknow,Corporate
CUST20849,Kolkata,Corporate
CUST20850,Kochi,Corporate
CUST20851,Nagpur,Consumer
CUST20852,Patna,Corporate
CUST20853,Indore,Corporate
CUST20854,Vadodara,Corporate
CUST20855,Patna,Small Business
CUST20856,Rajkot,Corporate
CUST20857,Jodhpur,Small Business
CUST20858,Delhi,Corporate
CUST20859,Mysore,Student
CUST20860,Ahmedabad,Small Business
CUST20861,Thane,Student
CUST20862,Ahmedabad,Corporate
CUST20863,Chennai,Consumer
CUST20864,Nagpur,Corporate
CUST20865,Thane,Corporate
CUST20866,Rajkot,Corporate
CUST20867,Nagpur,Small Business
CUST20868,Patna,Small Business
CUST20869,Ahmedabad,Small Business
CUST20870,Jaipur,Small Business
CUST20871,Visakhapatnam,Consumer
CUST20872,Madurai,Small Business
CUST20873,Mumbai,Consumer
CUST20874,Nashik,Corporate
CUST20875,Lucknow,Small Business
CUST20876,Mumbai,Small Business
CUST20877,Mumbai,Corporate
CUST20878,Thane,Student
CUST20879,Lucknow,Small Business
CUST20880,Pune,Small Business
CUST20881,Trivandrum,Small Business
CUST20882,Patna,Consumer
CUST20883,Kochi,Corporate
CUST20884,Kanpur,Corporate
CUST20885,Coimbatore,Student
CUST20886,Mumbai,Consumer
CUST20887,Bhopal,Corporate
CUST20888,Surat,Small Business
CUST20889,Surat,Small Business
CUST20890,Trivandrum,Consumer
CUST20891,Vadodara,Small Business
CUST20892,Madurai,Student
CUST20893,Lucknow,Small Business
CUST20894,Chennai,Small Business
CUST20895,Bhopal,Corporate
CUST20896,Lucknow,Student
CUST20897,Surat,Corporate
CUST20898,Chandigarh,Corporate
CUST20899,Gurgaon,Consumer
CUST20900,Hyderabad,Corporate
CUST20901,Madurai,Consumer
CUST20902,Patna,Small Business
CUST20903,Surat,Small Business
CUST20904,Jodhpur,Small Business
CUST20905,Nagpur,Corporate
CUST20906,Mysore,Small Business
CUST20907,Jaipur,Small Business
CUST20908,Nagpur,Small Business
CUST20909,Kolkata,Consumer
CUST20910,Kanpur,Consumer
CUST20911,Lucknow,Small Business
CUST20912,Gurgaon,Small Business
CUST20913,Madurai,Consumer
CUST20914,Gurgaon,Student
CUST20915,Chandigarh,Corporate
CUST20916,Delhi,Small Business
CUST20917,Patna,Small Business
CUST20918,Gurgaon,Consumer
CUST20919,Hyderabad,Corporate
CUST20920,Mysore,Corporate
CUST20921,Gurgaon,Corporate
CUST20922,Mumbai,Student
CUST20923,Madurai,Student
CUST20924,Patna,Student
CUST20925,Vadodara,Consumer
CUST20926,Bhopal,Corporate
CUST20927,Surat,Small Business
CUST20928,Thane,Student
CUST20929,Delhi,Consumer
CUST20930,Chennai,Small Business
CUST20931,Coimbatore,Student
CUST20932,Nashik,Small Business
CUST20933,Thane,Consumer
CUST20934,Bhopal,Corporate
CUST20935,Nashik,Student
CUST20936,Jaipur,Consumer
CUST20937,Ahmedabad,Small Business
CUST20938,Jodhpur,Student
CUST20939,Chennai,Small Business
CUST20940,Jaipur,Consumer
CUST20941,Vadodara,Student
CUST20942,Madurai,Corporate
CUST20943,Kolkata,Small Business
CUST20944,Bangalore,Small Business
CUST20945,Kolkata,Small Business
CUST20946,Surat,Corporate
CUST20947,Bhopal,Student
CUST20948,Coimbatore,Consumer
CUST20949,Jaipur,Corporate
CUST20950,Jaipur,Consumer
CUST20951,Noida,Student
CUST20952,Chandigarh,Student
CUST20953,Pune,Student
CUST20954,Thane,Student
CUST20955,Nagpur,Corporate
CUST20956,Vadodara,Corporate
CUST20957,Rajkot,Consumer
CUST20958,Patna,Corporate
CUST20959,Thane,Consumer
CUST20960,Kanpur,Corporate
CUST20961,Madurai,Consumer
CUST20962,Surat,Student
CUST20963,Hyderabad,Student
CUST20964,Patna,Student
CUST20965,Trivandrum,Corporate
CUST20966,Mysore,Corporate
CUST20967,Madurai,Consumer
CUST20968,Chennai,Student
CUST20969,Delhi,Student
CUST20970,Madurai,Student
CUST20971,Chandigarh,Corporate
CUST20972,Rajkot,Student
CUST20973,Jodhpur,Corporate
CUST20974,Noida,Consumer
CUST20975,Vadodara,Student
CUST20976,Madurai,Corporate
CUST20977,Hyderabad,Corporate
CUST20978,Jaipur,Small Business
CUST20979,Lucknow,Small Business
CUST20980,Jaipur,Corporate
CUST20981,Madurai,Student
CUST20982,Kochi,Consumer
CUST20983,Lucknow,Student
CUST20984,Jodhpur,Corporate
CUST20985,Patna,Consumer
CUST20986,Chennai,Corporate
CUST20987,Vadodara,Student
CUST20988,Mumbai,Corporate
CUST20989,Delhi,Corporate
CUST20990,Pune,Consumer
CUST20991,Trivandrum,Corporate
CUST20992,Coimbatore,Student
CUST20993,Gurgaon,Small Business
CUST20994,Thane,Corporate
CUST20995,Delhi,Consumer
CUST20996,Trivandrum,Consumer
CUST20997,Kanpur,Consumer
CUST20998,Coimbatore,Consumer
CUST20999,Kochi,Consumer
CUST21000,Nagpur,Student
CUST21001,Noida,Small Business
CUST21002,Nashik,Corporate
CUST21003,Jodhpur,Student
CUST21004,Bangalore,Consumer
CUST21005,Gurgaon,Student
CUST21006,Visakhapatnam,Student
CUST21007,Bangalore,Consumer
CUST21008,Bangalore,Student
CUST21009,Bangalore,Student
CUST21010,Gurgaon,Consumer
CUST21011,Ahmedabad,Student
CUST21012,Mumbai,Consumer
CUST21013,Mysore,Small Business
CUST21014,Visakhapatnam,Student
CUST21015,Jaipur,Corporate
CUST21016,Madurai,Student
CUST21017,Thane,Student
CUST21018,Ahmedabad,Consumer
CUST21019,Hyderabad,Consumer
CUST21020,Mumbai,Corporate
CUST21021,Pune,Student
CUST21022,Mysore,Small Business
CUST21023,Lucknow,Consumer
CUST21024,Jodhpur,Corporate
CUST21025,Nashik,Corporate
CUST21026,Nagpur,Corporate
CUST21027,Kochi,Small Business
CUST21028,Mumbai,Corporate
CUST21029,Gurgaon,Corporate
CUST21030,Vadodara,Small Business
CUST21031,Mumbai,Consumer
CUST21032,Patna,Consumer
CUST21033,Rajkot,Small Business
CUST21034,Mumbai,Small Business
CUST21035,Ahmedabad,Student
CUST21036,Chennai,Corporate
CUST21037,Mumbai,Corporate
CUST21038,Kanpur,Small Business
CUST21039,Chennai,Student
CUST21040,Pune,Small Business
CUST21041,Trivandrum,Corporate
CUST21042,Pune,Small Business
CUST21043,Jodhpur,Corporate
CUST21044,Rajkot,Consumer
CUST21045,Gurgaon,Corporate
CUST21046,Hyderabad,Corporate
CUST21047,Visakhapatnam,Student
CUST21048,Kochi,Corporate
CUST21049,Coimbatore,Corporate
CUST21050,Kanpur,Small Business
CUST21051,Gurgaon,Consumer
CUST21052,Nashik,Corporate
CUST21053,Hyderabad,Small Business
CUST21054,Patna,Consumer
CUST21055,Mumbai,Consumer
CUST21056,Chennai,Small Business
CUST21057,Mumbai,Corporate
CUST21058,Trivandrum,Student
CUST21059,Mysore,Student
CUST21060,Nagpur,Consumer
CUST21061,Patna,Corporate
CUST21062,Nagpur,Consumer
CUST21063,Trivandrum,Student
CUST21064,Chennai,Consumer
CUST21065,Bangalore,Corporate
CUST21066,Nashik,Consumer
CUST21067,Hyderabad,Small Business
CUST21068,Mysore,Small Business
CUST21069,Trivandrum,Consumer
CUST21070,Delhi,Small Business
CUST21071,Patna,Student
CUST21072,Nashik,Consumer
CUST21073,Chandigarh,Corporate
CUST21074,Hyderabad,Small Business
CUST21075,Chandigarh,Small Business
CUST21076,Jodhpur,Small Business
CUST21077,Mysore,Student
CUST21078,Nagpur,Corporate
CUST21079,Kanpur,Consumer
CUST21080,Noida,Student
CUST21081,Lucknow,Student
CUST21082,Kolkata,Small Business
CUST21083,Hyderabad,Student
CUST21084,Patna,Consumer
CUST21085,Visakhapatnam,Consumer
CUST21086,Rajkot,Consumer
CUST21087,Thane,Small Business
CUST21088,Mysore,Corporate
CUST21089,Hyderabad,Corporate
CUST21090,Vadodara,Student
CUST21091,Rajkot,Student
CUST21092,Nagpur,Consumer
CUST21093,Nashik,Student
CUST21094,Thane,Consumer
CUST21095,Coimbatore,Consumer
CUST21096,Surat,Consumer
CUST21097,Ahmedabad,Small Business
CUST21098,Madurai,Consumer
CUST21099,Kanpur,Consumer
CUST21100,Patna,Corporate
CUST21101,Chennai,Small Business
CUST21102,Mumbai,Consumer
CUST21103,Bangalore,Small Business
CUST21104,Bhopal,Student
CUST21105,Rajkot,Small Business
CUST21106,Noida,Consumer
CUST21107,Chennai,Corporate
CUST21108,Indore,Consumer
CUST21109,Kolkata,Corporate
CUST21110,Coimbatore,Consumer
CUST21111,Gurgaon,Student
CUST21112,Vadodara,Student
CUST21113,Coimbatore,Corporate
CUST21114,Mysore,Consumer
CUST21115,Chennai,Small Business
CUST21116,Hyderabad,Consumer
CUST21117,Bangalore,Student
CUST21118,Lucknow,Small Business
CUST21119,Kolkata,Small Business
CUST21120,Jaipur,Small Business
CUST21121,Visakhapatnam,Student
CUST21122,Madurai,Small Business
CUST21123,Gurgaon,Corporate
CUST21124,Lucknow,Student
CUST21125,Pune,Corporate
CUST21126,Indore,Small Business
CUST21127,Vadodara,Small Business
CUST21128,Mumbai,Student
CUST21129,Surat,Student
CUST21130,Surat,Consumer
CUST21131,Kochi,Corporate
CUST21132,Jaipur,Student
CUST21133,Ahmedabad,Corporate
CUST21134,Patna,Corporate
CUST21135,Lucknow,Consumer
CUST21136,Rajkot,Consumer
CUST21137,Indore,Student
CUST21138,Noida,Consumer
CUST21139,Rajkot,Small Business
CUST21140,Jaipur,Corporate
CUST21141,Rajkot,Small Business
CUST21142,Coimbatore,Consumer
CUST21143,Vadodara,Corporate
CUST21144,Surat,Consumer
CUST21145,Coimbatore,Small Business
CUST21146,Surat,Consumer
CUST21147,Jodhpur,Corporate
CUST21148,Hyderabad,Consumer
CUST21149,Chandigarh,Small Business
CUST21150,Vadodara,Student
CUST21151,Nashik,Corporate
CUST21152,Kanpur,Corporate
CUST21153,Visakhapatnam,Corporate
CUST21154,Bangalore,Student
CUST21155,Gurgaon,Consumer
CUST21156,Gurgaon,Corporate
CUST21157,Kochi,Small Business
CUST21158,Nashik,Small Business
CUST21159,Gurgaon,Corporate
CUST21160,Indore,Small Business
CUST21161,Hyderabad,Small Business
CUST21162,Noida,Corporate
CUST21163,Rajkot,Small Business
CUST21164,Vadodara,Small Business
CUST21165,Pune,Consumer
CUST21166,Hyderabad,Consumer
CUST21167,Bhopal,Student
CUST21168,Pune,Small Business
CUST21169,Trivandrum,Student
CUST21170,Pune,Small Business
CUST21171,Nagpur,Student
CUST21172,Bangalore,Small Business
CUST21173,Pune,Student
CUST21174,Nashik,Small Business
CUST21175,Jodhpur,Corporate
CUST21176,Bangalore,Student
CUST21177,Jodhpur,Corporate
CUST21178,Lucknow,Student
CUST21179,Madurai,Corporate
CUST21180,Delhi,Small Business
CUST21181,Kanpur,Consumer
CUST21182,Madurai,Small Business
CUST21183,Lucknow,Small Business
CUST21184,Chennai,Small Business
CUST21185,Chandigarh,Small Business
CUST21186,Visakhapatnam,Small Business
CUST21187,Mysore,Corporate
CUST21188,Chandigarh,Consumer
CUST21189,Kanpur,Consumer
CUST21190,Visakhapatnam,Student
CUST21191,Pune,Student
CUST21192,Chennai,Corporate
CUST21193,Rajkot,Consumer
CUST21194,Lucknow,Consumer
CUST21195,Indore,Consumer
CUST21196,Gurgaon,Small Business
CUST21197,Gurgaon,Corporate
CUST21198,Rajkot,Student
CUST21199,Mumbai,Consumer
CUST21200,Nagpur,Small Business
CUST21201,Noida,Corporate
CUST21202,Chennai,Student
CUST21203,Vadodara,Corporate
CUST21204,Hyderabad,Consumer
CUST21205,Indore,Consumer
CUST21206,Kolkata,Student
CUST21207,Rajkot,Consumer
CUST21208,Chandigarh,Student
CUST21209,Visakhapatnam,Small Business
CUST21210,Kanpur,Small Business
CUST21211,Mumbai,Small Business
CUST21212,Gurgaon,Small Business
CUST21213,Rajkot,Consumer
CUST21214,Ahmedabad,Small Business
CUST21215,Chennai,Student
CUST21216,Trivandrum,Consumer
CUST21217,Nashik,Corporate
CUST21218,Thane,Consumer
CUST21219,Chennai,Corporate
CUST21220,Patna,Student
CUST21221,Nashik,Corporate
CUST21222,Pune,Corporate
CUST21223,Jodhpur,Small Business
CUST21224,Chennai,Consumer
CUST21225,Thane,Corporate
CUST21226,Pune,Student
CUST21227,Jodhpur,Consumer
CUST21228,Bhopal,Student
CUST21229,Thane,Student
CUST21230,Trivandrum,Consumer
CUST21231,Bhopal,Small Business
CUST21232,Coimbatore,Corporate
CUST21233,Kolkata,Student
CUST21234,Bhopal,Student
CUST21235,Trivandrum,Corporate
CUST21236,Nagpur,Consumer
CUST21237,Mysore,Student
CUST21238,Delhi,Small Business
CUST21239,Rajkot,Consumer
CUST21240,Chennai,Small Business
CUST21241,Hyderabad,Corporate
CUST21242,Nashik,Small Business
CUST21243,Kanpur,Small Business
CUST21244,Thane,Small Business
CUST21245,Bhopal,Corporate
CUST21246,Delhi,Small Business
CUST21247,Jaipur,Consumer
CUST21248,Kochi,Corporate
CUST21249,Jaipur,Corporate
CUST21250,Surat,Consumer
CUST21251,Ahmedabad,Consumer
CUST21252,Kochi,Small Business
CUST21253,Visakhapatnam,Student
CUST21254,Hyderabad,Small Business
CUST21255,Bhopal,Student
CUST21256,Madurai,Student
CUST21257,Jodhpur,Corporate
CUST21258,Lucknow,Student
CUST21259,Madurai,Small Business
CUST21260,Pune,Student
CUST21261,Nagpur,Student
CUST21262,Bangalore,Student
CUST21263,Kochi,Small Business
CUST21264,Bangalore,Small Business
CUST21265,Lucknow,Corporate
CUST21266,Kochi,Small Business
CUST21267,Chennai,Student
CUST21268,Bangalore,Student
CUST21269,Kochi,Corporate
CUST21270,Lucknow,Student
CUST21271,Noida,Consumer
CUST21272,Bangalore,Corporate
CUST21273,Pune,Small Business
CUST21274,Kolkata,Consumer
CUST21275,Jaipur,Student
CUST21276,Bangalore,Consumer
CUST21277,Ahmedabad,Corporate
CUST21278,Chandigarh,Small Business
CUST21279,Pune,Small Business
CUST21280,Hyderabad,Consumer
CUST21281,Patna,Small Business
CUST21282,Jodhpur,Small Business
CUST21283,Surat,Corporate
CUST21284,Kolkata,Consumer
CUST21285,Bhopal,Small Business
CUST21286,Vadodara,Student
CUST21287,Ahmedabad,Consumer
CUST21288,Kanpur,Student
CUST21289,Coimbatore,Corporate
CUST21290,Vadodara,Small Business
CUST21291,Mysore,Corporate
CUST21292,Surat,Consumer
CUST21293,Vadodara,Student
CUST21294,Nagpur,Consumer
CUST21295,Lucknow,Small Business
CUST21296,Delhi,Small Business
CUST21297,Noida,Student
CUST21298,Surat,Corporate
CUST21299,Surat,Consumer
CUST21300,Bhopal,Student
CUST21301,Patna,Consumer
CUST21302,Lucknow,Corporate
CUST21303,Nagpur,Corporate
CUST21304,Indore,Corporate
CUST21305,Coimbatore,Consumer
CUST21306,Bhopal,Corporate
CUST21307,Trivandrum,Small Business
CUST21308,Mysore,Corporate
CUST21309,Kochi,Consumer
CUST21310,Pune,Corporate
CUST21311,Kolkata,Corporate
CUST21312,Gurgaon,Consumer
CUST21313,Delhi,Corporate
CUST21314,Madurai,Consumer
CUST21315,Bhopal,Consumer
CUST21316,Coimbatore,Corporate
CUST21317,Bangalore,Student
CUST21318,Delhi,Corporate
CUST21319,Madurai,Small Business
CUST21320,Jaipur,Student
CUST21321,Surat,Student
CUST21322,Pune,Corporate
CUST21323,Pune,Consumer
CUST21324,Jodhpur,Consumer
CUST21325,Kanpur,Student
CUST21326,Surat,Small Business
CUST21327,Kolkata,Small Business
CUST21328,Jaipur,Student
CUST21329,Noida,Consumer
CUST21330,Kochi,Student
CUST21331,Coimbatore,Student
CUST21332,Bhopal,Consumer
CUST21333,Lucknow,Small Business
CUST21334,Bhopal,Consumer
CUST21335,Vadodara,Small Business
CUST21336,Chennai,Student
CUST21337,Hyderabad,Student
CUST21338,Bangalore,Small Business
CUST21339,Jodhpur,Corporate
CUST21340,Bangalore,Small Business
CUST21341,Jodhpur,Student
CUST21342,Ahmedabad,Small Business
CUST21343,Surat,Consumer
CUST21344,Ahmedabad,Corporate
CUST21345,Surat,Consumer
CUST21346,Nagpur,Small Business
CUST21347,Lucknow,Student
CUST21348,Vadodara,Small Business
CUST21349,Bhopal,Corporate
CUST21350,Surat,Consumer
CUST21351,Bangalore,Corporate
CUST21352,Mumbai,Corporate
CUST21353,Visakhapatnam,Student
CUST21354,Surat,Small Business
CUST21355,Nashik,Consumer
CUST21356,Mumbai,Student
CUST21357,Rajkot,Consumer
CUST21358,Hyderabad,Corporate
CUST21359,Mysore,Small Business
CUST21360,Ahmedabad,Small Business
CUST21361,Vadodara,Small Business
CUST21362,Kolkata,Consumer
CUST21363,Rajkot,Corporate
CUST21364,Ahmedabad,Corporate
CUST21365,Trivandrum,Small Business
CUST21366,Vadodara,Consumer
CUST21367,Trivandrum,Corporate
CUST21368,Bangalore,Student
CUST21369,Pune,Student
CUST21370,Rajkot,Student
CUST21371,Madurai,Small Business
CUST21372,Delhi,Consumer
CUST21373,Kolkata,Small Business
CUST21374,Bhopal,Student
CUST21375,Delhi,Consumer
CUST21376,Bangalore,Consumer
CUST21377,Chennai,Corporate
CUST21378,Pune,Small Business
CUST21379,Surat,Corporate
CUST21380,Bangalore,Consumer
CUST21381,Jodhpur,Consumer
CUST21382,Chandigarh,Corporate
CUST21383,Surat,Student
CUST21384,Trivandrum,Small Business
CUST21385,Kanpur,Corporate
CUST21386,Kolkata,Consumer
CUST21387,Pune,Consumer
CUST21388,Noida,Student
CUST21389,Bangalore,Corporate
CUST21390,Visakhapatnam,Consumer
CUST21391,Bangalore,Small Business
CUST21392,Kolkata,Student
CUST21393,Rajkot,Corporate
CUST21394,Lucknow,Corporate
CUST21395,Chandigarh,Student
CUST21396,Surat,Small Business
CUST21397,Noida,Small Business
CUST21398,Pune,Consumer
CUST21399,Kochi,Consumer
CUST21400,Lucknow,Student
CUST21401,Delhi,Student
CUST21402,Ahmedabad,Small Business
CUST21403,Madurai,Corporate
CUST21404,Trivandrum,Consumer
CUST21405,Mysore,Corporate
CUST21406,Thane,Consumer
CUST21407,Vadodara,Small Business
CUST21408,Thane,Consumer
CUST21409,Bangalore,Corporate
CUST21410,Lucknow,Student
CUST21411,Kanpur,Consumer
CUST21412,Rajkot,Student
CUST21413,Thane,Consumer
CUST21414,Chennai,Small Business
CUST21415,Nagpur,Small Business
CUST21416,Thane,Student
CUST21417,Patna,Consumer
CUST21418,Jaipur,Small Business
CUST21419,Hyderabad,Consumer
CUST21420,Bangalore,Small Business
CUST21421,Bangalore,Consumer
CUST21422,Nashik,Corporate
CUST21423,Kochi,Consumer
CUST21424,Lucknow,Consumer
CUST21425,Visakhapatnam,Corporate
CUST21426,Gurgaon,Corporate
CUST21427,Ahmedabad,Consumer
CUST21428,Chennai,Small Business
CUST21429,Visakhapatnam,Consumer
CUST21430,Noida,Corporate
CUST21431,Kanpur,Small Business
CUST21432,Chandigarh,Corporate
CUST21433,Mysore,Corporate
CUST21434,Mysore,Small Business
CUST21435,Chandigarh,Student
CUST21436,Chennai,Consumer
CUST21437,Lucknow,Student
CUST21438,Ahmedabad,Corporate
CUST21439,Noida,Small Business
CUST21440,Kolkata,Consumer
CUST21441,Mysore,Small Business
CUST21442,Trivandrum,Corporate
CUST21443,Pune,Corporate
CUST21444,Vadodara,Student
CUST21445,Hyderabad,Consumer
CUST21446,Rajkot,Consumer
CUST21447,Jodhpur,Small Business
CUST21448,Gurgaon,Student
CUST21449,Ahmedabad,Small Business
CUST21450,Kanpur,Corporate
CUST21451,Pune,Student
CUST21452,Mumbai,Small Business
CUST21453,Coimbatore,Corporate
CUST21454,Chennai,Student
CUST21455,Kolkata,Student
CUST21456,Gurgaon,Small Business
CUST21457,Thane,Corporate
CUST21458,Thane,Small Business
CUST21459,Lucknow,Small Business
CUST21460,Hyderabad,Small Business
CUST21461,Pune,Consumer
CUST21462,Madurai,Corporate
CUST21463,Rajkot,Corporate
CUST21464,Visakhapatnam,Student
CUST21465,Mysore,Corporate
CUST21466,Noida,Small Business
CUST21467,Kanpur,Small Business
CUST21468,Rajkot,Student
CUST21469,Rajkot,Corporate
CUST21470,Chennai,Small Business
CUST21471,Pune,Consumer
CUST21472,Nagpur,Corporate
CUST21473,Kanpur,Small Business
CUST21474,Delhi,Small Business
CUST21475,Lucknow,Consumer
CUST21476,Trivandrum,Consumer
CUST21477,Surat,Student
CUST21478,Mumbai,Corporate
CUST21479,Trivandrum,Student
CUST21480,Bangalore,Student
CUST21481,Vadodara,Corporate
CUST21482,Hyderabad,Consumer
CUST21483,Mysore,Small Business
CUST21484,Patna,Student
CUST21485,Lucknow,Small Business
CUST21486,Bhopal,Corporate
CUST21487,Mumbai,Consumer
CUST21488,Surat,Consumer
CUST21489,Kochi,Student
CUST21490,Chennai,Corporate
CUST21491,Visakhapatnam,Consumer
CUST21492,Visakhapatnam,Small Business
CUST21493,Indore,Corporate
CUST21494,Madurai,Student
CUST21495,Hyderabad,Student
CUST21496,Vadodara,Corporate
CUST21497,Delhi,Consumer
CUST21498,Madurai,Consumer
CUST21499,Visakhapatnam,Student
CUST21500,Mumbai,Consumer
CUST21501,Jaipur,Consumer
CUST21502,Hyderabad,Consumer
CUST21503,Vadodara,Student
CUST21504,Rajkot,Small Business
CUST21505,Delhi,Consumer
CUST21506,Lucknow,Consumer
CUST21507,Bangalore,Student
CUST21508,Mumbai,Student
CUST21509,Coimbatore,Student
CUST21510,Noida,Small Business
CUST21511,Kolkata,Student
CUST21512,Gurgaon,Student
CUST21513,Rajkot,Consumer
CUST21514,Pune,Consumer
CUST21515,Thane,Corporate
CUST21516,Lucknow,Student
CUST21517,Mumbai,Corporate
CUST21518,Surat,Small Business
CUST21519,Thane,Consumer
CUST21520,Patna,Small Business
CUST21521,Thane,Student
CUST21522,Kochi,Corporate
CUST21523,Gurgaon,Small Business
CUST21524,Nagpur,Consumer
CUST21525,Delhi,Consumer
CUST21526,Rajkot,Small Business
CUST21527,Madurai,Corporate
CUST21528,Visakhapatnam,Corporate
CUST21529,Indore,Small Business
CUST21530,Mumbai,Consumer
CUST21531,Vadodara,Student
CUST21532,Indore,Small Business
CUST21533,Gurgaon,Small Business
CUST21534,Mysore,Small Business
CUST21535,Hyderabad,Small Business
CUST21536,Madurai,Student
CUST21537,Chandigarh,Student
CUST21538,Mysore,Small Business
CUST21539,Chennai,Corporate
CUST21540,Madurai,Small Business
CUST21541,Coimbatore,Student
CUST21542,Nashik,Corporate
CUST21543,Gurgaon,Corporate
CUST21544,Delhi,Corporate
CUST21545,Trivandrum,Small Business
CUST21546,Nagpur,Corporate
CUST21547,Lucknow,Student
CUST21548,Visakhapatnam,Small Business
CUST21549,Coimbatore,Student
CUST21550,Madurai,Corporate
CUST21551,Kolkata,Corporate
CUST21552,Mumbai,Consumer
CUST21553,Jodhpur,Corporate
CUST21554,Nashik,Consumer
CUST21555,Indore,Student
CUST21556,Pune,Corporate
CUST21557,Trivandrum,Student
CUST21558,Madurai,Corporate
CUST21559,Surat,Student
CUST21560,Pune,Student
CUST21561,Surat,Corporate
CUST21562,Coimbatore,Consumer
CUST21563,Trivandrum,Student
CUST21564,Hyderabad,Student
CUST21565,Ahmedabad,Corporate
CUST21566,Delhi,Corporate
CUST21567,Patna,Corporate
CUST21568,Mysore,Consumer
CUST21569,Kanpur,Corporate
CUST21570,Surat,Corporate
CUST21571,Visakhapatnam,Student
CUST21572,Nagpur,Corporate
CUST21573,Jodhpur,Small Business
CUST21574,Delhi,Corporate
CUST21575,Kolkata,Small Business
CUST21576,Jodhpur,Corporate
CUST21577,Patna,Corporate
CUST21578,Coimbatore,Small Business
CUST21579,Madurai,Consumer
CUST21580,Chandigarh,Consumer
CUST21581,Delhi,Consumer
CUST21582,Chennai,Student
CUST21583,Visakhapatnam,Student
CUST21584,Bhopal,Corporate
CUST21585,Noida,Small Business
CUST21586,Noida,Small Business
CUST21587,Surat,Small Business
CUST21588,Delhi,Corporate
CUST21589,Pune,Corporate
CUST21590,Delhi,Small Business
CUST21591,Trivandrum,Corporate
CUST21592,Coimbatore,Student
CUST21593,Chandigarh,Student
CUST21594,Noida,Consumer
CUST21595,Coimbatore,Student
CUST21596,Gurgaon,Student
CUST21597,Pune,Student
CUST21598,Pune,Corporate
CUST21599,Mysore,Corporate
CUST21600,Chandigarh,Consumer
CUST21601,Mysore,Corporate
CUST21602,Trivandrum,Consumer
CUST21603,Kolkata,Consumer
CUST21604,Jaipur,Consumer
CUST21605,Trivandrum,Student
CUST21606,Visakhapatnam,Small Business
CUST21607,Nagpur,Corporate
CUST21608,Pune,Corporate
CUST21609,Madurai,Consumer
CUST21610,Rajkot,Consumer
CUST21611,Patna,Corporate
CUST21612,Pune,Small Business
CUST21613,Kolkata,Small Business
CUST21614,Nashik,Corporate
CUST21615,Lucknow,Student
CUST21616,Visakhapatnam,Small Business
CUST21617,Bhopal,Consumer
CUST21618,Nashik,Corporate
CUST21619,Mumbai,Corporate
CUST21620,Noida,Consumer
CUST21621,Chennai,Corporate
CUST21622,Lucknow,Small Business
CUST21623,Surat,Corporate
CUST21624,Bhopal,Small Business
CUST21625,Delhi,Consumer
CUST21626,Kolkata,Consumer
CUST21627,Mysore,Small Business
CUST21628,Coimbatore,Small Business
CUST21629,Hyderabad,Corporate
CUST21630,Hyderabad,Small Business
CUST21631,Ahmedabad,Corporate
CUST21632,Patna,Consumer
CUST21633,Vadodara,Student
CUST21634,Mysore,Student
CUST21635,Visakhapatnam,Corporate
CUST21636,Hyderabad,Small Business
CUST21637,Kolkata,Consumer
CUST21638,Chennai,Small Business
CUST21639,Rajkot,Small Business
CUST21640,Lucknow,Student
CUST21641,Nagpur,Student
CUST21642,Nagpur,Student
CUST21643,Surat,Consumer
CUST21644,Kochi,Consumer
CUST21645,Bangalore,Student
CUST21646,Bangalore,Corporate
CUST21647,Nagpur,Consumer
CUST21648,Thane,Consumer
CUST21649,Delhi,Student
CUST21650,Jodhpur,Student
CUST21651,Gurgaon,Student
CUST21652,Kolkata,Consumer
CUST21653,Kochi,Small Business
CUST21654,Surat,Corporate
CUST21655,Chennai,Corporate
CUST21656,Rajkot,Consumer
CUST21657,Patna,Student
CUST21658,Nashik,Small Business
CUST21659,Nagpur,Student
CUST21660,Indore,Student
CUST21661,Mysore,Consumer
CUST21662,Mysore,Consumer
CUST21663,Thane,Consumer
CUST21664,Gurgaon,Corporate
CUST21665,Thane,Student
CUST21666,Thane,Student
CUST21667,Rajkot,Consumer
CUST21668,Mumbai,Student
CUST21669,Jodhpur,Consumer
CUST21670,Madurai,Consumer
CUST21671,Visakhapatnam,Small Business
CUST21672,Coimbatore,Corporate
CUST21673,Hyderabad,Consumer
CUST21674,Chandigarh,Consumer
CUST21675,Kolkata,Consumer
CUST21676,Lucknow,Corporate
CUST21677,Chennai,Corporate
CUST21678,Surat,Student
CUST21679,Kolkata,Student
CUST21680,Hyderabad,Student
CUST21681,Kanpur,Consumer
CUST21682,Bangalore,Consumer
CUST21683,Visakhapatnam,Corporate
CUST21684,Bangalore,Student
CUST21685,Indore,Corporate
CUST21686,Madurai,Student
CUST21687,Visakhapatnam,Small Business
CUST21688,Jodhpur,Student
CUST21689,Mumbai,Corporate
CUST21690,Nashik,Student
CUST21691,Nashik,Corporate
CUST21692,Nagpur,Student
CUST21693,Trivandrum,Small Business
CUST21694,Trivandrum,Consumer
CUST21695,Gurgaon,Student
CUST21696,Lucknow,Small Business
CUST21697,Mumbai,Small Business
CUST21698,Vadodara,Student
CUST21699,Nagpur,Student
CUST21700,Trivandrum,Student
CUST21701,Kolkata,Student
CUST21702,Mysore,Student
CUST21703,Mysore,Small Business
CUST21704,Noida,Corporate
CUST21705,Delhi,Small Business
CUST21706,Indore,Student
CUST21707,Mysore,Student
CUST21708,Gurgaon,Small Business
CUST21709,Hyderabad,Consumer
CUST21710,Noida,Consumer
CUST21711,Indore,Consumer
CUST21712,Patna,Consumer
CUST21713,Mumbai,Small Business
CUST21714,Trivandrum,Consumer
CUST21715,Surat,Consumer
CUST21716,Noida,Small Business
CUST21717,Kanpur,Small Business
CUST21718,Trivandrum,Consumer
CUST21719,Bhopal,Student
CUST21720,Bangalore,Consumer
CUST21721,Visakhapatnam,Small Business
CUST21722,Gurgaon,Consumer
CUST21723,Chandigarh,Student
CUST21724,Jaipur,Corporate
CUST21725,Kochi,Consumer
CUST21726,Chandigarh,Small Business
CUST21727,Indore,Consumer
CUST21728,Indore,Corporate
CUST21729,Thane,Corporate
CUST21730,Coimbatore,Corporate
CUST21731,Visakhapatnam,Consumer
CUST21732,Kolkata,Small Business
CUST21733,Bhopal,Student
CUST21734,Bhopal,Consumer
CUST21735,Delhi,Corporate
CUST21736,Nagpur,Small Business
CUST21737,Noida,Corporate
CUST21738,Bhopal,Student
CUST21739,Lucknow,Small Business
CUST21740,Mysore,Student
CUST21741,Jodhpur,Student
CUST21742,Kolkata,Corporate
CUST21743,Ahmedabad,Student
CUST21744,Nashik,Small Business
CUST21745,Nagpur,Consumer
CUST21746,Delhi,Consumer
CUST21747,Patna,Student
CUST21748,Mysore,Student
CUST21749,Patna,Corporate
CUST21750,Coimbatore,Consumer
CUST21751,Chennai,Consumer
CUST21752,Patna,Consumer
CUST21753,Visakhapatnam,Small Business
CUST21754,Jodhpur,Consumer
CUST21755,Mysore,Small Business
CUST21756,Hyderabad,Corporate
CUST21757,Delhi,Small Business
CUST21758,Madurai,Corporate
CUST21759,Trivandrum,Consumer
CUST21760,Mumbai,Student
CUST21761,Gurgaon,Student
CUST21762,Bangalore,Small Business
CUST21763,Chennai,Student
CUST21764,Nashik,Student
CUST21765,Kanpur,Corporate
CUST21766,Mysore,Small Business
CUST21767,Thane,Student
CUST21768,Delhi,Small Business
CUST21769,Trivandrum,Consumer
CUST21770,Rajkot,Consumer
CUST21771,Trivandrum,Corporate
CUST21772,Thane,Consumer
CUST21773,Kolkata,Consumer
CUST21774,Mumbai,Consumer
CUST21775,Lucknow,Student
CUST21776,Mumbai,Small Business
CUST21777,Bangalore,Corporate
CUST21778,Bangalore,Corporate
CUST21779,Rajkot,Corporate
CUST21780,Kolkata,Student
CUST21781,Lucknow,Small Business
CUST21782,Delhi,Consumer
CUST21783,Madurai,Corporate
CUST21784,Chandigarh,Corporate
CUST21785,Noida,Student
CUST21786,Ahmedabad,Corporate
CUST21787,Kanpur,Consumer
CUST21788,Nashik,Student
CUST21789,Lucknow,Consumer
CUST21790,Rajkot,Small Business
CUST21791,Kanpur,Consumer
CUST21792,Ahmedabad,Consumer
CUST21793,Kochi,Small Business
CUST21794,Chennai,Corporate
CUST21795,Kochi,Consumer
CUST21796,Madurai,Student
CUST21797,Mumbai,Student
CUST21798,Chandigarh,Student
CUST21799,Indore,Corporate
CUST21800,Jaipur,Consumer
CUST21801,Jodhpur,Small Business
CUST21802,Kanpur,Small Business
CUST21803,Lucknow,Corporate
CUST21804,Nashik,Corporate
CUST21805,Thane,Student
CUST21806,Jaipur,Student
CUST21807,Madurai,Student
CUST21808,Jodhpur,Corporate
CUST21809,Jodhpur,Small Business
CUST21810,Coimbatore,Small Business
CUST21811,Kanpur,Corporate
CUST21812,Thane,Small Business
CUST21813,Vadodara,Consumer
CUST21814,Pune,Small Business
CUST21815,Mysore,Small Business
CUST21816,Mumbai,Small Business
CUST21817,Mysore,Consumer
CUST21818,Kochi,Corporate
CUST21819,Vadodara,Consumer
CUST21820,Indore,Small Business
CUST21821,Chennai,Small Business
CUST21822,Trivandrum,Small Business
CUST21823,Delhi,Small Business
CUST21824,Vadodara,Student
CUST21825,Kochi,Student
CUST21826,Visakhapatnam,Student
CUST21827,Coimbatore,Student
CUST21828,Kanpur,Student
CUST21829,Kanpur,Corporate
CUST21830,Nagpur,Corporate
CUST21831,Indore,Student
CUST21832,Nagpur,Corporate
CUST21833,Kanpur,Consumer
CUST21834,Nagpur,Small Business
CUST21835,Rajkot,Corporate
CUST21836,Nashik,Small Business
CUST21837,Thane,Consumer
CUST21838,Patna,Corporate
CUST21839,Madurai,Corporate
CUST21840,Indore,Consumer
CUST21841,Pune,Corporate
CUST21842,Pune,Small Business
CUST21843,Vadodara,Corporate
CUST21844,Chennai,Consumer
CUST21845,Kanpur,Small Business
CUST21846,Delhi,Corporate
CUST21847,Chandigarh,Small Business
CUST21848,Madurai,Student
CUST21849,Rajkot,Consumer
CUST21850,Kochi,Student
CUST21851,Indore,Small Business
CUST21852,Gurgaon,Small Business
CUST21853,Jodhpur,Small Business
CUST21854,Chandigarh,Small Business
CUST21855,Delhi,Student
CUST21856,Nagpur,Student
CUST21857,Madurai,Small Business
CUST21858,Coimbatore,Student
CUST21859,Nagpur,Corporate
CUST21860,Nashik,Student
CUST21861,Patna,Consumer
CUST21862,Surat,Corporate
CUST21863,Mysore,Corporate
CUST21864,Madurai,Corporate
CUST21865,Kolkata,Student
CUST21866,Mysore,Consumer
CUST21867,Chandigarh,Corporate
CUST21868,Thane,Corporate
CUST21869,Patna,Corporate
CUST21870,Kanpur,Corporate
CUST21871,Ahmedabad,Small Business
CUST21872,Nagpur,Consumer
CUST21873,Bhopal,Consumer
CUST21874,Jodhpur,Student
CUST21875,Visakhapatnam,Student
CUST21876,Rajkot,Student
CUST21877,Coimbatore,Corporate
CUST21878,Kanpur,Consumer
CUST21879,Mysore,Student
CUST21880,Pune,Consumer
CUST21881,Rajkot,Student
CUST21882,Pune,Student
CUST21883,Jodhpur,Corporate
CUST21884,Noida,Student
CUST21885,Rajkot,Small Business
CUST21886,Jodhpur,Student
CUST21887,Rajkot,Student
CUST21888,Mysore,Student
CUST21889,Madurai,Small Business
CUST21890,Lucknow,Consumer
CUST21891,Nashik,Small Business
CUST21892,Visakhapatnam,Small Business
CUST21893,Visakhapatnam,Small Business
CUST21894,Indore,Small Business
CUST21895,Rajkot,Corporate
CUST21896,Kochi,Consumer
CUST21897,Thane,Student
CUST21898,Jaipur,Corporate
CUST21899,Thane,Student
CUST21900,Bangalore,Small Business
CUST21901,Delhi,Small Business
CUST21902,Kolkata,Corporate
CUST21903,Coimbatore,Student
CUST21904,Mysore,Student
CUST21905,Mysore,Small Business
CUST21906,Lucknow,Small Business
CUST21907,Visakhapatnam,Consumer
CUST21908,Madurai,Corporate
CUST21909,Delhi,Corporate
CUST21910,Patna,Student
CUST21911,Trivandrum,Student
CUST21912,Vadodara,Student
CUST21913,Patna,Corporate
CUST21914,Chandigarh,Student
CUST21915,Coimbatore,Corporate
CUST21916,Gurgaon,Small Business
CUST21917,Vadodara,Small Business
CUST21918,Jodhpur,Small Business
CUST21919,Rajkot,Student
CUST21920,Bangalore,Consumer
CUST21921,Indore,Consumer
CUST21922,Jodhpur,Corporate
CUST21923,Nashik,Small Business
CUST21924,Kanpur,Corporate
CUST21925,Delhi,Small Business
CUST21926,Kochi,Small Business
CUST21927,Lucknow,Consumer
CUST21928,Trivandrum,Student
CUST21929,Thane,Consumer
CUST21930,Nashik,Consumer
CUST21931,Indore,Small Business
CUST21932,Vadodara,Student
CUST21933,Hyderabad,Student
CUST21934,Kochi,Consumer
CUST21935,Delhi,Student
CUST21936,Patna,Consumer
CUST21937,Nagpur,Corporate
CUST21938,Vadodara,Consumer
CUST21939,Indore,Student
CUST21940,Mumbai,Student
CUST21941,Coimbatore,Student
CUST21942,Nashik,Consumer
CUST21943,Ahmedabad,Corporate
CUST21944,Indore,Small Business
CUST21945,Hyderabad,Student
CUST21946,Indore,Consumer
CUST21947,Jaipur,Corporate
CUST21948,Madurai,Small Business
CUST21949,Visakhapatnam,Corporate
CUST21950,Indore,Corporate
CUST21951,Trivandrum,Student
CUST21952,Kolkata,Consumer
CUST21953,Noida,Corporate
CUST21954,Kochi,Small Business
CUST21955,Jodhpur,Student
CUST21956,Delhi,Student
CUST21957,Delhi,Consumer
CUST21958,Indore,Corporate
CUST21959,Kochi,Student
CUST21960,Ahmedabad,Consumer
CUST21961,Surat,Student
CUST21962,Jodhpur,Student
CUST21963,Ahmedabad,Small Business
CUST21964,Jodhpur,Consumer
CUST21965,Mumbai,Student
CUST21966,Visakhapatnam,Corporate
CUST21967,Patna,Corporate
CUST21968,Vadodara,Small Business
CUST21969,Nagpur,Corporate
CUST21970,Kolkata,Corporate
CUST21971,Coimbatore,Corporate
CUST21972,Visakhapatnam,Student
CUST21973,Visakhapatnam,Student
CUST21974,Mysore,Small Business
CUST21975,Hyderabad,Consumer
CUST21976,Patna,Small Business
CUST21977,Coimbatore,Corporate
CUST21978,Rajkot,Corporate
CUST21979,Surat,Corporate
CUST21980,Thane,Small Business
CUST21981,Jodhpur,Small Business
CUST21982,Chennai,Corporate
CUST21983,Vadodara,Student
CUST21984,Hyderabad,Consumer
CUST21985,Indore,Student
CUST21986,Trivandrum,Student
CUST21987,Noida,Corporate
CUST21988,Trivandrum,Consumer
CUST21989,Gurgaon,Consumer
CUST21990,Jodhpur,Student
CUST21991,Vadodara,Consumer
CUST21992,Hyderabad,Small Business
CUST21993,Gurgaon,Small Business
CUST21994,Visakhapatnam,Student
CUST21995,Chennai,Small Business
CUST21996,Bhopal,Student
CUST21997,Kolkata,Consumer
CUST21998,Nagpur,Small Business
CUST21999,Mumbai,Small Business
CUST22000,Chandigarh,Student
CUST22001,Surat,Consumer
CUST22002,Delhi,Small Business
CUST22003,Indore,Consumer
CUST22004,Nashik,Small Business
CUST22005,Mysore,Student
CUST22006,Delhi,Student
CUST22007,Mumbai,Small Business
CUST22008,Noida,Student
CUST22009,Bhopal,Corporate
CUST22010,Mysore,Student
CUST22011,Trivandrum,Corporate
CUST22012,Trivandrum,Corporate
CUST22013,Patna,Consumer
CUST22014,Mysore,Consumer
CUST22015,Chennai,Consumer
CUST22016,Mysore,Consumer
CUST22017,Chandigarh,Consumer
CUST22018,Delhi,Consumer
CUST22019,Chandigarh,Corporate
CUST22020,Bangalore,Student
CUST22021,Mumbai,Corporate
CUST22022,Bhopal,Student
CUST22023,Vadodara,Small Business
CUST22024,Kanpur,Small Business
CUST22025,Nashik,Consumer
CUST22026,Bhopal,Consumer
CUST22027,Hyderabad,Corporate
CUST22028,Mysore,Student
CUST22029,Mysore,Small Business
CUST22030,Trivandrum,Corporate
CUST22031,Lucknow,Student
CUST22032,Coimbatore,Small Business
CUST22033,Visakhapatnam,Corporate
CUST22034,Surat,Consumer
CUST22035,Lucknow,Corporate
CUST22036,Vadodara,Consumer
CUST22037,Bhopal,Student
CUST22038,Indore,Student
CUST22039,Patna,Small Business
CUST22040,Kanpur,Small Business
CUST22041,Surat,Small Business
CUST22042,Bhopal,Corporate
CUST22043,Trivandrum,Consumer
CUST22044,Chennai,Consumer
CUST22045,Chandigarh,Student
CUST22046,Delhi,Student
CUST22047,Noida,Student
CUST22048,Lucknow,Small Business
CUST22049,Mumbai,Small Business
CUST22050,Nashik,Corporate
CUST22051,Ahmedabad,Consumer
CUST22052,Delhi,Corporate
CUST22053,Bhopal,Consumer
CUST22054,Visakhapatnam,Student
CUST22055,Hyderabad,Student
CUST22056,Vadodara,Consumer
CUST22057,Ahmedabad,Small Business
CUST22058,Visakhapatnam,Corporate
CUST22059,Nagpur,Consumer
CUST22060,Surat,Student
CUST22061,Mysore,Corporate
CUST22062,Vadodara,Small Business
CUST22063,Vadodara,Student
CUST22064,Pune,Corporate
CUST22065,Surat,Corporate
CUST22066,Visakhapatnam,Consumer
CUST22067,Lucknow,Small Business
CUST22068,Vadodara,Corporate
CUST22069,Chennai,Consumer
CUST22070,Lucknow,Small Business
CUST22071,Trivandrum,Student
CUST22072,Ahmedabad,Corporate
CUST22073,Pune,Corporate
CUST22074,Chennai,Consumer
CUST22075,Ahmedabad,Student
CUST22076,Nashik,Small Business
CUST22077,Bangalore,Small Business
CUST22078,Kanpur,Consumer
CUST22079,Delhi,Student
CUST22080,Kanpur,Student
CUST22081,Delhi,Student
CUST22082,Bangalore,Corporate
CUST22083,Indore,Corporate
CUST22084,Surat,Student
CUST22085,Ahmedabad,Student
CUST22086,Jaipur,Consumer
CUST22087,Vadodara,Corporate
CUST22088,Pune,Student
CUST22089,Madurai,Consumer
CUST22090,Hyderabad,Student
CUST22091,Mumbai,Corporate
CUST22092,Madurai,Corporate
CUST22093,Hyderabad,Small Business
CUST22094,Mumbai,Small Business
CUST22095,Madurai,Corporate
CUST22096,Vadodara,Small Business
CUST22097,Visakhapatnam,Student
CUST22098,Jaipur,Small Business
CUST22099,Delhi,Corporate
CUST22100,Vadodara,Corporate
CUST22101,Trivandrum,Corporate
CUST22102,Delhi,Corporate
CUST22103,Indore,Consumer
CUST22104,Patna,Corporate
CUST22105,Kolkata,Student
CUST22106,Chandigarh,Corporate
CUST22107,Thane,Small Business
CUST22108,Kochi,Consumer
CUST22109,Thane,Student
CUST22110,Delhi,Student
CUST22111,Jaipur,Consumer
CUST22112,Indore,Student
CUST22113,Mysore,Corporate
CUST22114,Mysore,Corporate
CUST22115,Bhopal,Consumer
CUST22116,Gurgaon,Small Business
CUST22117,Kochi,Small Business
CUST22118,Surat,Corporate
CUST22119,Madurai,Small Business
CUST22120,Coimbatore,Consumer
CUST22121,Indore,Consumer
CUST22122,Delhi,Corporate
CUST22123,Hyderabad,Corporate
CUST22124,Chandigarh,Student
CUST22125,Jaipur,Student
CUST22126,Jodhpur,Student
CUST22127,Mysore,Student
CUST22128,Ahmedabad,Small Business
CUST22129,Bhopal,Small Business
CUST22130,Jaipur,Corporate
CUST22131,Rajkot,Small Business
CUST22132,Coimbatore,Student
CUST22133,Kochi,Student
CUST22134,Noida,Student
CUST22135,Nashik,Consumer
CUST22136,Mumbai,Consumer
CUST22137,Lucknow,Small Business
CUST22138,Pune,Small Business
CUST22139,Bhopal,Small Business
CUST22140,Noida,Student
CUST22141,Visakhapatnam,Student
CUST22142,Gurgaon,Corporate
CUST22143,Lucknow,Corporate
CUST22144,Chandigarh,Corporate
CUST22145,Kolkata,Corporate
CUST22146,Rajkot,Student
CUST22147,Chandigarh,Student
CUST22148,Jodhpur,Student
CUST22149,Bhopal,Small Business
CUST22150,Bhopal,Student
CUST22151,Kochi,Student
CUST22152,Thane,Small Business
CUST22153,Hyderabad,Small Business
CUST22154,Rajkot,Small Business
CUST22155,Madurai,Consumer
CUST22156,Mumbai,Small Business
CUST22157,Madurai,Small Business
CUST22158,Nashik,Small Business
CUST22159,Gurgaon,Corporate
CUST22160,Patna,Corporate
CUST22161,Rajkot,Consumer
CUST22162,Nashik,Consumer
CUST22163,Chandigarh,Small Business
CUST22164,Nashik,Corporate
CUST22165,Coimbatore,Small Business
CUST22166,Surat,Student
CUST22167,Kanpur,Small Business
CUST22168,Delhi,Small Business
CUST22169,Kochi,Consumer
CUST22170,Indore,Student
CUST22171,Coimbatore,Consumer
CUST22172,Patna,Corporate
CUST22173,Indore,Student
CUST22174,Coimbatore,Consumer
CUST22175,Bangalore,Consumer
CUST22176,Hyderabad,Student
CUST22177,Rajkot,Small Business
CUST22178,Chandigarh,Small Business
CUST22179,Visakhapatnam,Student
CUST22180,Kolkata,Corporate
CUST22181,Chandigarh,Student
CUST22182,Gurgaon,Corporate
CUST22183,Visakhapatnam,Consumer
CUST22184,Bangalore,Corporate
CUST22185,Jodhpur,Corporate
CUST22186,Visakhapatnam,Corporate
CUST22187,Bhopal,Corporate
CUST22188,Chennai,Corporate
CUST22189,Hyderabad,Corporate
CUST22190,Kanpur,Corporate
CUST22191,Bhopal,Student
CUST22192,Mysore,Small Business
CUST22193,Hyderabad,Consumer
CUST22194,Visakhapatnam,Corporate
CUST22195,Lucknow,Student
CUST22196,Rajkot,Corporate
CUST22197,Rajkot,Student
CUST22198,Bangalore,Consumer
CUST22199,Coimbatore,Student
CUST22200,Jodhpur,Corporate
CUST22201,Nagpur,Consumer
CUST22202,Pune,Corporate
CUST22203,Nashik,Small Business
CUST22204,Kochi,Student
CUST22205,Gurgaon,Consumer
CUST22206,Thane,Small Business
CUST22207,Nagpur,Consumer
CUST22208,Thane,Corporate
CUST22209,Gurgaon,Corporate
CUST22210,Kochi,Corporate
CUST22211,Mumbai,Student
CUST22212,Thane,Consumer
CUST22213,Bangalore,Consumer
CUST22214,Ahmedabad,Corporate
CUST22215,Mysore,Small Business
CUST22216,Thane,Student
CUST22217,Madurai,Consumer
CUST22218,Jodhpur,Student
CUST22219,Visakhapatnam,Corporate
CUST22220,Trivandrum,Student
CUST22221,Trivandrum,Consumer
CUST22222,Lucknow,Consumer
CUST22223,Chennai,Small Business
CUST22224,Thane,Corporate
CUST22225,Lucknow,Student
CUST22226,Bhopal,Consumer
CUST22227,Nagpur,Small Business
CUST22228,Noida,Consumer
CUST22229,Kolkata,Consumer
CUST22230,Pune,Corporate
CUST22231,Kolkata,Student
CUST22232,Mysore,Consumer
CUST22233,Noida,Consumer
CUST22234,Bangalore,Small Business
CUST22235,Bhopal,Student
CUST22236,Coimbatore,Corporate
CUST22237,Bhopal,Small Business
CUST22238,Rajkot,Small Business
CUST22239,Visakhapatnam,Small Business
CUST22240,Patna,Corporate
CUST22241,Thane,Consumer
CUST22242,Surat,Small Business
CUST22243,Bhopal,Consumer
CUST22244,Delhi,Corporate
CUST22245,Indore,Small Business
CUST22246,Pune,Student
CUST22247,Chandigarh,Consumer
CUST22248,Chandigarh,Consumer
CUST22249,Pune,Corporate
CUST22250,Surat,Corporate
CUST22251,Gurgaon,Corporate
CUST22252,Delhi,Small Business
CUST22253,Mumbai,Consumer
CUST22254,Mysore,Consumer
CUST22255,Ahmedabad,Consumer
CUST22256,Surat,Consumer
CUST22257,Kolkata,Consumer
CUST22258,Patna,Corporate
CUST22259,Kochi,Student
CUST22260,Coimbatore,Consumer
CUST22261,Kolkata,Small Business
CUST22262,Indore,Consumer
CUST22263,Vadodara,Consumer
CUST22264,Kolkata,Consumer
CUST22265,Indore,Corporate
CUST22266,Indore,Student
CUST22267,Patna,Corporate
CUST22268,Nagpur,Student
CUST22269,Pune,Small Business
CUST22270,Nagpur,Corporate
CUST22271,Pune,Student
CUST22272,Mumbai,Consumer
CUST22273,Bangalore,Student
CUST22274,Jaipur,Consumer
CUST22275,Mumbai,Consumer
CUST22276,Kolkata,Consumer
CUST22277,Bangalore,Small Business
CUST22278,Mumbai,Small Business
CUST22279,Hyderabad,Student
CUST22280,Delhi,Corporate
CUST22281,Noida,Small Business
CUST22282,Nashik,Consumer
CUST22283,Nashik,Consumer
CUST22284,Chandigarh,Student
CUST22285,Mysore,Student
CUST22286,Kolkata,Small Business
CUST22287,Thane,Corporate
CUST22288,Chennai,Small Business
CUST22289,Gurgaon,Corporate
CUST22290,Lucknow,Student
CUST22291,Chandigarh,Student
CUST22292,Vadodara,Small Business
CUST22293,Noida,Corporate
CUST22294,Coimbatore,Corporate
CUST22295,Jaipur,Corporate
CUST22296,Thane,Corporate
CUST22297,Delhi,Student
CUST22298,Lucknow,Corporate
CUST22299,Nashik,Consumer
CUST22300,Jodhpur,Small Business
CUST22301,Bangalore,Consumer
CUST22302,Kanpur,Student
CUST22303,Thane,Consumer
CUST22304,Gurgaon,Student
CUST22305,Hyderabad,Small Business
CUST22306,Kanpur,Consumer
CUST22307,Bhopal,Corporate
CUST22308,Kochi,Small Business
CUST22309,Thane,Small Business
CUST22310,Patna,Corporate
CUST22311,Kolkata,Small Business
CUST22312,Kanpur,Student
CUST22313,Madurai,Consumer
CUST22314,Pune,Small Business
CUST22315,Surat,Corporate
CUST22316,Gurgaon,Corporate
CUST22317,Madurai,Student
CUST22318,Gurgaon,Student
CUST22319,Ahmedabad,Student
CUST22320,Patna,Consumer
CUST22321,Jaipur,Student
CUST22322,Madurai,Small Business
CUST22323,Bangalore,Corporate
CUST22324,Surat,Consumer
CUST22325,Surat,Small Business
CUST22326,Nagpur,Corporate
CUST22327,Coimbatore,Student
CUST22328,Trivandrum,Student
CUST22329,Pune,Student
CUST22330,Jodhpur,Corporate
CUST22331,Kanpur,Student
CUST22332,Vadodara,Student
CUST22333,Surat,Consumer
CUST22334,Chandigarh,Corporate
CUST22335,Kolkata,Consumer
CUST22336,Hyderabad,Consumer
CUST22337,Kolkata,Consumer
CUST22338,Mysore,Corporate
CUST22339,Kanpur,Student
CUST22340,Noida,Consumer
CUST22341,Kochi,Student
CUST22342,Rajkot,Student
CUST22343,Mysore,Corporate
CUST22344,Noida,Consumer
CUST22345,Jaipur,Consumer
CUST22346,Madurai,Consumer
CUST22347,Ahmedabad,Student
CUST22348,Lucknow,Consumer
CUST22349,Gurgaon,Small Business
CUST22350,Ahmedabad,Consumer
CUST22351,Bangalore,Consumer
CUST22352,Chennai,Student
CUST22353,Bangalore,Corporate
CUST22354,Hyderabad,Small Business
CUST22355,Rajkot,Small Business
CUST22356,Mysore,Small Business
CUST22357,Jaipur,Consumer
CUST22358,Bangalore,Student
CUST22359,Indore,Corporate
CUST22360,Delhi,Student
CUST22361,Jodhpur,Consumer
CUST22362,Gurgaon,Student
CUST22363,Kanpur,Consumer
CUST22364,Patna,Corporate
CUST22365,Gurgaon,Consumer
CUST22366,Jodhpur,Student
CUST22367,Madurai,Consumer
CUST22368,Patna,Small Business
CUST22369,Nagpur,Corporate
CUST22370,Bangalore,Small Business
CUST22371,Indore,Small Business
CUST22372,Visakhapatnam,Student
CUST22373,Kanpur,Student
CUST22374,Patna,Small Business
CUST22375,Visakhapatnam,Consumer
CUST22376,Bangalore,Consumer
CUST22377,Kolkata,Corporate
CUST22378,Thane,Corporate
CUST22379,Vadodara,Corporate
CUST22380,Hyderabad,Small Business
CUST22381,Madurai,Student
CUST22382,Delhi,Small Business
CUST22383,Ahmedabad,Student
CUST22384,Thane,Student
CUST22385,Kanpur,Consumer
CUST22386,Vadodara,Corporate
CUST22387,Delhi,Consumer
CUST22388,Delhi,Consumer
CUST22389,Jaipur,Small Business
CUST22390,Bhopal,Consumer
CUST22391,Mysore,Small Business
CUST22392,Indore,Student
CUST22393,Ahmedabad,Small Business
CUST22394,Surat,Small Business
CUST22395,Coimbatore,Corporate
CUST22396,Hyderabad,Corporate
CUST22397,Delhi,Consumer
CUST22398,Rajkot,Student
CUST22399,Indore,Small Business
CUST22400,Patna,Corporate
CUST22401,Kochi,Consumer
CUST22402,Hyderabad,Corporate
CUST22403,Kolkata,Corporate
CUST22404,Patna,Student
CUST22405,Kolkata,Corporate
CUST22406,Chandigarh,Consumer
CUST22407,Patna,Small Business
CUST22408,Ahmedabad,Consumer
CUST22409,Nashik,Small Business
CUST22410,Jodhpur,Corporate
CUST22411,Nashik,Consumer
CUST22412,Kanpur,Student
CUST22413,Kanpur,Corporate
CUST22414,Visakhapatnam,Student
CUST22415,Patna,Small Business
CUST22416,Rajkot,Corporate
CUST22417,Mysore,Student
CUST22418,Delhi,Consumer
CUST22419,Bhopal,Consumer
CUST22420,Surat,Small Business
CUST22421,Chandigarh,Consumer
CUST22422,Kochi,Small Business
CUST22423,Mumbai,Student
CUST22424,Rajkot,Student
CUST22425,Coimbatore,Student
CUST22426,Thane,Small Business
CUST22427,Kolkata,Corporate
CUST22428,Vadodara,Small Business
CUST22429,Kochi,Small Business
CUST22430,Kolkata,Student
CUST22431,Pune,Small Business
CUST22432,Gurgaon,Student
CUST22433,Thane,Consumer
CUST22434,Bangalore,Corporate
CUST22435,Jaipur,Small Business
CUST22436,Jaipur,Student
CUST22437,Bhopal,Small Business
CUST22438,Chandigarh,Consumer
CUST22439,Mumbai,Small Business
CUST22440,Visakhapatnam,Corporate
CUST22441,Trivandrum,Small Business
CUST22442,Mysore,Corporate
CUST22443,Jaipur,Consumer
CUST22444,Rajkot,Small Business
CUST22445,Mumbai,Consumer
CUST22446,Patna,Consumer
CUST22447,Ahmedabad,Corporate
CUST22448,Mysore,Small Business
CUST22449,Surat,Student
CUST22450,Jaipur,Consumer
CUST22451,Indore,Student
CUST22452,Mysore,Student
CUST22453,Delhi,Corporate
CUST22454,Surat,Student
CUST22455,Madurai,Student
CUST22456,Jaipur,Small Business
CUST22457,Mysore,Consumer
CUST22458,Mysore,Corporate
CUST22459,Surat,Student
CUST22460,Trivandrum,Corporate
CUST22461,Madurai,Consumer
CUST22462,Nashik,Student
CUST22463,Surat,Corporate
CUST22464,Madurai,Student
CUST22465,Rajkot,Student
CUST22466,Vadodara,Student
CUST22467,Madurai,Student
CUST22468,Bhopal,Corporate
CUST22469,Surat,Student
CUST22470,Bhopal,Small Business
CUST22471,Patna,Corporate
CUST22472,Jodhpur,Small Business
CUST22473,Chandigarh,Small Business
CUST22474,Thane,Small Business
CUST22475,Rajkot,Corporate
CUST22476,Thane,Consumer
CUST22477,Surat,Small Business
CUST22478,Pune,Small Business
CUST22479,Rajkot,Small Business
CUST22480,Pune,Small Business
CUST22481,Jodhpur,Corporate
CUST22482,Gurgaon,Consumer
CUST22483,Visakhapatnam,Corporate
CUST22484,Thane,Student
CUST22485,Hyderabad,Small Business
CUST22486,Gurgaon,Consumer
CUST22487,Kolkata,Consumer
CUST22488,Bangalore,Corporate
CUST22489,Bhopal,Student
CUST22490,Indore,Consumer
CUST22491,Chennai,Corporate
CUST22492,Chennai,Small Business
CUST22493,Jodhpur,Corporate
CUST22494,Chennai,Corporate
CUST22495,Indore,Consumer
CUST22496,Lucknow,Corporate
CUST22497,Pune,Consumer
CUST22498,Visakhapatnam,Corporate
CUST22499,Hyderabad,Corporate
CUST22500,Coimbatore,Consumer
CUST22501,Chandigarh,Student
CUST22502,Lucknow,Corporate
CUST22503,Hyderabad,Small Business
CUST22504,Mumbai,Small Business
CUST22505,Coimbatore,Corporate
CUST22506,Mumbai,Small Business
CUST22507,Pune,Small Business
CUST22508,Kanpur,Small Business
CUST22509,Indore,Small Business
CUST22510,Jaipur,Corporate
CUST22511,Gurgaon,Small Business
CUST22512,Chennai,Small Business
CUST22513,Madurai,Corporate
CUST22514,Nashik,Student
CUST22515,Trivandrum,Corporate
CUST22516,Delhi,Consumer
CUST22517,Patna,Small Business
CUST22518,Vadodara,Student
CUST22519,Hyderabad,Consumer
CUST22520,Patna,Student
CUST22521,Noida,Consumer
CUST22522,Madurai,Small Business
CUST22523,Delhi,Small Business
CUST22524,Kochi,Small Business
CUST22525,Jodhpur,Consumer
CUST22526,Mumbai,Corporate
CUST22527,Kochi,Small Business
CUST22528,Hyderabad,Small Business
CUST22529,Trivandrum,Student
CUST22530,Jodhpur,Corporate
CUST22531,Mysore,Student
CUST22532,Bangalore,Small Business
CUST22533,Coimbatore,Corporate
CUST22534,Nagpur,Corporate
CUST22535,Trivandrum,Corporate
CUST22536,Surat,Consumer
CUST22537,Noida,Corporate
CUST22538,Mumbai,Student
CUST22539,Mysore,Corporate
CUST22540,Jodhpur,Small Business
CUST22541,Delhi,Consumer
CUST22542,Surat,Corporate
CUST22543,Mysore,Consumer
CUST22544,Jaipur,Student
CUST22545,Indore,Student
CUST22546,Bhopal,Student
CUST22547,Rajkot,Student
CUST22548,Visakhapatnam,Student
CUST22549,Kolkata,Student
CUST22550,Coimbatore,Corporate
CUST22551,Lucknow,Consumer
CUST22552,Bhopal,Small Business
CUST22553,Surat,Small Business
CUST22554,Mysore,Student
CUST22555,Indore,Small Business
CUST22556,Thane,Small Business
CUST22557,Kolkata,Student
CUST22558,Kanpur,Corporate
CUST22559,Noida,Consumer
CUST22560,Trivandrum,Corporate
CUST22561,Bangalore,Student
CUST22562,Delhi,Consumer
CUST22563,Rajkot,Consumer
CUST22564,Coimbatore,Small Business
CUST22565,Rajkot,Consumer
CUST22566,Kanpur,Corporate
CUST22567,Ahmedabad,Corporate
CUST22568,Nagpur,Student
CUST22569,Trivandrum,Student
CUST22570,Rajkot,Small Business
CUST22571,Bangalore,Small Business
CUST22572,Kolkata,Corporate
CUST22573,Patna,Small Business
CUST22574,Vadodara,Student
CUST22575,Ahmedabad,Student
CUST22576,Chennai,Consumer
CUST22577,Pune,Small Business
CUST22578,Mumbai,Corporate
CUST22579,Madurai,Student
CUST22580,Jodhpur,Small Business
CUST22581,Pune,Corporate
CUST22582,Patna,Student
CUST22583,Thane,Consumer
CUST22584,Nagpur,Consumer
CUST22585,Ahmedabad,Student
CUST22586,Noida,Consumer
CUST22587,Trivandrum,Corporate
CUST22588,Chennai,Consumer
CUST22589,Vadodara,Consumer
CUST22590,Jaipur,Student
CUST22591,Chennai,Student
CUST22592,Hyderabad,Corporate
CUST22593,Jodhpur,Student
CUST22594,Rajkot,Small Business
CUST22595,Bhopal,Consumer
CUST22596,Coimbatore,Student
CUST22597,Pune,Consumer
CUST22598,Delhi,Consumer
CUST22599,Mysore,Consumer
CUST22600,Ahmedabad,Consumer
CUST22601,Mumbai,Small Business
CUST22602,Rajkot,Small Business
CUST22603,Visakhapatnam,Consumer
CUST22604,Lucknow,Consumer
CUST22605,Trivandrum,Consumer
CUST22606,Kolkata,Corporate
CUST22607,Chandigarh,Small Business
CUST22608,Surat,Corporate
CUST22609,Kanpur,Small Business
CUST22610,Thane,Student
CUST22611,Ahmedabad,Small Business
CUST22612,Indore,Small Business
CUST22613,Visakhapatnam,Student
CUST22614,Bhopal,Student
CUST22615,Vadodara,Corporate
CUST22616,Patna,Corporate
CUST22617,Kochi,Small Business
CUST22618,Ahmedabad,Consumer
CUST22619,Bangalore,Student
CUST22620,Indore,Corporate
CUST22621,Hyderabad,Student
CUST22622,Patna,Corporate
CUST22623,Indore,Student
CUST22624,Nashik,Corporate
CUST22625,Lucknow,Student
CUST22626,Gurgaon,Consumer
CUST22627,Visakhapatnam,Small Business
CUST22628,Coimbatore,Small Business
CUST22629,Nashik,Student
CUST22630,Chennai,Consumer
CUST22631,Patna,Corporate
CUST22632,Bhopal,Student
CUST22633,Lucknow,Consumer
CUST22634,Rajkot,Corporate
CUST22635,Hyderabad,Corporate
CUST22636,Visakhapatnam,Student
CUST22637,Surat,Small Business
CUST22638,Visakhapatnam,Consumer
CUST22639,Rajkot,Corporate
CUST22640,Vadodara,Consumer
CUST22641,Madurai,Consumer
CUST22642,Jodhpur,Small Business
CUST22643,Lucknow,Corporate
CUST22644,Noida,Corporate
CUST22645,Thane,Consumer
CUST22646,Ahmedabad,Small Business
CUST22647,Thane,Consumer
CUST22648,Patna,Student
CUST22649,Mumbai,Consumer
CUST22650,Madurai,Small Business
CUST22651,Thane,Small Business
CUST22652,Nagpur,Student
CUST22653,Coimbatore,Student
CUST22654,Kolkata,Consumer
CUST22655,Nagpur,Consumer
CUST22656,Mysore,Consumer
CUST22657,Chandigarh,Consumer
CUST22658,Indore,Small Business
CUST22659,Mysore,Consumer
CUST22660,Visakhapatnam,Student
CUST22661,Chandigarh,Small Business
CUST22662,Rajkot,Corporate
CUST22663,Delhi,Student
CUST22664,Bangalore,Student
CUST22665,Vadodara,Small Business
CUST22666,Rajkot,Small Business
CUST22667,Rajkot,Corporate
CUST22668,Nashik,Consumer
CUST22669,Coimbatore,Small Business
CUST22670,Thane,Consumer
CUST22671,Jaipur,Consumer
CUST22672,Kochi,Consumer
CUST22673,Patna,Small Business
CUST22674,Kolkata,Corporate
CUST22675,Bangalore,Small Business
CUST22676,Mysore,Consumer
CUST22677,Jodhpur,Student
CUST22678,Lucknow,Consumer
CUST22679,Rajkot,Consumer
CUST22680,Coimbatore,Student
CUST22681,Chandigarh,Small Business
CUST22682,Delhi,Small Business
CUST22683,Chandigarh,Corporate
CUST22684,Indore,Student
CUST22685,Jodhpur,Consumer
CUST22686,Bangalore,Consumer
CUST22687,Mumbai,Consumer
CUST22688,Chennai,Consumer
CUST22689,Indore,Student
CUST22690,Surat,Consumer
CUST22691,Indore,Corporate
CUST22692,Rajkot,Consumer
CUST22693,Madurai,Consumer
CUST22694,Vadodara,Consumer
CUST22695,Nashik,Consumer
CUST22696,Noida,Corporate
CUST22697,Chennai,Small Business
CUST22698,Mumbai,Small Business
CUST22699,Thane,Corporate
CUST22700,Rajkot,Corporate
CUST22701,Lucknow,Consumer
CUST22702,Jodhpur,Consumer
CUST22703,Kolkata,Student
CUST22704,Mysore,Corporate
CUST22705,Thane,Corporate
CUST22706,Pune,Student
CUST22707,Hyderabad,Corporate
CUST22708,Surat,Student
CUST22709,Nagpur,Corporate
CUST22710,Nagpur,Corporate
CUST22711,Jodhpur,Corporate
CUST22712,Thane,Corporate
CUST22713,Indore,Student
CUST22714,Ahmedabad,Consumer
CUST22715,Visakhapatnam,Consumer
CUST22716,Mysore,Corporate
CUST22717,Patna,Consumer
CUST22718,Vadodara,Small Business
CUST22719,Mumbai,Corporate
CUST22720,Ahmedabad,Corporate
CUST22721,Vadodara,Small Business
CUST22722,Bangalore,Small Business
CUST22723,Gurgaon,Student
CUST22724,Jodhpur,Small Business
CUST22725,Kochi,Consumer
CUST22726,Lucknow,Student
CUST22727,Chandigarh,Corporate
CUST22728,Coimbatore,Corporate
CUST22729,Nashik,Consumer
CUST22730,Mysore,Student
CUST22731,Bhopal,Corporate
CUST22732,Jaipur,Consumer
CUST22733,Rajkot,Student
CUST22734,Pune,Consumer
CUST22735,Mysore,Consumer
CUST22736,Delhi,Corporate
CUST22737,Nashik,Corporate
CUST22738,Vadodara,Student
CUST22739,Visakhapatnam,Student
CUST22740,Thane,Consumer
CUST22741,Thane,Consumer
CUST22742,Trivandrum,Student
CUST22743,Ahmedabad,Consumer
CUST22744,Chennai,Student
CUST22745,Kolkata,Small Business
CUST22746,Gurgaon,Corporate
CUST22747,Rajkot,Small Business
CUST22748,Pune,Student
CUST22749,Kolkata,Student
CUST22750,Kolkata,Student
CUST22751,Pune,Consumer
CUST22752,Jaipur,Corporate
CUST22753,Visakhapatnam,Consumer
CUST22754,Surat,Small Business
CUST22755,Nashik,Corporate
CUST22756,Delhi,Corporate
CUST22757,Vadodara,Consumer
CUST22758,Madurai,Student
CUST22759,Bangalore,Corporate
CUST22760,Delhi,Small Business
CUST22761,Vadodara,Student
CUST22762,Patna,Consumer
CUST22763,Madurai,Student
CUST22764,Ahmedabad,Student
CUST22765,Nagpur,Corporate
CUST22766,Indore,Small Business
CUST22767,Chandigarh,Small Business
CUST22768,Rajkot,Small Business
CUST22769,Kochi,Consumer
CUST22770,Kochi,Corporate
CUST22771,Trivandrum,Small Business
CUST22772,Vadodara,Small Business
CUST22773,Chandigarh,Student
CUST22774,Jaipur,Small Business
CUST22775,Mysore,Consumer
CUST22776,Patna,Small Business
CUST22777,Jodhpur,Consumer
CUST22778,Hyderabad,Student
CUST22779,Surat,Student
CUST22780,Nagpur,Corporate
CUST22781,Hyderabad,Small Business
CUST22782,Bangalore,Student
CUST22783,Kochi,Consumer
CUST22784,Vadodara,Small Business
CUST22785,Noida,Student
CUST22786,Madurai,Small Business
CUST22787,Trivandrum,Consumer
CUST22788,Patna,Corporate
CUST22789,Mysore,Small Business
CUST22790,Rajkot,Consumer
CUST22791,Chandigarh,Corporate
CUST22792,Vadodara,Consumer
CUST22793,Ahmedabad,Student
CUST22794,Rajkot,Small Business
CUST22795,Bangalore,Student
CUST22796,Chandigarh,Corporate
CUST22797,Bhopal,Consumer
CUST22798,Mysore,Small Business
CUST22799,Lucknow,Small Business
CUST22800,Lucknow,Consumer
CUST22801,Jodhpur,Corporate
CUST22802,Nagpur,Corporate
CUST22803,Bhopal,Consumer
CUST22804,Kolkata,Small Business
CUST22805,Lucknow,Student
CUST22806,Nagpur,Consumer
CUST22807,Indore,Student
CUST22808,Thane,Small Business
CUST22809,Lucknow,Corporate
CUST22810,Kolkata,Student
CUST22811,Coimbatore,Corporate
CUST22812,Trivandrum,Student
CUST22813,Mumbai,Student
CUST22814,Rajkot,Corporate
CUST22815,Kolkata,Student
CUST22816,Chennai,Student
CUST22817,Rajkot,Corporate
CUST22818,Surat,Consumer
CUST22819,Lucknow,Corporate
CUST22820,Kochi,Consumer
CUST22821,Mumbai,Consumer
CUST22822,Chennai,Small Business
CUST22823,Nagpur,Corporate
CUST22824,Noida,Consumer
CUST22825,Noida,Small Business
CUST22826,Visakhapatnam,Student
CUST22827,Kanpur,Corporate
CUST22828,Surat,Consumer
CUST22829,Vadodara,Small Business
CUST22830,Thane,Consumer
CUST22831,Jodhpur,Consumer
CUST22832,Chandigarh,Student
CUST22833,Mysore,Small Business
CUST22834,Nagpur,Consumer
CUST22835,Gurgaon,Consumer
CUST22836,Vadodara,Consumer
CUST22837,Kolkata,Student
CUST22838,Lucknow,Consumer
CUST22839,Mysore,Small Business
CUST22840,Jodhpur,Student
CUST22841,Noida,Consumer
CUST22842,Kanpur,Consumer
CUST22843,Trivandrum,Small Business
CUST22844,Nagpur,Corporate
CUST22845,Chandigarh,Small Business
CUST22846,Hyderabad,Consumer
CUST22847,Kanpur,Corporate
CUST22848,Visakhapatnam,Small Business
CUST22849,Gurgaon,Small Business
CUST22850,Kochi,Consumer
CUST22851,Rajkot,Small Business
CUST22852,Chennai,Corporate
CUST22853,Trivandrum,Student
CUST22854,Chennai,Consumer
CUST22855,Chennai,Consumer
CUST22856,Jaipur,Consumer
CUST22857,Nagpur,Corporate
CUST22858,Chennai,Small Business
CUST22859,Kolkata,Consumer
CUST22860,Chandigarh,Corporate
CUST22861,Bangalore,Student
CUST22862,Madurai,Small Business
CUST22863,Visakhapatnam,Student
CUST22864,Kanpur,Small Business
CUST22865,Jodhpur,Small Business
CUST22866,Surat,Small Business
CUST22867,Indore,Corporate
CUST22868,Jaipur,Corporate
CUST22869,Indore,Corporate
CUST22870,Jodhpur,Small Business
CUST22871,Chandigarh,Corporate
CUST22872,Patna,Small Business
CUST22873,Kolkata,Consumer
CUST22874,Kanpur,Student
CUST22875,Madurai,Small Business
CUST22876,Kanpur,Corporate
CUST22877,Mumbai,Corporate
CUST22878,Madurai,Student
CUST22879,Vadodara,Consumer
CUST22880,Visakhapatnam,Student
CUST22881,Visakhapatnam,Student
CUST22882,Rajkot,Consumer
CUST22883,Nashik,Corporate
CUST22884,Kanpur,Small Business
CUST22885,Pune,Consumer
CUST22886,Gurgaon,Small Business
CUST22887,Hyderabad,Corporate
CUST22888,Gurgaon,Corporate
CUST22889,Ahmedabad,Corporate
CUST22890,Gurgaon,Student
CUST22891,Patna,Small Business
CUST22892,Bangalore,Student
CUST22893,Bhopal,Corporate
CUST22894,Madurai,Small Business
CUST22895,Kochi,Student
CUST22896,Thane,Small Business
CUST22897,Chandigarh,Small Business
CUST22898,Coimbatore,Consumer
CUST22899,Mumbai,Student
CUST22900,Mumbai,Consumer
CUST22901,Trivandrum,Small Business
CUST22902,Indore,Small Business
CUST22903,Bangalore,Student
CUST22904,Patna,Small Business
CUST22905,Patna,Small Business
CUST22906,Noida,Small Business
CUST22907,Indore,Small Business
CUST22908,Jodhpur,Student
CUST22909,Rajkot,Consumer
CUST22910,Mysore,Corporate
CUST22911,Bangalore,Consumer
CUST22912,Kanpur,Student
CUST22913,Nashik,Consumer
CUST22914,Trivandrum,Consumer
CUST22915,Nashik,Corporate
CUST22916,Patna,Student
CUST22917,Kochi,Consumer
CUST22918,Kanpur,Corporate
CUST22919,Vadodara,Student
CUST22920,Madurai,Consumer
CUST22921,Chennai,Student
CUST22922,Nagpur,Consumer
CUST22923,Visakhapatnam,Corporate
CUST22924,Visakhapatnam,Corporate
CUST22925,Vadodara,Consumer
CUST22926,Patna,Consumer
CUST22927,Bhopal,Small Business
CUST22928,Ahmedabad,Corporate
CUST22929,Surat,Consumer
CUST22930,Mysore,Consumer
CUST22931,Madurai,Student
CUST22932,Madurai,Student
CUST22933,Surat,Student
CUST22934,Rajkot,Corporate
CUST22935,Trivandrum,Student
CUST22936,Vadodara,Small Business
CUST22937,Bangalore,Small Business
CUST22938,Indore,Consumer
CUST22939,Hyderabad,Student
CUST22940,Bhopal,Small Business
CUST22941,Pune,Student
CUST22942,Visakhapatnam,Small Business
CUST22943,Visakhapatnam,Small Business
CUST22944,Indore,Consumer
CUST22945,Patna,Consumer
CUST22946,Vadodara,Consumer
CUST22947,Gurgaon,Consumer
CUST22948,Nagpur,Small Business
CUST22949,Rajkot,Student
CUST22950,Hyderabad,Student
CUST22951,Kanpur,Small Business
CUST22952,Noida,Small Business
CUST22953,Delhi,Student
CUST22954,Patna,Small Business
CUST22955,Kolkata,Consumer
CUST22956,Bangalore,Student
CUST22957,Bangalore,Student
CUST22958,Pune,Small Business
CUST22959,Jodhpur,Student
CUST22960,Lucknow,Small Business
CUST22961,Kolkata,Corporate
CUST22962,Surat,Consumer
CUST22963,Jaipur,Consumer
CUST22964,Jodhpur,Small Business
CUST22965,Vadodara,Student
CUST22966,Ahmedabad,Student
CUST22967,Mysore,Student
CUST22968,Vadodara,Corporate
CUST22969,Visakhapatnam,Consumer
CUST22970,Noida,Consumer
CUST22971,Kochi,Consumer
CUST22972,Chennai,Small Business
CUST22973,Indore,Small Business
CUST22974,Lucknow,Consumer
CUST22975,Kolkata,Small Business
CUST22976,Lucknow,Small Business
CUST22977,Madurai,Consumer
CUST22978,Kolkata,Corporate
CUST22979,Nashik,Small Business
CUST22980,Madurai,Consumer
CUST22981,Mysore,Small Business
CUST22982,Bangalore,Small Business
CUST22983,Patna,Small Business
CUST22984,Hyderabad,Small Business
CUST22985,Noida,Small Business
CUST22986,Thane,Corporate
CUST22987,Surat,Student
CUST22988,Coimbatore,Small Business
CUST22989,Chandigarh,Corporate
CUST22990,Madurai,Consumer
CUST22991,Rajkot,Small Business
CUST22992,Ahmedabad,Corporate
CUST22993,Gurgaon,Student
CUST22994,Gurgaon,Corporate
CUST22995,Mysore,Corporate
CUST22996,Bhopal,Corporate
CUST22997,Mysore,Small Business
CUST22998,Mumbai,Corporate
CUST22999,Gurgaon,Corporate
CUST23000,Kochi,Small Business
CUST23001,Ahmedabad,Corporate
CUST23002,Mysore,Consumer
CUST23003,Vadodara,Corporate
CUST23004,Kanpur,Corporate
CUST23005,Kolkata,Small Business
CUST23006,Kochi,Student
CUST23007,Pune,Student
CUST23008,Bangalore,Corporate
CUST23009,Noida,Corporate
CUST23010,Nashik,Consumer
CUST23011,Ahmedabad,Corporate
CUST23012,Coimbatore,Corporate
CUST23013,Jaipur,Consumer
CUST23014,Jaipur,Consumer
CUST23015,Thane,Corporate
CUST23016,Jodhpur,Consumer
CUST23017,Jodhpur,Student
CUST23018,Madurai,Consumer
CUST23019,Coimbatore,Consumer
CUST23020,Patna,Corporate
CUST23021,Thane,Consumer
CUST23022,Pune,Small Business
CUST23023,Chandigarh,Corporate
CUST23024,Thane,Consumer
CUST23025,Ahmedabad,Consumer
CUST23026,Madurai,Student
CUST23027,Gurgaon,Small Business
CUST23028,Kochi,Consumer
CUST23029,Coimbatore,Student
CUST23030,Ahmedabad,Consumer
CUST23031,Vadodara,Student
CUST23032,Delhi,Student
CUST23033,Rajkot,Student
CUST23034,Coimbatore,Consumer
CUST23035,Chennai,Consumer
CUST23036,Hyderabad,Corporate
CUST23037,Jaipur,Small Business
CUST23038,Kanpur,Corporate
CUST23039,Nashik,Consumer
CUST23040,Trivandrum,Corporate
CUST23041,Jodhpur,Corporate
CUST23042,Rajkot,Small Business
CUST23043,Nashik,Small Business
CUST23044,Lucknow,Consumer
CUST23045,Madurai,Student
CUST23046,Ahmedabad,Student
CUST23047,Lucknow,Corporate
CUST23048,Kanpur,Student
CUST23049,Vadodara,Consumer
CUST23050,Bhopal,Consumer
CUST23051,Rajkot,Consumer
CUST23052,Patna,Consumer
CUST23053,Nagpur,Corporate
CUST23054,Chennai,Small Business
CUST23055,Kolkata,Consumer
CUST23056,Vadodara,Consumer
CUST23057,Nashik,Consumer
CUST23058,Nagpur,Small Business
CUST23059,Thane,Small Business
CUST23060,Surat,Corporate
CUST23061,Hyderabad,Student
CUST23062,Thane,Consumer
CUST23063,Lucknow,Consumer
CUST23064,Nagpur,Consumer
CUST23065,Surat,Consumer
CUST23066,Thane,Student
CUST23067,Bangalore,Small Business
CUST23068,Chandigarh,Student
CUST23069,Chennai,Student
CUST23070,Kanpur,Corporate
CUST23071,Mumbai,Consumer
CUST23072,Thane,Student
CUST23073,Jodhpur,Student
CUST23074,Vadodara,Consumer
CUST23075,Rajkot,Small Business
CUST23076,Nagpur,Student
CUST23077,Mumbai,Small Business
CUST23078,Patna,Consumer
CUST23079,Lucknow,Small Business
CUST23080,Indore,Corporate
CUST23081,Nashik,Corporate
CUST23082,Kochi,Corporate
CUST23083,Indore,Corporate
CUST23084,Lucknow,Small Business
CUST23085,Jodhpur,Small Business
CUST23086,Vadodara,Corporate
CUST23087,Trivandrum,Small Business
CUST23088,Visakhapatnam,Corporate
CUST23089,Gurgaon,Student
CUST23090,Gurgaon,Student
CUST23091,Thane,Small Business
CUST23092,Noida,Student
CUST23093,Indore,Consumer
CUST23094,Madurai,Student
CUST23095,Surat,Student
CUST23096,Trivandrum,Small Business
CUST23097,Gurgaon,Corporate
CUST23098,Vadodara,Consumer
CUST23099,Kolkata,Student
CUST23100,Kanpur,Small Business
CUST23101,Bangalore,Consumer
CUST23102,Ahmedabad,Small Business
CUST23103,Pune,Corporate
CUST23104,Jaipur,Corporate
CUST23105,Ahmedabad,Student
CUST23106,Gurgaon,Student
CUST23107,Nagpur,Consumer
CUST23108,Nashik,Corporate
CUST23109,Bangalore,Consumer
CUST23110,Gurgaon,Corporate
CUST23111,Noida,Student
CUST23112,Thane,Student
CUST23113,Indore,Small Business
CUST23114,Nashik,Corporate
CUST23115,Thane,Small Business
CUST23116,Jodhpur,Student
CUST23117,Delhi,Small Business
CUST23118,Jaipur,Consumer
CUST23119,Madurai,Corporate
CUST23120,Pune,Small Business
CUST23121,Surat,Small Business
CUST23122,Surat,Small Business
CUST23123,Visakhapatnam,Corporate
CUST23124,Pune,Student
CUST23125,Bhopal,Consumer
CUST23126,Thane,Corporate
CUST23127,Hyderabad,Corporate
CUST23128,Jaipur,Student
CUST23129,Visakhapatnam,Small Business
CUST23130,Pune,Consumer
CUST23131,Madurai,Small Business
CUST23132,Thane,Consumer
CUST23133,Mumbai,Corporate
CUST23134,Mumbai,Consumer
CUST23135,Pune,Small Business
CUST23136,Surat,Student
CUST23137,Kochi,Corporate
CUST23138,Delhi,Corporate
CUST23139,Chennai,Corporate
CUST23140,Gurgaon,Student
CUST23141,Trivandrum,Corporate
CUST23142,Patna,Corporate
CUST23143,Rajkot,Consumer
CUST23144,Surat,Consumer
CUST23145,Nashik,Small Business
CUST23146,Thane,Consumer
CUST23147,Kanpur,Corporate
CUST23148,Chandigarh,Corporate
CUST23149,Vadodara,Corporate
CUST23150,Pune,Consumer
CUST23151,Pune,Small Business
CUST23152,Lucknow,Small Business
CUST23153,Rajkot,Consumer
CUST23154,Chandigarh,Consumer
CUST23155,Madurai,Student
CUST23156,Rajkot,Consumer
CUST23157,Kanpur,Consumer
CUST23158,Chandigarh,Small Business
CUST23159,Nashik,Corporate
CUST23160,Chandigarh,Student
CUST23161,Surat,Small Business
CUST23162,Ahmedabad,Small Business
CUST23163,Surat,Corporate
CUST23164,Rajkot,Consumer
CUST23165,Chandigarh,Student
CUST23166,Bangalore,Consumer
CUST23167,Gurgaon,Corporate
CUST23168,Mumbai,Small Business
CUST23169,Pune,Student
CUST23170,Coimbatore,Corporate
CUST23171,Trivandrum,Small Business
CUST23172,Vadodara,Student
CUST23173,Nagpur,Corporate
CUST23174,Patna,Consumer
CUST23175,Indore,Small Business
CUST23176,Bangalore,Consumer
CUST23177,Trivandrum,Corporate
CUST23178,Vadodara,Corporate
CUST23179,Indore,Corporate
CUST23180,Patna,Corporate
CUST23181,Surat,Corporate
CUST23182,Mumbai,Consumer
CUST23183,Lucknow,Corporate
CUST23184,Kochi,Small Business
CUST23185,Madurai,Corporate
CUST23186,Jaipur,Consumer
CUST23187,Trivandrum,Consumer
CUST23188,Bangalore,Corporate
CUST23189,Kanpur,Corporate
CUST23190,Ahmedabad,Corporate
CUST23191,Chandigarh,Corporate
CUST23192,Jodhpur,Student
CUST23193,Kanpur,Student
CUST23194,Delhi,Student
CUST23195,Lucknow,Corporate
CUST23196,Nagpur,Corporate
CUST23197,Jaipur,Corporate
CUST23198,Kanpur,Corporate
CUST23199,Surat,Student
CUST23200,Bangalore,Student
CUST23201,Nashik,Student
CUST23202,Kolkata,Student
CUST23203,Noida,Corporate
CUST23204,Jaipur,Consumer
CUST23205,Indore,Student
CUST23206,Noida,Corporate
CUST23207,Surat,Small Business
CUST23208,Vadodara,Small Business
CUST23209,Surat,Corporate
CUST23210,Coimbatore,Student
CUST23211,Indore,Small Business
CUST23212,Pune,Corporate
CUST23213,Jaipur,Student
CUST23214,Gurgaon,Small Business
CUST23215,Nashik,Consumer
CUST23216,Delhi,Student
CUST23217,Kochi,Small Business
CUST23218,Thane,Corporate
CUST23219,Vadodara,Small Business
CUST23220,Mysore,Student
CUST23221,Hyderabad,Consumer
CUST23222,Delhi,Consumer
CUST23223,Chandigarh,Consumer
CUST23224,Rajkot,Corporate
CUST23225,Trivandrum,Student
CUST23226,Kanpur,Consumer
CUST23227,Trivandrum,Consumer
CUST23228,Surat,Small Business
CUST23229,Mumbai,Consumer
CUST23230,Surat,Student
CUST23231,Nashik,Corporate
CUST23232,Coimbatore,Small Business
CUST23233,Bangalore,Corporate
CUST23234,Ahmedabad,Corporate
CUST23235,Surat,Student
CUST23236,Thane,Consumer
CUST23237,Chandigarh,Corporate
CUST23238,Rajkot,Corporate
CUST23239,Noida,Consumer
CUST23240,Chandigarh,Student
CUST23241,Patna,Student
CUST23242,Lucknow,Corporate
CUST23243,Kochi,Corporate
CUST23244,Visakhapatnam,Small Business
CUST23245,Hyderabad,Corporate
CUST23246,Jaipur,Consumer
CUST23247,Visakhapatnam,Corporate
CUST23248,Jodhpur,Small Business
CUST23249,Delhi,Corporate
CUST23250,Madurai,Consumer
CUST23251,Nagpur,Consumer
CUST23252,Lucknow,Corporate
CUST23253,Madurai,Corporate
CUST23254,Delhi,Consumer
CUST23255,Mumbai,Consumer
CUST23256,Pune,Corporate
CUST23257,Chennai,Corporate
CUST23258,Bhopal,Consumer
CUST23259,Mumbai,Consumer
CUST23260,Delhi,Consumer
CUST23261,Coimbatore,Student
CUST23262,Jodhpur,Consumer
CUST23263,Jaipur,Student
CUST23264,Surat,Small Business
CUST23265,Chennai,Corporate
CUST23266,Indore,Corporate
CUST23267,Trivandrum,Student
CUST23268,Thane,Small Business
CUST23269,Bhopal,Corporate
CUST23270,Vadodara,Corporate
CUST23271,Kanpur,Consumer
CUST23272,Noida,Student
CUST23273,Mysore,Consumer
CUST23274,Jaipur,Corporate
CUST23275,Jodhpur,Consumer
CUST23276,Chandigarh,Consumer
CUST23277,Bangalore,Student
CUST23278,Nashik,Corporate
CUST23279,Chennai,Corporate
CUST23280,Gurgaon,Student
CUST23281,Vadodara,Consumer
CUST23282,Surat,Student
CUST23283,Kochi,Small Business
CUST23284,Kanpur,Small Business
CUST23285,Mysore,Consumer
CUST23286,Rajkot,Student
CUST23287,Visakhapatnam,Student
CUST23288,Nashik,Corporate
CUST23289,Hyderabad,Consumer
CUST23290,Gurgaon,Small Business
CUST23291,Bhopal,Corporate
CUST23292,Coimbatore,Small Business
CUST23293,Chandigarh,Consumer
CUST23294,Bhopal,Corporate
CUST23295,Chennai,Corporate
CUST23296,Kanpur,Student
CUST23297,Noida,Corporate
CUST23298,Kanpur,Corporate
CUST23299,Indore,Consumer
CUST23300,Lucknow,Student
CUST23301,Gurgaon,Small Business
CUST23302,Chennai,Small Business
CUST23303,Hyderabad,Consumer
CUST23304,Hyderabad,Consumer
CUST23305,Bangalore,Consumer
CUST23306,Hyderabad,Small Business
CUST23307,Bhopal,Corporate
CUST23308,Vadodara,Student
CUST23309,Kochi,Corporate
CUST23310,Mysore,Consumer
CUST23311,Trivandrum,Consumer
CUST23312,Pune,Consumer
CUST23313,Trivandrum,Student
CUST23314,Chandigarh,Small Business
CUST23315,Mysore,Corporate
CUST23316,Indore,Consumer
CUST23317,Hyderabad,Corporate
CUST23318,Indore,Corporate
CUST23319,Kochi,Consumer
CUST23320,Thane,Small Business
CUST23321,Gurgaon,Small Business
CUST23322,Nashik,Consumer
CUST23323,Pune,Consumer
CUST23324,Jodhpur,Corporate
CUST23325,Kolkata,Student
CUST23326,Nashik,Student
CUST23327,Rajkot,Corporate
CUST23328,Chennai,Consumer
CUST23329,Hyderabad,Small Business
CUST23330,Kolkata,Corporate
CUST23331,Delhi,Consumer
CUST23332,Pune,Consumer
CUST23333,Nashik,Corporate
CUST23334,Kolkata,Small Business
CUST23335,Mysore,Corporate
CUST23336,Patna,Consumer
CUST23337,Jodhpur,Student
CUST23338,Indore,Consumer
CUST23339,Chennai,Corporate
CUST23340,Nagpur,Small Business
CUST23341,Hyderabad,Corporate
CUST23342,Chandigarh,Small Business
CUST23343,Surat,Corporate
CUST23344,Trivandrum,Student
CUST23345,Chennai,Small Business
CUST23346,Jaipur,Student
CUST23347,Kolkata,Small Business
CUST23348,Jodhpur,Consumer
CUST23349,Lucknow,Corporate
CUST23350,Jaipur,Small Business
CUST23351,Patna,Consumer
CUST23352,Trivandrum,Consumer
CUST23353,Trivandrum,Student
CUST23354,Kanpur,Student
CUST23355,Visakhapatnam,Small Business
CUST23356,Indore,Corporate
CUST23357,Nagpur,Corporate
CUST23358,Chennai,Small Business
CUST23359,Jodhpur,Corporate
CUST23360,Kanpur,Corporate
CUST23361,Rajkot,Corporate
CUST23362,Chennai,Student
CUST23363,Rajkot,Corporate
CUST23364,Madurai,Consumer
CUST23365,Nagpur,Student
CUST23366,Madurai,Small Business
CUST23367,Madurai,Consumer
CUST23368,Vadodara,Consumer
CUST23369,Bhopal,Corporate
CUST23370,Kolkata,Student
CUST23371,Rajkot,Student
CUST23372,Hyderabad,Consumer
CUST23373,Nagpur,Student
CUST23374,Noida,Consumer
CUST23375,Madurai,Student
CUST23376,Rajkot,Consumer
CUST23377,Chennai,Small Business
CUST23378,Rajkot,Corporate
CUST23379,Visakhapatnam,Corporate
CUST23380,Madurai,Consumer
CUST23381,Nagpur,Small Business
CUST23382,Kolkata,Corporate
CUST23383,Vadodara,Consumer
CUST23384,Visakhapatnam,Small Business
CUST23385,Noida,Corporate
CUST23386,Hyderabad,Student
CUST23387,Hyderabad,Small Business
CUST23388,Patna,Student
CUST23389,Rajkot,Small Business
CUST23390,Delhi,Corporate
CUST23391,Rajkot,Student
CUST23392,Rajkot,Consumer
CUST23393,Trivandrum,Small Business
CUST23394,Nashik,Consumer
CUST23395,Vadodara,Consumer
CUST23396,Coimbatore,Small Business
CUST23397,Nashik,Small Business
CUST23398,Visakhapatnam,Consumer
CUST23399,Kochi,Small Business
CUST23400,Bangalore,Student
CUST23401,Nashik,Student
CUST23402,Coimbatore,Small Business
CUST23403,Visakhapatnam,Small Business
CUST23404,Hyderabad,Corporate
CUST23405,Ahmedabad,Student
CUST23406,Mumbai,Small Business
CUST23407,Jodhpur,Student
CUST23408,Patna,Consumer
CUST23409,Thane,Student
CUST23410,Noida,Consumer
CUST23411,Thane,Consumer
CUST23412,Rajkot,Corporate
CUST23413,Gurgaon,Small Business
CUST23414,Nagpur,Small Business
CUST23415,Madurai,Consumer
CUST23416,Bangalore,Student
CUST23417,Surat,Student
CUST23418,Rajkot,Student
CUST23419,Nagpur,Small Business
CUST23420,Kochi,Consumer
CUST23421,Ahmedabad,Consumer
CUST23422,Vadodara,Student
CUST23423,Kanpur,Student
CUST23424,Ahmedabad,Consumer
CUST23425,Hyderabad,Corporate
CUST23426,Nagpur,Corporate
CUST23427,Lucknow,Corporate
CUST23428,Kolkata,Student
CUST23429,Surat,Small Business
CUST23430,Jaipur,Student
CUST23431,Pune,Small Business
CUST23432,Patna,Consumer
CUST23433,Kanpur,Student
CUST23434,Noida,Consumer
CUST23435,Visakhapatnam,Small Business
CUST23436,Trivandrum,Corporate
CUST23437,Jaipur,Small Business
CUST23438,Bangalore,Student
CUST23439,Kolkata,Consumer
CUST23440,Coimbatore,Consumer
CUST23441,Bhopal,Student
CUST23442,Lucknow,Corporate
CUST23443,Madurai,Corporate
CUST23444,Chandigarh,Student
CUST23445,Chandigarh,Student
CUST23446,Noida,Small Business
CUST23447,Chandigarh,Consumer
CUST23448,Pune,Student
CUST23449,Vadodara,Small Business
CUST23450,Surat,Consumer
CUST23451,Pune,Student
CUST23452,Noida,Small Business
CUST23453,Chandigarh,Consumer
CUST23454,Mysore,Student
CUST23455,Delhi,Corporate
CUST23456,Noida,Student
CUST23457,Jaipur,Student
CUST23458,Indore,Small Business
CUST23459,Kolkata,Corporate
CUST23460,Jaipur,Small Business
CUST23461,Kanpur,Consumer
CUST23462,Chennai,Student
CUST23463,Kanpur,Corporate
CUST23464,Jaipur,Small Business
CUST23465,Indore,Corporate
CUST23466,Bangalore,Small Business
CUST23467,Chennai,Consumer
CUST23468,Bangalore,Student
CUST23469,Lucknow,Student
CUST23470,Trivandrum,Small Business
CUST23471,Kanpur,Small Business
CUST23472,Trivandrum,Consumer
CUST23473,Kochi,Consumer
CUST23474,Chandigarh,Small Business
CUST23475,Pune,Corporate
CUST23476,Vadodara,Corporate
CUST23477,Delhi,Student
CUST23478,Lucknow,Small Business
CUST23479,Madurai,Consumer
CUST23480,Indore,Corporate
CUST23481,Chandigarh,Corporate
CUST23482,Jaipur,Small Business
CUST23483,Pune,Student
CUST23484,Kolkata,Consumer
CUST23485,Kochi,Consumer
CUST23486,Patna,Consumer
CUST23487,Indore,Consumer
CUST23488,Vadodara,Consumer
CUST23489,Mumbai,Consumer
CUST23490,Trivandrum,Consumer
CUST23491,Ahmedabad,Student
CUST23492,Visakhapatnam,Small Business
CUST23493,Madurai,Small Business
CUST23494,Delhi,Small Business
CUST23495,Thane,Consumer
CUST23496,Delhi,Student
CUST23497,Nagpur,Consumer
CUST23498,Patna,Consumer
CUST23499,Trivandrum,Student
CUST23500,Bangalore,Corporate
CUST23501,Coimbatore,Corporate
CUST23502,Delhi,Corporate
CUST23503,Rajkot,Small Business
CUST23504,Trivandrum,Corporate
CUST23505,Patna,Corporate
CUST23506,Pune,Corporate
CUST23507,Kanpur,Corporate
CUST23508,Bangalore,Corporate
CUST23509,Gurgaon,Student
CUST23510,Lucknow,Consumer
CUST23511,Madurai,Consumer
CUST23512,Delhi,Consumer
CUST23513,Jaipur,Small Business
CUST23514,Coimbatore,Corporate
CUST23515,Noida,Consumer
CUST23516,Noida,Consumer
CUST23517,Jaipur,Corporate
CUST23518,Mysore,Corporate
CUST23519,Nashik,Corporate
CUST23520,Bhopal,Consumer
CUST23521,Pune,Corporate
CUST23522,Jodhpur,Consumer
CUST23523,Nashik,Small Business
CUST23524,Pune,Student
CUST23525,Visakhapatnam,Student
CUST23526,Ahmedabad,Consumer
CUST23527,Madurai,Consumer
CUST23528,Chandigarh,Consumer
CUST23529,Mumbai,Small Business
CUST23530,Delhi,Student
CUST23531,Nashik,Student
CUST23532,Mumbai,Small Business
CUST23533,Visakhapatnam,Consumer
CUST23534,Trivandrum,Consumer
CUST23535,Jaipur,Student
CUST23536,Rajkot,Student
CUST23537,Kolkata,Small Business
CUST23538,Mumbai,Consumer
CUST23539,Bhopal,Student
CUST23540,Mumbai,Corporate
CUST23541,Kolkata,Consumer
CUST23542,Pune,Corporate
CUST23543,Madurai,Corporate
CUST23544,Madurai,Student
CUST23545,Nashik,Small Business
CUST23546,Surat,Corporate
CUST23547,Pune,Student
CUST23548,Jodhpur,Small Business
CUST23549,Mysore,Small Business
CUST23550,Thane,Student
CUST23551,Lucknow,Consumer
CUST23552,Rajkot,Small Business
CUST23553,Kolkata,Consumer
CUST23554,Mysore,Corporate
CUST23555,Bangalore,Small Business
CUST23556,Jaipur,Consumer
CUST23557,Thane,Corporate
CUST23558,Jodhpur,Student
CUST23559,Indore,Small Business
CUST23560,Delhi,Corporate
CUST23561,Bhopal,Corporate
CUST23562,Mysore,Corporate
CUST23563,Hyderabad,Consumer
CUST23564,Visakhapatnam,Corporate
CUST23565,Chennai,Consumer
CUST23566,Chennai,Small Business
CUST23567,Noida,Small Business
CUST23568,Vadodara,Student
CUST23569,Kolkata,Small Business
CUST23570,Madurai,Student
CUST23571,Nagpur,Small Business
CUST23572,Jaipur,Small Business
CUST23573,Jaipur,Corporate
CUST23574,Nashik,Consumer
CUST23575,Nagpur,Student
CUST23576,Kochi,Corporate
CUST23577,Jaipur,Small Business
CUST23578,Pune,Student
CUST23579,Kochi,Student
CUST23580,Chennai,Small Business
CUST23581,Rajkot,Consumer
CUST23582,Gurgaon,Consumer
CUST23583,Delhi,Small Business
CUST23584,Jaipur,Corporate
CUST23585,Kanpur,Consumer
CUST23586,Coimbatore,Corporate
CUST23587,Rajkot,Consumer
CUST23588,Patna,Corporate
CUST23589,Jaipur,Student
CUST23590,Chennai,Consumer
CUST23591,Indore,Consumer
CUST23592,Bangalore,Corporate
CUST23593,Trivandrum,Student
CUST23594,Lucknow,Small Business
CUST23595,Mysore,Student
CUST23596,Nashik,Consumer
CUST23597,Noida,Small Business
CUST23598,Nashik,Student
CUST23599,Chandigarh,Small Business
CUST23600,Chandigarh,Consumer
CUST23601,Trivandrum,Corporate
CUST23602,Patna,Small Business
CUST23603,Chennai,Corporate
CUST23604,Patna,Small Business
CUST23605,Thane,Corporate
CUST23606,Thane,Consumer
CUST23607,Patna,Corporate
CUST23608,Lucknow,Student
CUST23609,Coimbatore,Consumer
CUST23610,Delhi,Consumer
CUST23611,Coimbatore,Consumer
CUST23612,Trivandrum,Corporate
CUST23613,Gurgaon,Student
CUST23614,Visakhapatnam,Corporate
CUST23615,Bhopal,Student
CUST23616,Visakhapatnam,Consumer
CUST23617,Mumbai,Student
CUST23618,Madurai,Small Business
CUST23619,Chandigarh,Consumer
CUST23620,Nagpur,Consumer
CUST23621,Rajkot,Corporate
CUST23622,Lucknow,Consumer
CUST23623,Hyderabad,Small Business
CUST23624,Surat,Consumer
CUST23625,Rajkot,Consumer
CUST23626,Lucknow,Small Business
CUST23627,Pune,Corporate
CUST23628,Kochi,Student
CUST23629,Trivandrum,Student
CUST23630,Madurai,Consumer
CUST23631,Gurgaon,Small Business
CUST23632,Ahmedabad,Small Business
CUST23633,Mumbai,Student
CUST23634,Lucknow,Small Business
CUST23635,Thane,Consumer
CUST23636,Visakhapatnam,Consumer
CUST23637,Pune,Consumer
CUST23638,Gurgaon,Corporate
CUST23639,Noida,Student
CUST23640,Patna,Corporate
CUST23641,Noida,Student
CUST23642,Kolkata,Corporate
CUST23643,Vadodara,Small Business
CUST23644,Gurgaon,Small Business
CUST23645,Madurai,Student
CUST23646,Patna,Small Business
CUST23647,Surat,Small Business
CUST23648,Coimbatore,Small Business
CUST23649,Surat,Consumer
CUST23650,Vadodara,Consumer
CUST23651,Visakhapatnam,Small Business
CUST23652,Delhi,Corporate
CUST23653,Patna,Small Business
CUST23654,Nagpur,Corporate
CUST23655,Hyderabad,Consumer
CUST23656,Gurgaon,Small Business
CUST23657,Jodhpur,Student
CUST23658,Chandigarh,Student
CUST23659,Vadodara,Student
CUST23660,Pune,Student
CUST23661,Ahmedabad,Consumer
CUST23662,Pune,Consumer
CUST23663,Chandigarh,Student
CUST23664,Surat,Small Business
CUST23665,Ahmedabad,Corporate
CUST23666,Madurai,Corporate
CUST23667,Lucknow,Student
CUST23668,Rajkot,Corporate
CUST23669,Trivandrum,Small Business
CUST23670,Kochi,Consumer
CUST23671,Patna,Small Business
CUST23672,Jodhpur,Corporate
CUST23673,Delhi,Small Business
CUST23674,Ahmedabad,Small Business
CUST23675,Chennai,Small Business
CUST23676,Visakhapatnam,Small Business
CUST23677,Bhopal,Student
CUST23678,Rajkot,Corporate
CUST23679,Coimbatore,Consumer
CUST23680,Hyderabad,Student
CUST23681,Kochi,Student
CUST23682,Surat,Student
CUST23683,Rajkot,Corporate
CUST23684,Mysore,Student
CUST23685,Rajkot,Small Business
CUST23686,Bhopal,Small Business
CUST23687,Hyderabad,Consumer
CUST23688,Ahmedabad,Student
CUST23689,Visakhapatnam,Student
CUST23690,Delhi,Corporate
CUST23691,Vadodara,Consumer
CUST23692,Mysore,Consumer
CUST23693,Delhi,Student
CUST23694,Hyderabad,Corporate
CUST23695,Thane,Corporate
CUST23696,Noida,Small Business
CUST23697,Mumbai,Consumer
CUST23698,Rajkot,Corporate
CUST23699,Delhi,Consumer
CUST23700,Patna,Student
CUST23701,Noida,Student
CUST23702,Kanpur,Consumer
CUST23703,Nashik,Consumer
CUST23704,Kochi,Small Business
CUST23705,Madurai,Student
CUST23706,Lucknow,Small Business
CUST23707,Nagpur,Corporate
CUST23708,Kanpur,Student
CUST23709,Ahmedabad,Corporate
CUST23710,Pune,Consumer
CUST23711,Nagpur,Small Business
CUST23712,Kolkata,Small Business
CUST23713,Nagpur,Consumer
CUST23714,Bangalore,Consumer
CUST23715,Trivandrum,Student
CUST23716,Pune,Consumer
CUST23717,Pune,Consumer
CUST23718,Chandigarh,Consumer
CUST23719,Bhopal,Consumer
CUST23720,Surat,Consumer
CUST23721,Thane,Corporate
CUST23722,Kanpur,Consumer
CUST23723,Mysore,Small Business
CUST23724,Chennai,Consumer
CUST23725,Gurgaon,Consumer
CUST23726,Bhopal,Consumer
CUST23727,Indore,Consumer
CUST23728,Kochi,Small Business
CUST23729,Pune,Student
CUST23730,Trivandrum,Consumer
CUST23731,Hyderabad,Small Business
CUST23732,Vadodara,Small Business
CUST23733,Trivandrum,Student
CUST23734,Lucknow,Corporate
CUST23735,Visakhapatnam,Student
CUST23736,Noida,Corporate
CUST23737,Kanpur,Student
CUST23738,Surat,Consumer
CUST23739,Nashik,Student
CUST23740,Kolkata,Student
CUST23741,Kochi,Corporate
CUST23742,Madurai,Consumer
CUST23743,Pune,Corporate
CUST23744,Nashik,Student
CUST23745,Bangalore,Student
CUST23746,Coimbatore,Student
CUST23747,Pune,Small Business
CUST23748,Noida,Corporate
CUST23749,Hyderabad,Consumer
CUST23750,Madurai,Student
CUST23751,Visakhapatnam,Small Business
CUST23752,Mumbai,Consumer
CUST23753,Chennai,Consumer
CUST23754,Mumbai,Student
CUST23755,Thane,Student
CUST23756,Pune,Student
CUST23757,Nashik,Small Business
CUST23758,Patna,Small Business
CUST23759,Madurai,Consumer
CUST23760,Madurai,Student
CUST23761,Bhopal,Student
CUST23762,Rajkot,Small Business
CUST23763,Patna,Small Business
CUST23764,Patna,Small Business
CUST23765,Jaipur,Student
CUST23766,Thane,Student
CUST23767,Nashik,Student
CUST23768,Kolkata,Corporate
CUST23769,Ahmedabad,Consumer
CUST23770,Nashik,Student
CUST23771,Jaipur,Consumer
CUST23772,Bhopal,Corporate
CUST23773,Pune,Consumer
CUST23774,Mumbai,Consumer
CUST23775,Hyderabad,Small Business
CUST23776,Surat,Corporate
CUST23777,Rajkot,Consumer
CUST23778,Surat,Consumer
CUST23779,Kolkata,Small Business
CUST23780,Kanpur,Small Business
CUST23781,Kanpur,Student
CUST23782,Surat,Corporate
CUST23783,Bhopal,Consumer
CUST23784,Delhi,Small Business
CUST23785,Pune,Student
CUST23786,Nashik,Consumer
CUST23787,Visakhapatnam,Small Business
CUST23788,Surat,Corporate
CUST23789,Kolkata,Consumer
CUST23790,Jaipur,Student
CUST23791,Visakhapatnam,Consumer
CUST23792,Kochi,Consumer
CUST23793,Thane,Small Business
CUST23794,Kolkata,Small Business
CUST23795,Indore,Student
CUST23796,Madurai,Corporate
CUST23797,Rajkot,Small Business
CUST23798,Vadodara,Corporate
CUST23799,Coimbatore,Consumer
CUST23800,Nashik,Consumer
CUST23801,Kolkata,Student
CUST23802,Nagpur,Small Business
CUST23803,Jaipur,Consumer
CUST23804,Hyderabad,Small Business
CUST23805,Chennai,Corporate
CUST23806,Patna,Consumer
CUST23807,Hyderabad,Corporate
CUST23808,Indore,Student
CUST23809,Kochi,Consumer
CUST23810,Kolkata,Consumer
CUST23811,Mumbai,Small Business
CUST23812,Vadodara,Small Business
CUST23813,Rajkot,Student
CUST23814,Coimbatore,Student
CUST23815,Hyderabad,Small Business
CUST23816,Kochi,Small Business
CUST23817,Ahmedabad,Small Business
CUST23818,Mysore,Corporate
CUST23819,Kanpur,Student
CUST23820,Noida,Small Business
CUST23821,Delhi,Corporate
CUST23822,Pune,Corporate
CUST23823,Ahmedabad,Consumer
CUST23824,Visakhapatnam,Consumer
CUST23825,Bhopal,Corporate
CUST23826,Lucknow,Student
CUST23827,Nagpur,Small Business
CUST23828,Ahmedabad,Student
CUST23829,Nashik,Consumer
CUST23830,Kolkata,Corporate
CUST23831,Madurai,Small Business
CUST23832,Mysore,Consumer
CUST23833,Mysore,Corporate
CUST23834,Pune,Student
CUST23835,Madurai,Consumer
CUST23836,Kolkata,Corporate
CUST23837,Nashik,Corporate
CUST23838,Mumbai,Small Business
CUST23839,Bhopal,Consumer
CUST23840,Nagpur,Small Business
CUST23841,Madurai,Student
CUST23842,Bangalore,Consumer
CUST23843,Trivandrum,Consumer
CUST23844,Trivandrum,Small Business
CUST23845,Gurgaon,Small Business
CUST23846,Nagpur,Small Business
CUST23847,Kanpur,Student
CUST23848,Patna,Student
CUST23849,Vadodara,Small Business
CUST23850,Bhopal,Small Business
CUST23851,Nagpur,Corporate
CUST23852,Trivandrum,Student
CUST23853,Trivandrum,Small Business
CUST23854,Gurgaon,Corporate
CUST23855,Chandigarh,Student
CUST23856,Trivandrum,Student
CUST23857,Delhi,Consumer
CUST23858,Trivandrum,Small Business
CUST23859,Mysore,Small Business
CUST23860,Kolkata,Student
CUST23861,Ahmedabad,Small Business
CUST23862,Mysore,Small Business
CUST23863,Coimbatore,Student
CUST23864,Noida,Corporate
CUST23865,Ahmedabad,Corporate
CUST23866,Jaipur,Corporate
CUST23867,Pune,Student
CUST23868,Thane,Corporate
CUST23869,Ahmedabad,Consumer
CUST23870,Lucknow,Student
CUST23871,Coimbatore,Consumer
CUST23872,Bhopal,Corporate
CUST23873,Visakhapatnam,Consumer
CUST23874,Hyderabad,Student
CUST23875,Pune,Consumer
CUST23876,Kolkata,Consumer
CUST23877,Chennai,Student
CUST23878,Vadodara,Consumer
CUST23879,Madurai,Consumer
CUST23880,Vadodara,Corporate
CUST23881,Thane,Small Business
CUST23882,Bangalore,Consumer
CUST23883,Madurai,Corporate
CUST23884,Kanpur,Small Business
CUST23885,Madurai,Student
CUST23886,Bhopal,Small Business
CUST23887,Chennai,Consumer
CUST23888,Kochi,Corporate
CUST23889,Vadodara,Consumer
CUST23890,Coimbatore,Corporate
CUST23891,Jaipur,Small Business
CUST23892,Patna,Student
CUST23893,Ahmedabad,Small Business
CUST23894,Chennai,Corporate
CUST23895,Indore,Student
CUST23896,Ahmedabad,Corporate
CUST23897,Nashik,Small Business
CUST23898,Mumbai,Student
CUST23899,Thane,Consumer
CUST23900,Hyderabad,Small Business
CUST23901,Mumbai,Corporate
CUST23902,Mumbai,Consumer
CUST23903,Kochi,Student
CUST23904,Madurai,Student
CUST23905,Bangalore,Small Business
CUST23906,Rajkot,Small Business
CUST23907,Madurai,Corporate
CUST23908,Nagpur,Small Business
CUST23909,Thane,Consumer
CUST23910,Nashik,Consumer
CUST23911,Jaipur,Consumer
CUST23912,Chennai,Consumer
CUST23913,Kolkata,Small Business
CUST23914,Nagpur,Corporate
CUST23915,Hyderabad,Student
CUST23916,Noida,Consumer
CUST23917,Trivandrum,Consumer
CUST23918,Bhopal,Corporate
CUST23919,Visakhapatnam,Student
CUST23920,Nashik,Consumer
CUST23921,Vadodara,Small Business
CUST23922,Ahmedabad,Corporate
CUST23923,Pune,Small Business
CUST23924,Chennai,Small Business
CUST23925,Kanpur,Student
CUST23926,Kolkata,Student
CUST23927,Vadodara,Consumer
CUST23928,Mumbai,Student
CUST23929,Trivandrum,Corporate
CUST23930,Chennai,Small Business
CUST23931,Pune,Student
CUST23932,Nashik,Consumer
CUST23933,Gurgaon,Consumer
CUST23934,Madurai,Corporate
CUST23935,Patna,Corporate
CUST23936,Noida,Corporate
CUST23937,Kochi,Corporate
CUST23938,Pune,Student
CUST23939,Chennai,Small Business
CUST23940,Ahmedabad,Student
CUST23941,Kolkata,Small Business
CUST23942,Mysore,Consumer
CUST23943,Jaipur,Student
CUST23944,Jaipur,Corporate
CUST23945,Delhi,Small Business
CUST23946,Indore,Small Business
CUST23947,Madurai,Student
CUST23948,Nashik,Corporate
CUST23949,Trivandrum,Consumer
CUST23950,Rajkot,Student
CUST23951,Nagpur,Consumer
CUST23952,Kolkata,Small Business
CUST23953,Pune,Corporate
CUST23954,Kanpur,Consumer
CUST23955,Kolkata,Consumer
CUST23956,Pune,Student
CUST23957,Hyderabad,Small Business
CUST23958,Indore,Corporate
CUST23959,Kochi,Consumer
CUST23960,Madurai,Small Business
CUST23961,Vadodara,Corporate
CUST23962,Kanpur,Student
CUST23963,Jaipur,Corporate
CUST23964,Vadodara,Consumer
CUST23965,Madurai,Corporate
CUST23966,Patna,Student
CUST23967,Vadodara,Corporate
CUST23968,Rajkot,Consumer
CUST23969,Surat,Small Business
CUST23970,Gurgaon,Small Business
CUST23971,Kolkata,Consumer
CUST23972,Chandigarh,Consumer
CUST23973,Pune,Consumer
CUST23974,Kanpur,Student
CUST23975,Nashik,Consumer
CUST23976,Kolkata,Student
CUST23977,Vadodara,Corporate
CUST23978,Gurgaon,Corporate
CUST23979,Indore,Consumer
CUST23980,Ahmedabad,Corporate
CUST23981,Vadodara,Consumer
CUST23982,Jodhpur,Student
CUST23983,Patna,Small Business
CUST23984,Chandigarh,Student
CUST23985,Visakhapatnam,Corporate
CUST23986,Lucknow,Small Business
CUST23987,Kochi,Student
CUST23988,Chennai,Student
CUST23989,Trivandrum,Student
CUST23990,Thane,Consumer
CUST23991,Pune,Corporate
CUST23992,Surat,Corporate
CUST23993,Noida,Corporate
CUST23994,Pune,Corporate
CUST23995,Lucknow,Corporate
CUST23996,Patna,Small Business
CUST23997,Vadodara,Consumer
CUST23998,Jodhpur,Consumer
CUST23999,Madurai,Small Business
CUST24000,Trivandrum,Consumer
CUST24001,Kochi,Student
CUST24002,Pune,Student
CUST24003,Delhi,Corporate
CUST24004,Thane,Consumer
CUST24005,Nashik,Student
CUST24006,Rajkot,Corporate
CUST24007,Kolkata,Small Business
CUST24008,Kolkata,Student
CUST24009,Vadodara,Consumer
CUST24010,Trivandrum,Consumer
CUST24011,Noida,Corporate
CUST24012,Jodhpur,Small Business
CUST24013,Indore,Small Business
CUST24014,Bangalore,Corporate
CUST24015,Hyderabad,Student
CUST24016,Chennai,Corporate
CUST24017,Chandigarh,Student
CUST24018,Chandigarh,Small Business
CUST24019,Hyderabad,Corporate
CUST24020,Gurgaon,Student
CUST24021,Kochi,Consumer
CUST24022,Chandigarh,Consumer
CUST24023,Mumbai,Corporate
CUST24024,Bangalore,Corporate
CUST24025,Thane,Corporate
CUST24026,Indore,Student
CUST24027,Rajkot,Small Business
CUST24028,Vadodara,Small Business
CUST24029,Pune,Small Business
CUST24030,Delhi,Small Business
CUST24031,Bangalore,Corporate
CUST24032,Patna,Consumer
CUST24033,Indore,Student
CUST24034,Kanpur,Consumer
CUST24035,Mysore,Student
CUST24036,Kochi,Corporate
CUST24037,Pune,Student
CUST24038,Vadodara,Small Business
CUST24039,Jaipur,Consumer
CUST24040,Noida,Small Business
CUST24041,Visakhapatnam,Consumer
CUST24042,Visakhapatnam,Small Business
CUST24043,Pune,Consumer
CUST24044,Coimbatore,Consumer
CUST24045,Nagpur,Student
CUST24046,Hyderabad,Consumer
CUST24047,Delhi,Small Business
CUST24048,Hyderabad,Corporate
CUST24049,Lucknow,Corporate
CUST24050,Nashik,Corporate
CUST24051,Kolkata,Student
CUST24052,Madurai,Student
CUST24053,Kolkata,Small Business
CUST24054,Pune,Consumer
CUST24055,Delhi,Small Business
CUST24056,Lucknow,Small Business
CUST24057,Mysore,Student
CUST24058,Indore,Small Business
CUST24059,Indore,Corporate
CUST24060,Madurai,Consumer
CUST24061,Madurai,Consumer
CUST24062,Vadodara,Consumer
CUST24063,Bhopal,Corporate
CUST24064,Nagpur,Consumer
CUST24065,Kanpur,Student
CUST24066,Jaipur,Corporate
CUST24067,Noida,Corporate
CUST24068,Patna,Small Business
CUST24069,Mysore,Student
CUST24070,Noida,Student
CUST24071,Jaipur,Corporate
CUST24072,Coimbatore,Corporate
CUST24073,Indore,Corporate
CUST24074,Kochi,Small Business
CUST24075,Gurgaon,Consumer
CUST24076,Bhopal,Student
CUST24077,Delhi,Student
CUST24078,Surat,Student
CUST24079,Kolkata,Small Business
CUST24080,Nagpur,Consumer
CUST24081,Chandigarh,Small Business
CUST24082,Hyderabad,Student
CUST24083,Pune,Small Business
CUST24084,Nashik,Consumer
CUST24085,Surat,Small Business
CUST24086,Kolkata,Consumer
CUST24087,Nashik,Student
CUST24088,Vadodara,Student
CUST24089,Kolkata,Student
CUST24090,Lucknow,Corporate
CUST24091,Gurgaon,Student
CUST24092,Indore,Consumer
CUST24093,Visakhapatnam,Consumer
CUST24094,Trivandrum,Consumer
CUST24095,Kanpur,Consumer
CUST24096,Vadodara,Consumer
CUST24097,Madurai,Small Business
CUST24098,Thane,Small Business
CUST24099,Jaipur,Student
CUST24100,Surat,Small Business
CUST24101,Coimbatore,Consumer
CUST24102,Pune,Consumer
CUST24103,Jaipur,Small Business
CUST24104,Chandigarh,Consumer
CUST24105,Delhi,Corporate
CUST24106,Trivandrum,Student
CUST24107,Delhi,Student
CUST24108,Pune,Small Business
CUST24109,Kochi,Student
CUST24110,Surat,Student
CUST24111,Mysore,Small Business
CUST24112,Mysore,Corporate
CUST24113,Bhopal,Consumer
CUST24114,Bhopal,Consumer
CUST24115,Trivandrum,Small Business
CUST24116,Delhi,Student
CUST24117,Trivandrum,Consumer
CUST24118,Pune,Consumer
CUST24119,Chennai,Small Business
CUST24120,Patna,Consumer
CUST24121,Trivandrum,Consumer
CUST24122,Coimbatore,Consumer
CUST24123,Indore,Small Business
CUST24124,Vadodara,Corporate
CUST24125,Nagpur,Student
CUST24126,Pune,Small Business
CUST24127,Ahmedabad,Corporate
CUST24128,Madurai,Small Business
CUST24129,Delhi,Corporate
CUST24130,Thane,Corporate
CUST24131,Mumbai,Small Business
CUST24132,Nashik,Student
CUST24133,Mysore,Small Business
CUST24134,Jodhpur,Student
CUST24135,Surat,Student
CUST24136,Coimbatore,Student
CUST24137,Bangalore,Consumer
CUST24138,Indore,Consumer
CUST24139,Coimbatore,Student
CUST24140,Chennai,Small Business
CUST24141,Bhopal,Corporate
CUST24142,Bhopal,Small Business
CUST24143,Jaipur,Student
CUST24144,Bangalore,Consumer
CUST24145,Trivandrum,Corporate
CUST24146,Trivandrum,Student
CUST24147,Rajkot,Consumer
CUST24148,Thane,Consumer
CUST24149,Chennai,Student
CUST24150,Nashik,Consumer
CUST24151,Patna,Student
CUST24152,Trivandrum,Corporate
CUST24153,Delhi,Student
CUST24154,Indore,Consumer
CUST24155,Trivandrum,Consumer
CUST24156,Pune,Student
CUST24157,Bangalore,Student
CUST24158,Bangalore,Small Business
CUST24159,Ahmedabad,Small Business
CUST24160,Bhopal,Student
CUST24161,Patna,Student
CUST24162,Bhopal,Student
CUST24163,Gurgaon,Corporate
CUST24164,Hyderabad,Small Business
CUST24165,Mumbai,Consumer
CUST24166,Rajkot,Small Business
CUST24167,Vadodara,Corporate
CUST24168,Noida,Small Business
CUST24169,Nagpur,Corporate
CUST24170,Nashik,Small Business
CUST24171,Rajkot,Consumer
CUST24172,Kolkata,Consumer
CUST24173,Pune,Consumer
CUST24174,Noida,Consumer
CUST24175,Lucknow,Consumer
CUST24176,Indore,Small Business
CUST24177,Lucknow,Student
CUST24178,Vadodara,Consumer
CUST24179,Mumbai,Consumer
CUST24180,Delhi,Consumer
CUST24181,Rajkot,Small Business
CUST24182,Surat,Consumer
CUST24183,Thane,Small Business
CUST24184,Kolkata,Corporate
CUST24185,Pune,Small Business
CUST24186,Delhi,Small Business
CUST24187,Thane,Small Business
CUST24188,Mumbai,Student
CUST24189,Chennai,Corporate
CUST24190,Chennai,Student
CUST24191,Noida,Student
CUST24192,Mysore,Small Business
CUST24193,Bangalore,Corporate
CUST24194,Madurai,Small Business
CUST24195,Kanpur,Student
CUST24196,Mysore,Consumer
CUST24197,Gurgaon,Student
CUST24198,Lucknow,Corporate
CUST24199,Kochi,Corporate
CUST24200,Chandigarh,Consumer
CUST24201,Rajkot,Student
CUST24202,Coimbatore,Corporate
CUST24203,Nagpur,Consumer
CUST24204,Coimbatore,Student
CUST24205,Noida,Consumer
CUST24206,Kanpur,Student
CUST24207,Hyderabad,Small Business
CUST24208,Bhopal,Consumer
CUST24209,Bangalore,Corporate
CUST24210,Bangalore,Corporate
CUST24211,Kanpur,Consumer
CUST24212,Rajkot,Student
CUST24213,Mumbai,Consumer
CUST24214,Indore,Small Business
CUST24215,Lucknow,Small Business
CUST24216,Chandigarh,Student
CUST24217,Coimbatore,Corporate
CUST24218,Nagpur,Consumer
CUST24219,Mysore,Consumer
CUST24220,Chennai,Student
CUST24221,Hyderabad,Student
CUST24222,Coimbatore,Corporate
CUST24223,Visakhapatnam,Student
CUST24224,Patna,Consumer
CUST24225,Kochi,Consumer
CUST24226,Pune,Corporate
CUST24227,Trivandrum,Consumer
CUST24228,Delhi,Student
CUST24229,Chandigarh,Consumer
CUST24230,Jodhpur,Corporate
CUST24231,Mysore,Student
CUST24232,Lucknow,Corporate
CUST24233,Kolkata,Small Business
CUST24234,Nagpur,Small Business
CUST24235,Mumbai,Consumer
CUST24236,Chennai,Small Business
CUST24237,Thane,Corporate
CUST24238,Nashik,Consumer
CUST24239,Kolkata,Small Business
CUST24240,Surat,Corporate
CUST24241,Bangalore,Small Business
CUST24242,Madurai,Student
CUST24243,Madurai,Corporate
CUST24244,Gurgaon,Corporate
CUST24245,Patna,Corporate
CUST24246,Visakhapatnam,Consumer
CUST24247,Chandigarh,Student
CUST24248,Noida,Small Business
CUST24249,Mysore,Small Business
CUST24250,Trivandrum,Small Business
CUST24251,Kochi,Consumer
CUST24252,Lucknow,Consumer
CUST24253,Chandigarh,Consumer
CUST24254,Bhopal,Corporate
CUST24255,Visakhapatnam,Corporate
CUST24256,Indore,Small Business
CUST24257,Kochi,Consumer
CUST24258,Mysore,Student
CUST24259,Rajkot,Corporate
CUST24260,Indore,Consumer
CUST24261,Chennai,Student
CUST24262,Ahmedabad,Corporate
CUST24263,Hyderabad,Small Business
CUST24264,Chennai,Corporate
CUST24265,Nagpur,Student
CUST24266,Surat,Small Business
CUST24267,Madurai,Consumer
CUST24268,Bangalore,Corporate
CUST24269,Noida,Corporate
CUST24270,Gurgaon,Student
CUST24271,Thane,Consumer
CUST24272,Pune,Corporate
CUST24273,Jodhpur,Consumer
CUST24274,Lucknow,Small Business
CUST24275,Indore,Small Business
CUST24276,Thane,Consumer
CUST24277,Noida,Consumer
CUST24278,Chandigarh,Small Business
CUST24279,Kochi,Corporate
CUST24280,Mumbai,Consumer
CUST24281,Hyderabad,Student
CUST24282,Surat,Consumer
CUST24283,Patna,Consumer
CUST24284,Kanpur,Consumer
CUST24285,Pune,Consumer
CUST24286,Jaipur,Student
CUST24287,Indore,Consumer
CUST24288,Indore,Small Business
CUST24289,Ahmedabad,Corporate
CUST24290,Gurgaon,Corporate
CUST24291,Vadodara,Small Business
CUST24292,Mumbai,Student
CUST24293,Nagpur,Corporate
CUST24294,Bhopal,Small Business
CUST24295,Delhi,Corporate
CUST24296,Madurai,Corporate
CUST24297,Visakhapatnam,Student
CUST24298,Patna,Small Business
CUST24299,Noida,Small Business
CUST24300,Rajkot,Corporate
CUST24301,Kanpur,Small Business
CUST24302,Jaipur,Consumer
CUST24303,Chandigarh,Student
CUST24304,Vadodara,Student
CUST24305,Visakhapatnam,Corporate
CUST24306,Noida,Corporate
CUST24307,Bhopal,Consumer
CUST24308,Hyderabad,Consumer
CUST24309,Kolkata,Corporate
CUST24310,Gurgaon,Consumer
CUST24311,Visakhapatnam,Corporate
CUST24312,Jaipur,Student
CUST24313,Rajkot,Small Business
CUST24314,Lucknow,Small Business
CUST24315,Chennai,Consumer
CUST24316,Visakhapatnam,Corporate
CUST24317,Kanpur,Consumer
CUST24318,Gurgaon,Small Business
CUST24319,Surat,Student
CUST24320,Madurai,Corporate
CUST24321,Bangalore,Corporate
CUST24322,Thane,Corporate
CUST24323,Indore,Student
CUST24324,Noida,Corporate
CUST24325,Madurai,Corporate
CUST24326,Noida,Student
CUST24327,Indore,Student
CUST24328,Jodhpur,Corporate
CUST24329,Chandigarh,Corporate
CUST24330,Delhi,Corporate
CUST24331,Bangalore,Small Business
CUST24332,Rajkot,Small Business
CUST24333,Rajkot,Consumer
CUST24334,Lucknow,Small Business
CUST24335,Lucknow,Consumer
CUST24336,Mumbai,Small Business
CUST24337,Hyderabad,Student
CUST24338,Kochi,Consumer
CUST24339,Surat,Consumer
CUST24340,Hyderabad,Student
CUST24341,Vadodara,Small Business
CUST24342,Kochi,Corporate
CUST24343,Nagpur,Corporate
CUST24344,Kanpur,Small Business
CUST24345,Nagpur,Small Business
CUST24346,Gurgaon,Small Business
CUST24347,Vadodara,Consumer
CUST24348,Madurai,Student
CUST24349,Coimbatore,Corporate
CUST24350,Visakhapatnam,Student
CUST24351,Noida,Student
CUST24352,Kochi,Student
CUST24353,Bangalore,Student
CUST24354,Nagpur,Student
CUST24355,Pune,Small Business
CUST24356,Jodhpur,Small Business
CUST24357,Lucknow,Consumer
CUST24358,Pune,Small Business
CUST24359,Visakhapatnam,Consumer
CUST24360,Kanpur,Small Business
CUST24361,Noida,Corporate
CUST24362,Jodhpur,Corporate
CUST24363,Rajkot,Student
CUST24364,Chandigarh,Corporate
CUST24365,Coimbatore,Student
CUST24366,Visakhapatnam,Corporate
CUST24367,Chandigarh,Student
CUST24368,Thane,Student
CUST24369,Indore,Small Business
CUST24370,Mumbai,Small Business
CUST24371,Thane,Student
CUST24372,Mysore,Small Business
CUST24373,Jodhpur,Corporate
CUST24374,Chennai,Corporate
CUST24375,Patna,Consumer
CUST24376,Bangalore,Consumer
CUST24377,Nashik,Small Business
CUST24378,Jaipur,Corporate
CUST24379,Bhopal,Corporate
CUST24380,Chandigarh,Consumer
CUST24381,Vadodara,Corporate
CUST24382,Vadodara,Student
CUST24383,Trivandrum,Corporate
CUST24384,Bangalore,Student
CUST24385,Bangalore,Corporate
CUST24386,Surat,Small Business
CUST24387,Jodhpur,Consumer
CUST24388,Hyderabad,Student
CUST24389,Indore,Student
CUST24390,Kanpur,Student
CUST24391,Madurai,Corporate
CUST24392,Jaipur,Student
CUST24393,Gurgaon,Small Business
CUST24394,Chennai,Consumer
CUST24395,Kochi,Small Business
CUST24396,Coimbatore,Small Business
CUST24397,Kanpur,Consumer
CUST24398,Gurgaon,Consumer
CUST24399,Mumbai,Small Business
CUST24400,Hyderabad,Corporate
CUST24401,Trivandrum,Consumer
CUST24402,Jodhpur,Small Business
CUST24403,Nagpur,Corporate
CUST24404,Surat,Corporate
CUST24405,Surat,Student
CUST24406,Visakhapatnam,Student
CUST24407,Lucknow,Student
CUST24408,Visakhapatnam,Consumer
CUST24409,Ahmedabad,Corporate
CUST24410,Kolkata,Student
CUST24411,Patna,Small Business
CUST24412,Kanpur,Corporate
CUST24413,Jodhpur,Small Business
CUST24414,Indore,Small Business
CUST24415,Chandigarh,Corporate
CUST24416,Surat,Student
CUST24417,Madurai,Student
CUST24418,Jodhpur,Consumer
CUST24419,Pune,Student
CUST24420,Hyderabad,Corporate
CUST24421,Visakhapatnam,Student
CUST24422,Ahmedabad,Corporate
CUST24423,Madurai,Student
CUST24424,Vadodara,Student
CUST24425,Jaipur,Student
CUST24426,Nashik,Student
CUST24427,Lucknow,Corporate
CUST24428,Thane,Student
CUST24429,Trivandrum,Corporate
CUST24430,Trivandrum,Corporate
CUST24431,Visakhapatnam,Corporate
CUST24432,Surat,Consumer
CUST24433,Coimbatore,Corporate
CUST24434,Lucknow,Corporate
CUST24435,Indore,Corporate
CUST24436,Mysore,Consumer
CUST24437,Hyderabad,Corporate
CUST24438,Madurai,Consumer
CUST24439,Kolkata,Student
CUST24440,Hyderabad,Consumer
CUST24441,Kolkata,Small Business
CUST24442,Hyderabad,Corporate
CUST24443,Kolkata,Student
CUST24444,Jaipur,Corporate
CUST24445,Coimbatore,Small Business
CUST24446,Pune,Consumer
CUST24447,Hyderabad,Student
CUST24448,Surat,Student
CUST24449,Kanpur,Small Business
CUST24450,Nashik,Corporate
CUST24451,Delhi,Consumer
CUST24452,Noida,Corporate
CUST24453,Coimbatore,Student
CUST24454,Ahmedabad,Consumer
CUST24455,Visakhapatnam,Small Business
CUST24456,Madurai,Small Business
CUST24457,Thane,Student
CUST24458,Trivandrum,Corporate
CUST24459,Chennai,Small Business
CUST24460,Patna,Consumer
CUST24461,Vadodara,Consumer
CUST24462,Delhi,Corporate
CUST24463,Lucknow,Corporate
CUST24464,Gurgaon,Small Business
CUST24465,Mumbai,Student
CUST24466,Delhi,Corporate
CUST24467,Chandigarh,Consumer
CUST24468,Thane,Small Business
CUST24469,Hyderabad,Corporate
CUST24470,Lucknow,Consumer
CUST24471,Lucknow,Small Business
CUST24472,Madurai,Corporate
CUST24473,Surat,Student
CUST24474,Chandigarh,Student
CUST24475,Coimbatore,Small Business
CUST24476,Vadodara,Corporate
CUST24477,Rajkot,Corporate
CUST24478,Madurai,Small Business
CUST24479,Mysore,Corporate
CUST24480,Ahmedabad,Small Business
CUST24481,Lucknow,Consumer
CUST24482,Hyderabad,Consumer
CUST24483,Rajkot,Corporate
CUST24484,Nashik,Consumer
CUST24485,Kolkata,Corporate
CUST24486,Noida,Student
CUST24487,Madurai,Small Business
CUST24488,Thane,Student
CUST24489,Trivandrum,Student
CUST24490,Ahmedabad,Student
CUST24491,Coimbatore,Corporate
CUST24492,Mumbai,Consumer
CUST24493,Mysore,Small Business
CUST24494,Thane,Student
CUST24495,Jodhpur,Consumer
CUST24496,Mysore,Corporate
CUST24497,Jaipur,Small Business
CUST24498,Mysore,Student
CUST24499,Rajkot,Corporate
CUST24500,Kolkata,Student
CUST24501,Coimbatore,Corporate
CUST24502,Surat,Student
CUST24503,Indore,Small Business
CUST24504,Chandigarh,Student
CUST24505,Delhi,Consumer
CUST24506,Gurgaon,Student
CUST24507,Rajkot,Consumer
CUST24508,Patna,Consumer
CUST24509,Bhopal,Corporate
CUST24510,Kochi,Small Business
CUST24511,Kanpur,Small Business
CUST24512,Madurai,Corporate
CUST24513,Jaipur,Consumer
CUST24514,Coimbatore,Consumer
CUST24515,Chennai,Small Business
CUST24516,Pune,Small Business
CUST24517,Lucknow,Consumer
CUST24518,Mumbai,Student
CUST24519,Coimbatore,Consumer
CUST24520,Jaipur,Small Business
CUST24521,Jaipur,Student
CUST24522,Jodhpur,Student
CUST24523,Coimbatore,Small Business
CUST24524,Nagpur,Consumer
CUST24525,Madurai,Consumer
CUST24526,Thane,Corporate
CUST24527,Trivandrum,Corporate
CUST24528,Chandigarh,Student
CUST24529,Thane,Consumer
CUST24530,Coimbatore,Corporate
CUST24531,Mumbai,Consumer
CUST24532,Visakhapatnam,Corporate
CUST24533,Rajkot,Consumer
CUST24534,Patna,Consumer
CUST24535,Bangalore,Consumer
CUST24536,Lucknow,Student
CUST24537,Bhopal,Corporate
CUST24538,Chennai,Student
CUST24539,Delhi,Consumer
CUST24540,Trivandrum,Consumer
CUST24541,Hyderabad,Corporate
CUST24542,Visakhapatnam,Student
CUST24543,Mysore,Small Business
CUST24544,Ahmedabad,Small Business
CUST24545,Patna,Consumer
CUST24546,Visakhapatnam,Corporate
CUST24547,Chandigarh,Small Business
CUST24548,Mysore,Consumer
CUST24549,Kolkata,Consumer
CUST24550,Pune,Small Business
CUST24551,Chandigarh,Student
CUST24552,Mysore,Student
CUST24553,Vadodara,Consumer
CUST24554,Madurai,Student
CUST24555,Chennai,Consumer
CUST24556,Indore,Consumer
CUST24557,Hyderabad,Small Business
CUST24558,Noida,Corporate
CUST24559,Nashik,Consumer
CUST24560,Visakhapatnam,Corporate
CUST24561,Trivandrum,Student
CUST24562,Bhopal,Consumer
CUST24563,Mysore,Consumer
CUST24564,Chandigarh,Small Business
CUST24565,Mysore,Student
CUST24566,Nashik,Corporate
CUST24567,Hyderabad,Corporate
CUST24568,Jodhpur,Student
CUST24569,Nagpur,Small Business
CUST24570,Madurai,Consumer
CUST24571,Jaipur,Student
CUST24572,Noida,Small Business
CUST24573,Pune,Small Business
CUST24574,Bangalore,Consumer
CUST24575,Jodhpur,Student
CUST24576,Bhopal,Consumer
CUST24577,Jaipur,Student
CUST24578,Noida,Student
CUST24579,Mumbai,Student
CUST24580,Delhi,Corporate
CUST24581,Kolkata,Small Business
CUST24582,Surat,Small Business
CUST24583,Surat,Small Business
CUST24584,Surat,Corporate
CUST24585,Rajkot,Small Business
CUST24586,Visakhapatnam,Consumer
CUST24587,Patna,Small Business
CUST24588,Lucknow,Small Business
CUST24589,Chennai,Student
CUST24590,Chandigarh,Corporate
CUST24591,Nashik,Student
CUST24592,Vadodara,Student
CUST24593,Madurai,Corporate
CUST24594,Vadodara,Small Business
CUST24595,Bhopal,Consumer
CUST24596,Chennai,Student
CUST24597,Patna,Student
CUST24598,Ahmedabad,Consumer
CUST24599,Nashik,Student
CUST24600,Surat,Student
CUST24601,Mysore,Small Business
CUST24602,Bangalore,Corporate
CUST24603,Mumbai,Consumer
CUST24604,Surat,Consumer
CUST24605,Delhi,Student
CUST24606,Thane,Consumer
CUST24607,Rajkot,Small Business
CUST24608,Kochi,Corporate
CUST24609,Pune,Student
CUST24610,Chandigarh,Small Business
CUST24611,Madurai,Small Business
CUST24612,Kochi,Student
CUST24613,Coimbatore,Consumer
CUST24614,Jodhpur,Consumer
CUST24615,Delhi,Corporate
CUST24616,Kolkata,Consumer
CUST24617,Kochi,Small Business
CUST24618,Gurgaon,Small Business
CUST24619,Ahmedabad,Small Business
CUST24620,Jaipur,Consumer
CUST24621,Noida,Consumer
CUST24622,Trivandrum,Small Business
CUST24623,Bangalore,Small Business
CUST24624,Bangalore,Corporate
CUST24625,Lucknow,Corporate
CUST24626,Jodhpur,Small Business
CUST24627,Gurgaon,Small Business
CUST24628,Kochi,Small Business
CUST24629,Chennai,Corporate
CUST24630,Jaipur,Small Business
CUST24631,Thane,Consumer
CUST24632,Nashik,Small Business
CUST24633,Trivandrum,Student
CUST24634,Visakhapatnam,Small Business
CUST24635,Ahmedabad,Corporate
CUST24636,Thane,Corporate
CUST24637,Gurgaon,Student
CUST24638,Lucknow,Consumer
CUST24639,Nagpur,Student
CUST24640,Gurgaon,Consumer
CUST24641,Bhopal,Consumer
CUST24642,Chandigarh,Corporate
CUST24643,Lucknow,Consumer
CUST24644,Hyderabad,Small Business
CUST24645,Trivandrum,Corporate
CUST24646,Nagpur,Corporate
CUST24647,Hyderabad,Corporate
CUST24648,Jodhpur,Small Business
CUST24649,Nagpur,Student
CUST24650,Kanpur,Corporate
CUST24651,Bhopal,Consumer
CUST24652,Gurgaon,Corporate
CUST24653,Mysore,Small Business
CUST24654,Nashik,Student
CUST24655,Bangalore,Corporate
CUST24656,Jodhpur,Student
CUST24657,Hyderabad,Consumer
CUST24658,Kanpur,Student
CUST24659,Hyderabad,Consumer
CUST24660,Surat,Student
CUST24661,Delhi,Corporate
CUST24662,Vadodara,Student
CUST24663,Bhopal,Student
CUST24664,Surat,Student
CUST24665,Gurgaon,Corporate
CUST24666,Trivandrum,Small Business
CUST24667,Surat,Consumer
CUST24668,Jaipur,Student
CUST24669,Nashik,Consumer
CUST24670,Kanpur,Corporate
CUST24671,Kochi,Corporate
CUST24672,Kolkata,Student
CUST24673,Chandigarh,Small Business
CUST24674,Jaipur,Student
CUST24675,Trivandrum,Consumer
CUST24676,Ahmedabad,Consumer
CUST24677,Rajkot,Small Business
CUST24678,Coimbatore,Corporate
CUST24679,Thane,Consumer
CUST24680,Chennai,Student
CUST24681,Hyderabad,Student
CUST24682,Hyderabad,Consumer
CUST24683,Jaipur,Small Business
CUST24684,Pune,Student
CUST24685,Ahmedabad,Student
CUST24686,Patna,Student
CUST24687,Kanpur,Consumer
CUST24688,Ahmedabad,Student
CUST24689,Rajkot,Small Business
CUST24690,Thane,Consumer
CUST24691,Visakhapatnam,Small Business
CUST24692,Kanpur,Consumer
CUST24693,Patna,Student
CUST24694,Thane,Consumer
CUST24695,Visakhapatnam,Consumer
CUST24696,Visakhapatnam,Corporate
CUST24697,Mysore,Student
CUST24698,Ahmedabad,Small Business
CUST24699,Jodhpur,Corporate
CUST24700,Bangalore,Corporate
CUST24701,Bangalore,Small Business
CUST24702,Visakhapatnam,Consumer
CUST24703,Trivandrum,Corporate
CUST24704,Delhi,Consumer
CUST24705,Jodhpur,Student
CUST24706,Kanpur,Student
CUST24707,Chennai,Consumer
CUST24708,Hyderabad,Consumer
CUST24709,Gurgaon,Consumer
CUST24710,Visakhapatnam,Student
CUST24711,Thane,Student
CUST24712,Surat,Student
CUST24713,Delhi,Consumer
CUST24714,Thane,Small Business
CUST24715,Chandigarh,Consumer
CUST24716,Mumbai,Consumer
CUST24717,Rajkot,Corporate
CUST24718,Nagpur,Small Business
CUST24719,Pune,Student
CUST24720,Vadodara,Small Business
CUST24721,Chennai,Student
CUST24722,Rajkot,Corporate
CUST24723,Indore,Consumer
CUST24724,Rajkot,Consumer
CUST24725,Jodhpur,Small Business
CUST24726,Surat,Corporate
CUST24727,Jaipur,Student
CUST24728,Madurai,Corporate
CUST24729,Ahmedabad,Corporate
CUST24730,Kanpur,Consumer
CUST24731,Trivandrum,Student
CUST24732,Thane,Corporate
CUST24733,Gurgaon,Consumer
CUST24734,Pune,Student
CUST24735,Pune,Corporate
CUST24736,Delhi,Small Business
CUST24737,Chennai,Small Business
CUST24738,Indore,Student
CUST24739,Bangalore,Small Business
CUST24740,Madurai,Corporate
CUST24741,Coimbatore,Student
CUST24742,Kochi,Student
CUST24743,Jaipur,Corporate
CUST24744,Mumbai,Student
CUST24745,Visakhapatnam,Consumer
CUST24746,Surat,Consumer
CUST24747,Noida,Consumer
CUST24748,Indore,Small Business
CUST24749,Nagpur,Student
CUST24750,Surat,Student
CUST24751,Visakhapatnam,Student
CUST24752,Kochi,Student
CUST24753,Chandigarh,Student
CUST24754,Gurgaon,Student
CUST24755,Kochi,Consumer
CUST24756,Pune,Corporate
CUST24757,Nagpur,Corporate
CUST24758,Vadodara,Consumer
CUST24759,Visakhapatnam,Student
CUST24760,Indore,Small Business
CUST24761,Pune,Corporate
CUST24762,Chennai,Student
CUST24763,Ahmedabad,Corporate
CUST24764,Nagpur,Small Business
CUST24765,Indore,Consumer
CUST24766,Bhopal,Student
CUST24767,Delhi,Student
CUST24768,Kanpur,Consumer
CUST24769,Vadodara,Student
CUST24770,Surat,Small Business
CUST24771,Mumbai,Small Business
CUST24772,Gurgaon,Corporate
CUST24773,Kochi,Consumer
CUST24774,Delhi,Student
CUST24775,Bangalore,Student
CUST24776,Madurai,Consumer
CUST24777,Coimbatore,Corporate
CUST24778,Noida,Corporate
CUST24779,Patna,Small Business
CUST24780,Jaipur,Student
CUST24781,Mumbai,Corporate
CUST24782,Vadodara,Corporate
CUST24783,Mumbai,Corporate
CUST24784,Ahmedabad,Student
CUST24785,Noida,Small Business
CUST24786,Trivandrum,Small Business
CUST24787,Trivandrum,Consumer
CUST24788,Chennai,Student
CUST24789,Kanpur,Student
CUST24790,Gurgaon,Consumer
CUST24791,Pune,Corporate
CUST24792,Vadodara,Small Business
CUST24793,Nashik,Consumer
CUST24794,Mysore,Corporate
CUST24795,Thane,Corporate
CUST24796,Lucknow,Corporate
CUST24797,Lucknow,Student
CUST24798,Jodhpur,Student
CUST24799,Gurgaon,Corporate
CUST24800,Patna,Student
CUST24801,Jodhpur,Consumer
CUST24802,Bhopal,Student
CUST24803,Ahmedabad,Corporate
CUST24804,Kolkata,Small Business
CUST24805,Chandigarh,Small Business
CUST24806,Rajkot,Small Business
CUST24807,Visakhapatnam,Corporate
CUST24808,Pune,Small Business
CUST24809,Indore,Consumer
CUST24810,Ahmedabad,Consumer
CUST24811,Patna,Small Business
CUST24812,Surat,Consumer
CUST24813,Visakhapatnam,Small Business
CUST24814,Visakhapatnam,Student
CUST24815,Chennai,Consumer
CUST24816,Vadodara,Student
CUST24817,Noida,Consumer
CUST24818,Nashik,Corporate
CUST24819,Coimbatore,Small Business
CUST24820,Coimbatore,Small Business
CUST24821,Bangalore,Small Business
CUST24822,Bangalore,Student
CUST24823,Indore,Consumer
CUST24824,Surat,Small Business
CUST24825,Pune,Consumer
CUST24826,Bangalore,Small Business
CUST24827,Lucknow,Small Business
CUST24828,Ahmedabad,Student
CUST24829,Patna,Small Business
CUST24830,Hyderabad,Small Business
CUST24831,Bangalore,Corporate
CUST24832,Kolkata,Consumer
CUST24833,Madurai,Small Business
CUST24834,Rajkot,Corporate
CUST24835,Madurai,Small Business
CUST24836,Jodhpur,Corporate
CUST24837,Bangalore,Corporate
CUST24838,Bangalore,Corporate
CUST24839,Trivandrum,Small Business
CUST24840,Madurai,Consumer
CUST24841,Mumbai,Small Business
CUST24842,Madurai,Student
CUST24843,Kolkata,Consumer
CUST24844,Lucknow,Student
CUST24845,Mumbai,Small Business
CUST24846,Visakhapatnam,Student
CUST24847,Kochi,Corporate
CUST24848,Indore,Student
CUST24849,Delhi,Small Business
CUST24850,Bhopal,Student
CUST24851,Hyderabad,Consumer
CUST24852,Kochi,Corporate
CUST24853,Chennai,Consumer
CUST24854,Indore,Corporate
CUST24855,Vadodara,Small Business
CUST24856,Rajkot,Student
CUST24857,Thane,Small Business
CUST24858,Gurgaon,Consumer
CUST24859,Bhopal,Corporate
CUST24860,Pune,Corporate
CUST24861,Nagpur,Student
CUST24862,Patna,Consumer
CUST24863,Thane,Corporate
CUST24864,Jaipur,Small Business
CUST24865,Kolkata,Small Business
CUST24866,Jodhpur,Consumer
CUST24867,Kolkata,Corporate
CUST24868,Surat,Student
CUST24869,Kolkata,Small Business
CUST24870,Chennai,Consumer
CUST24871,Gurgaon,Consumer
CUST24872,Hyderabad,Corporate
CUST24873,Trivandrum,Student
CUST24874,Coimbatore,Student
CUST24875,Mysore,Consumer
CUST24876,Nagpur,Consumer
CUST24877,Lucknow,Consumer
CUST24878,Kanpur,Consumer
CUST24879,Patna,Small Business
CUST24880,Nagpur,Student
CUST24881,Gurgaon,Consumer
CUST24882,Vadodara,Student
CUST24883,Rajkot,Small Business
CUST24884,Bangalore,Corporate
CUST24885,Thane,Small Business
CUST24886,Nagpur,Corporate
CUST24887,Chennai,Student
CUST24888,Visakhapatnam,Corporate
CUST24889,Mysore,Corporate
CUST24890,Thane,Consumer
CUST24891,Rajkot,Corporate
CUST24892,Pune,Consumer
CUST24893,Indore,Corporate
CUST24894,Delhi,Student
CUST24895,Kanpur,Student
CUST24896,Noida,Small Business
CUST24897,Nagpur,Small Business
CUST24898,Madurai,Corporate
CUST24899,Madurai,Consumer
CUST24900,Bhopal,Student
CUST24901,Madurai,Consumer
CUST24902,Nashik,Small Business
CUST24903,Ahmedabad,Small Business
CUST24904,Kanpur,Corporate
CUST24905,Thane,Consumer
CUST24906,Nashik,Corporate
CUST24907,Kolkata,Consumer
CUST24908,Nashik,Consumer
CUST24909,Bhopal,Consumer
CUST24910,Thane,Corporate
CUST24911,Trivandrum,Corporate
CUST24912,Gurgaon,Small Business
CUST24913,Surat,Consumer
CUST24914,Gurgaon,Student
CUST24915,Jaipur,Small Business
CUST24916,Delhi,Small Business
CUST24917,Chandigarh,Small Business
CUST24918,Thane,Student
CUST24919,Hyderabad,Consumer
CUST24920,Indore,Small Business
CUST24921,Jaipur,Small Business
CUST24922,Mumbai,Small Business
CUST24923,Jaipur,Consumer
CUST24924,Bangalore,Small Business
CUST24925,Bangalore,Corporate
CUST24926,Gurgaon,Student
CUST24927,Nashik,Corporate
CUST24928,Ahmedabad,Student
CUST24929,Jaipur,Student
CUST24930,Nashik,Corporate
CUST24931,Jodhpur,Student
CUST24932,Gurgaon,Consumer
CUST24933,Mumbai,Small Business
CUST24934,Kanpur,Small Business
CUST24935,Lucknow,Small Business
CUST24936,Chennai,Corporate
CUST24937,Pune,Consumer
CUST24938,Rajkot,Corporate
CUST24939,Indore,Small Business
CUST24940,Gurgaon,Student
CUST24941,Chennai,Corporate
CUST24942,Patna,Corporate
CUST24943,Nashik,Student
CUST24944,Jodhpur,Corporate
CUST24945,Coimbatore,Small Business
CUST24946,Coimbatore,Consumer
CUST24947,Indore,Student
CUST24948,Surat,Small Business
CUST24949,Bhopal,Small Business
CUST24950,Coimbatore,Corporate
CUST24951,Thane,Small Business
CUST24952,Rajkot,Consumer
CUST24953,Kanpur,Student
CUST24954,Mumbai,Consumer
CUST24955,Kanpur,Student
CUST24956,Jaipur,Student
CUST24957,Bangalore,Small Business
CUST24958,Pune,Student
CUST24959,Coimbatore,Consumer
CUST24960,Vadodara,Corporate
CUST24961,Hyderabad,Corporate
CUST24962,Kanpur,Small Business
CUST24963,Nashik,Consumer
CUST24964,Chandigarh,Student
CUST24965,Vadodara,Student
CUST24966,Jaipur,Corporate
CUST24967,Lucknow,Corporate
CUST24968,Thane,Corporate
CUST24969,Kolkata,Student
CUST24970,Ahmedabad,Corporate
CUST24971,Delhi,Small Business
CUST24972,Chennai,Small Business
CUST24973,Trivandrum,Corporate
CUST24974,Delhi,Small Business
CUST24975,Mumbai,Small Business
CUST24976,Delhi,Small Business
CUST24977,Thane,Small Business
CUST24978,Delhi,Student
CUST24979,Trivandrum,Corporate
CUST24980,Thane,Corporate
CUST24981,Hyderabad,Corporate
CUST24982,Nashik,Student
CUST24983,Noida,Student
CUST24984,Patna,Small Business
CUST24985,Visakhapatnam,Student
CUST24986,Surat,Corporate
CUST24987,Bhopal,Small Business
CUST24988,Rajkot,Corporate
CUST24989,Coimbatore,Student
CUST24990,Delhi,Corporate
CUST24991,Nashik,Corporate
CUST24992,Mysore,Student
CUST24993,Pune,Student
CUST24994,Surat,Corporate
CUST24995,Gurgaon,Small Business
CUST24996,Kolkata,Student
CUST24997,Rajkot,Corporate
CUST24998,Jaipur,Small Business
CUST24999,Jaipur,Corporate
CUST25000,Pune,Small Business
